"Date","Returns"
2017-08-18,-0.042112865483654
2017-08-19,0.00766460073757358
2017-08-20,-0.013053488973032
2017-08-21,-0.0173510855452204
2017-08-22,0.0059583095836313
2017-08-23,0.0181535299791076
2017-08-24,0.0479331424011864
2017-08-25,-0.00821948887482726
2017-08-26,0.0131724368457515
2017-08-27,-0.0063440880256973
2017-08-28,0.0176347320652699
2017-08-29,0.0447558973343103
2017-08-30,-0.00707458800301985
2017-08-31,0.0365880145562922
2017-09-01,0.0230182342096352
2017-09-02,-0.0779954731948909
2017-09-03,0.00822610030856907
2017-09-04,-0.09507933895609
2017-09-05,0.0629410997381523
2017-09-06,0.0563900179478143
2017-09-07,0.0154308868273265
2017-09-08,-0.0911688058299713
2017-09-09,-0.0056172227671496
2017-09-10,-0.0306227871969629
2017-09-11,0.0187321698756637
2017-09-12,-0.0106902557572646
2017-09-13,-0.054038534727658
2017-09-14,-0.21265671116187
2017-09-15,0.148619160083442
2017-09-16,0.00403239947876877
2017-09-17,-0.00403510218512437
2017-09-18,0.0866786630897636
2017-09-19,-0.0314611759096124
2017-09-20,-0.00257105098837407
2017-09-21,-0.0772715508777502
2017-09-22,-0.00391903758114864
2017-09-23,0.0499380449547946
2017-09-24,-0.0322553977522766
2017-09-25,0.0688143501531773
2017-09-26,-0.00984232163823151
2017-09-27,0.0769758277944597
2017-09-28,-0.00442187753670709
2017-09-29,4.5513397116892e-05
2017-09-30,0.0476683798156756
2017-10-01,-6.85166935276982e-06
2017-10-02,0.000347092192997778
2017-10-03,-0.0161108202726989
2017-10-04,-0.0238102293831535
2017-10-05,0.0197253314109176
2017-10-06,0.0176811438258788
2017-10-07,0.0122840489168912
2017-10-08,0.0478961673519738
2017-10-09,0.0311790991625713
2017-10-10,-0.000812956353072991
2017-10-11,0.00799005551181509
2017-10-12,0.118868569386366
2017-10-13,0.039712871383232
2017-10-14,0.0382009249319655
2017-10-15,-0.0276356579081405
2017-10-16,0.00872367457109213
2017-10-17,-0.0290676051601046
2017-10-18,-0.014934922770701
2017-10-19,0.0306991978427096
2017-10-20,0.0557887956033465
2017-10-21,0.00248608767196679
2017-10-22,-0.0125179192147833
2017-10-23,-0.00574586843701042
2017-10-24,-0.0770857292216736
2017-10-25,0.0381455074297072
2017-10-26,0.0297431150957941
2017-10-27,-0.0159823187680583
2017-10-28,-0.00856342064703597
2017-10-29,0.0757897300728061
2017-10-30,-0.00805180388752547
2017-10-31,0.0544498137473273
2017-11-01,0.0440383544700609
2017-11-02,0.0386284082799939
2017-11-03,0.0134504844207086
2017-11-04,0.0334536206710272
2017-11-05,-0.00164330302724736
2017-11-06,-0.0538244555182938
2017-11-07,0.0148204102227751
2017-11-08,0.0332680968381904
2017-11-09,-0.0310127273627199
2017-11-10,-0.0843970483801613
2017-11-11,-0.0410862969444779
2017-11-12,-0.0720313142483597
2017-11-13,0.1067982970486
2017-11-14,0.0167169243992689
2017-11-15,0.0963564365059799
2017-11-16,0.0827294680424568
2017-11-17,-0.0212438331774791
2017-11-18,0.00811717442925364
2017-11-19,0.0349479930766741
2017-11-20,0.0214162031296787
2017-11-21,-0.0113266916315098
2017-11-22,0.0105860374831224
2017-11-23,-0.0229186700134481
2017-11-24,0.0146072745846464
2017-11-25,0.0667797255056666
2017-11-26,0.0480246285326817
2017-11-27,0.0556091117330482
2017-11-28,0.0252535572155903
2017-11-29,-0.0213358528498802
2017-11-30,0.0154743947049525
2017-12-01,0.0916198780922475
2017-12-02,0.00987596270428881
2017-12-03,0.0249747512985863
2017-12-04,0.0363725061134552
2017-12-05,0.0103948744723557
2017-12-06,0.146802250253311
2017-12-07,0.202952215228281
2017-12-08,-0.0442819967650934
2017-12-09,-0.0802058716977481
2017-12-10,0.0165052865473925
2017-12-11,0.107317863177574
2017-12-12,-0.0144504481239274
2017-12-13,-0.0195600999850303
2017-12-14,0.018641634950173
2017-12-15,0.0711654740773753
2017-12-16,0.0853532976067424
2017-12-17,-0.0127832547214055
2017-12-18,-0.000199913724900469
2017-12-19,-0.0864154175671175
2017-12-20,-0.0477367273698537
2017-12-21,-0.0623272065443405
2017-12-22,-0.150602284174882
2017-12-23,-0.00199875304133279
2017-12-24,0.014925650216675
2017-12-25,0.014657971046752
2017-12-26,0.135612810748734
2017-12-27,-0.014705070911333
2017-12-28,-0.0862740851659947
2017-12-29,0.013780543072329
2017-12-30,-0.14484396306564
2017-12-31,0.0976713898061643
2018-01-01,-0.0248282262753126
2018-01-02,0.0923918067270399
2018-01-03,0.0165168909861304
2018-01-04,0.00934192500328912
2018-01-05,0.118868947965845
2018-01-06,0.00642960906357715
2018-01-07,-0.0553883271938851
2018-01-08,-0.0803902390303346
2018-01-09,-0.0343034616397908
2018-01-10,0.0346087321201924
2018-01-11,-0.118686537454003
2018-01-12,0.0371616133478323
2018-01-13,0.0336339275130335
2018-01-14,-0.0531105674292522
2018-01-15,0.00480772292394782
2018-01-16,-0.216880308368607
2018-01-17,0.00811287302797936
2018-01-18,-0.00244365236977195
2018-01-19,0.0457370031323947
2018-01-20,0.109271470388885
2018-01-21,-0.104488149133617
2018-01-22,-0.0691121327179776
2018-01-23,0.00363000375873845
2018-01-24,0.0497466575480257
2018-01-25,-0.0155135615881701
2018-01-26,-0.00774967531050486
2018-01-27,0.035610494304418
2018-01-28,0.0332879848959351
2018-01-29,-0.0543950915824976
2018-01-30,-0.0943985876092466
2018-01-31,0.00463781997538781
2018-02-01,-0.10883108990255
2018-02-02,-0.0388488171614263
2018-02-03,0.0361827973283564
2018-02-04,-0.116919138860657
2018-02-05,-0.164979663763315
2018-02-06,0.0976850136855152
2018-02-07,-0.00696868759335167
2018-02-08,0.0240562545658278
2018-02-09,0.109400125375595
2018-02-10,-0.0174171984329181
2018-02-11,-0.0566610109302434
2018-02-12,0.0989934683256255
2018-02-13,-0.0416390004614868
2018-02-14,0.101264385173986
2018-02-15,0.0565804096495128
2018-02-16,0.0158623806909155
2018-02-17,0.0830278055041749
2018-02-18,-0.0612730128352883
2018-02-19,0.0714972536990519
2018-02-20,0.00429364723937375
2018-02-21,-0.0705874962823732
2018-02-22,-0.061906388740093
2018-02-23,0.0320956961120018
2018-02-24,-0.0440442324402053
2018-02-25,-0.0108388570057567
2018-02-26,0.0737503929610206
2018-02-27,0.0234576908169117
2018-02-28,-0.0231903883044211
2018-03-01,0.0558573859479008
2018-03-02,0.0108384867194555
2018-03-03,0.0378191028154955
2018-03-04,0.00439697342093837
2018-03-05,-0.00531151930098339
2018-03-06,-0.0665562704593246
2018-03-07,-0.0782383951704446
2018-03-08,-0.0665840696328495
2018-03-09,-0.00482631011262846
2018-03-10,-0.0507720770081495
2018-03-11,0.0834573624361141
2018-03-12,-0.0431068012932485
2018-03-13,0.00204142655629624
2018-03-14,-0.113284970415519
2018-03-15,0.00865036001644981
2018-03-16,0.00230531864452566
2018-03-17,-0.0541264105387409
2018-03-18,0.045614499868865
2018-03-19,0.0488495263964506
2018-03-20,0.0354097935518247
2018-03-21,-0.00280753520467236
2018-03-22,-0.0184127101671354
2018-03-23,0.0198781524828551
2018-03-24,-0.0402659398889877
2018-03-25,-0.00901574596303156
2018-03-26,-0.0404671346142624
2018-03-27,-0.0425331565310518
2018-03-28,0.0195359475501178
2018-03-29,-0.114378788004737
2018-03-30,-0.0358837296702603
2018-03-31,0.0121592821624663
2018-04-01,-0.0161466193899518
2018-04-02,0.0350442991318545
2018-04-03,0.0483054878299036
2018-04-04,-0.0858348882950022
2018-04-05,-0.00373557764542909
2018-04-06,-0.0253331076753192
2018-04-07,0.0436322977019881
2018-04-08,0.0175657465403916
2018-04-09,-0.0341000757188716
2018-04-10,0.00897954314265093
2018-04-11,0.0159290900979485
2018-04-12,0.130483087300355
2018-04-13,-0.00577075234354041
2018-04-14,0.0153186143826076
2018-04-15,0.0435423780251849
2018-04-16,-0.0353363699242184
2018-04-17,-0.0225590352497189
2018-04-18,0.0358712816605724
2018-04-19,0.0127653547925473
2018-04-20,0.0676044553974187
2018-04-21,0.00656417484132277
2018-04-22,-0.0144943909644883
2018-04-23,0.0165897096479615
2018-04-24,0.0739778829272808
2018-04-25,-0.0811695562508987
2018-04-26,0.0436781180693195
2018-04-27,-0.0385772767752872
2018-04-28,0.047387906457443
2018-04-29,0.00756650916406798
2018-04-30,-0.018536818726453
2018-05-01,-0.019056680995627
2018-05-02,0.0192545846236953
2018-05-03,0.0528772742674608
2018-05-04,-0.00370017052877536
2018-05-05,0.0153246513810625
2018-05-06,-0.0210006073615592
2018-05-07,-0.0309118226044323
2018-05-08,-0.0191289407661763
2018-05-09,0.0132386961590996
2018-05-10,-0.033620099379986
2018-05-11,-0.069237286059721
2018-05-12,0.00781934905213078
2018-05-13,0.0249370630744803
2018-05-14,-0.0018877884641455
2018-05-15,-0.0235147772138582
2018-05-16,-0.0157220961191236
2018-05-17,-0.0352527974339143
2018-05-18,0.0243666266582707
2018-05-19,-0.000767302278241289
2018-05-20,0.0350252711415013
2018-05-21,-0.017239379358676
2018-05-22,-0.0494196844285462
2018-05-23,-0.0614132037310231
2018-05-24,0.00969168477845095
2018-05-25,-0.015701482964916
2018-05-26,-0.0166375729770287
2018-05-27,0.000685615393908989
2018-05-28,-0.0332473019212891
2018-05-29,0.0497743924611012
2018-05-30,-0.0115022582722553
2018-05-31,0.0146762906299482
2018-06-01,0.00479808357776257
2018-06-02,0.0157010924184853
2018-06-03,0.00966903429778121
2018-06-04,-0.0299023809215235
2018-06-05,0.018264139244927
2018-06-06,0.00442821376009839
2018-06-07,0.00420067953554515
2018-06-08,-0.0114604393246598
2018-06-09,-0.0148010309730218
2018-06-10,-0.102038962066379
2018-06-11,0.015694401256896
2018-06-12,-0.051048241393616
2018-06-13,-0.0370039988334252
2018-06-14,0.0531034140049691
2018-06-15,-0.0379442488638748
2018-06-16,0.0147724097569331
2018-06-17,-0.00531485548962785
2018-06-18,0.0399458369222572
2018-06-19,0.00427393324847358
2018-06-20,0.00300680385790919
2018-06-21,-0.00633071730489654
2018-06-22,-0.105684036520302
2018-06-23,0.0172173457138634
2018-06-24,-0.00211769476755208
2018-06-25,0.0185702775461642
2018-06-26,-0.0294143149196238
2018-06-27,0.0103159501289998
2018-06-28,-0.0466812759721211
2018-06-29,0.0570919800962901
2018-06-30,0.0305314710532549
2018-07-01,-0.00521854375051944
2018-07-02,0.0398569571685989
2018-07-03,-0.0154514219117381
2018-07-04,0.011162758917985
2018-07-05,-0.00881054907261358
2018-07-06,0.0122659461072736
2018-07-07,0.022025674267196
2018-07-08,-0.00666417692937671
2018-07-09,-0.0074741155247473
2018-07-10,-0.0563787153338708
2018-07-11,0.0128065068707635
2018-07-12,-0.0201928841651391
2018-07-13,-0.00577612447044906
2018-07-14,0.00600327795039313
2018-07-15,0.0160289032728702
2018-07-16,0.0566578258813841
2018-07-17,0.0846739978045523
2018-07-18,0.00877051802308593
2018-07-19,0.0113564495565264
2018-07-20,-0.0173852338763183
2018-07-21,0.00831284802166543
2018-07-22,-0.000539423559931862
2018-07-23,0.0431694863012382
2018-07-24,0.083957895934418
2018-07-25,-0.0267440792484894
2018-07-26,-0.0317677953544528
2018-07-27,0.0333480736191305
2018-07-28,0.00444388041603005
2018-07-29,-0.00170844113484314
2018-07-30,-0.00452612076238523
2018-07-31,-0.0557194321230075
2018-08-01,-0.0164784684795176
2018-08-02,-0.01042553901822
2018-08-03,-0.0143105351679385
2018-08-04,-0.0566997469259451
2018-08-05,0.00204502983122445
2018-08-06,-0.0128048079501202
2018-08-07,-0.0314580150641159
2018-08-08,-0.0669312410244167
2018-08-09,0.0382089414640792
2018-08-10,-0.0608971600580759
2018-08-11,0.0142758452890508
2018-08-12,0.0121175135164133
2018-08-13,-0.0098736890997877
2018-08-14,-0.00937243227841655
2018-08-15,0.0126984405980508
2018-08-16,0.00708967418807482
2018-08-17,0.0423039077871845
2018-08-18,-0.0303019148563859
2018-08-19,0.0139242962674473
2018-08-20,-0.0349837008045029
2018-08-21,0.0353649463088423
2018-08-22,-0.018552205695519
2018-08-23,0.0254741811059667
2018-08-24,0.0237209806235601
2018-08-25,0.0077523928581904
2018-08-26,-0.00500833285946278
2018-08-27,0.0306652758034129
2018-08-28,0.0239515194823117
2018-08-29,-0.00636408895371865
2018-08-30,-0.00661814650998238
2018-08-31,0.00376821048841514
2018-09-01,0.0265721182025764
2018-09-02,0.0140672378103837
2018-09-03,-0.00535393241702664
2018-09-04,0.0131364868896284
2018-09-05,-0.0938246807960006
2018-09-06,-0.0278453009744428
2018-09-07,-0.0186613529871007
2018-09-08,-0.0334657825492268
2018-09-09,0.0105759654648061
2018-09-10,0.00974152819261853
2018-09-11,-0.00271121321062751
2018-09-12,0.00691970880844828
2018-09-13,0.0231976720697116
2018-09-14,-0.00165843785432251
2018-09-15,0.00590075752350927
2018-09-16,-0.00152995891582464
2018-09-17,-0.0401992701853082
2018-09-18,0.0139468329382435
2018-09-19,0.0087113245872299
2018-09-20,0.0155406503477113
2018-09-21,0.0403072594790999
2018-09-22,-0.00533598851616901
2018-09-23,-0.00224107665431283
2018-09-24,-0.0190548747324666
2018-09-25,-0.0205473065193562
2018-09-26,0.00272291082733744
2018-09-27,0.0340622473040462
2018-09-28,-0.00818845573814642
2018-09-29,-0.00577435139132021
2018-09-30,0.00456631121771167
2018-10-01,-0.00226013037565842
2018-10-02,-0.0130651758761378
2018-10-03,-0.00242256245649486
2018-10-04,0.0127888407881738
2018-10-05,0.00632833131257193
2018-10-06,-0.00625553819513058
2018-10-07,0.00317801127915374
2018-10-08,0.00869193109145172
2018-10-09,-0.00246068654247189
2018-10-10,-0.00385472356749617
2018-10-11,-0.0587454505468674
2018-10-12,0.00722353864336256
2018-10-13,0.00552929377665379
2018-10-14,0.00101165782400336
2018-10-15,0.0631381446007513
2018-10-16,0.00100208937341684
2018-10-17,-0.00272293237359023
2018-10-18,-0.0182537057748782
2018-10-19,-0.0137028454114407
2018-10-20,0.00907511442824216
2018-10-21,0.000259513406234646
2018-10-22,-0.00135294080225989
2018-10-23,-0.00421631555187041
2018-10-24,0.00182788233843389
2018-10-25,-0.005714261985446
2018-10-26,0.00161325907128251
2018-10-27,-0.00506431895086834
2018-10-28,-0.00241159961840332
2018-10-29,-0.0226634489786548
2018-10-30,-0.00215062838456959
2018-10-31,0.00646473895536559
2018-11-01,0.00595686450695077
2018-11-02,0.00373404939325717
2018-11-03,-0.00731455472307019
2018-11-04,0.0153441152804277
2018-11-05,-0.00260288965651689
2018-11-06,0.00771787232700838
2018-11-07,0.00906281183811686
2018-11-08,-0.0151048566904795
2018-11-09,-0.00927925863306456
2018-11-10,0.00203220475384214
2018-11-11,0.00260190818736383
2018-11-12,0.000505313553155418
2018-11-13,0.000711036508915797
2018-11-14,-0.086523562421549
2018-11-15,-0.0289524762444326
2018-11-16,-0.017084664071227
2018-11-17,-0.00490065433579367
2018-11-18,0.00597152069117612
2018-11-19,-0.142497134922312
2018-11-20,-0.0742074594963107
2018-11-21,0.0221724432431749
2018-11-22,-0.0644820264067629
2018-11-23,0.0115146865095106
2018-11-24,-0.117017597252913
2018-11-25,0.0382525541931376
2018-11-26,-0.0562756832527462
2018-11-27,0.00336288558079367
2018-11-28,0.095807155451606
2018-11-29,0.00724010222824489
2018-11-30,-0.0610757412843022
2018-12-01,0.0361341359115137
2018-12-02,-0.00694767392598195
2018-12-03,-0.0688897081753037
2018-12-04,0.0172625575279248
2018-12-05,-0.0470981223779816
2018-12-06,-0.0717727115470463
2018-12-07,-0.0304408441364821
2018-12-08,0.00216597682735831
2018-12-09,0.0386575455082756
2018-12-10,-0.0322429678784726
2018-12-11,-0.0154084715606153
2018-12-12,0.0189328170116028
2018-12-13,-0.0423773883271998
2018-12-14,-0.0238709633556571
2018-12-15,-0.00386893359891616
2018-12-16,0.00526366854646909
2018-12-17,0.0832836071289744
2018-12-18,0.0401893779867724
2018-12-19,0.00252624806268642
2018-12-20,0.100553528647159
2018-12-21,-0.0534997021897343
2018-12-22,0.0283162440987343
2018-12-23,-0.00487395965505577
2018-12-24,0.0197292269795764
2018-12-25,-0.0676623161360599
2018-12-26,0.008493404576571
2018-12-27,-0.0571459570455612
2018-12-28,0.0732996495112843
2018-12-29,-0.0382124855270991
2018-12-30,0.0284364178657821
2018-12-31,-0.0263872755984913
2019-01-01,0.0251318553481994
2019-01-02,0.0160459050947939
2019-01-03,-0.0240735317857386
2019-01-04,0.00667569642698851
2019-01-05,-0.00556661056611496
2019-01-06,0.0558599352124265
2019-01-07,-0.00305159692043766
2019-01-08,-0.00512447878147348
2019-01-09,0.00290843929537488
2019-01-10,-0.100917998605894
2019-01-11,0.00429375700546686
2019-01-12,-0.00506094804994461
2019-01-13,-0.0301215133856036
2019-01-14,0.0420397260398371
2019-01-15,-0.0203457287298026
2019-01-16,0.0108554019840863
2019-01-17,0.00676191004684767
2019-01-18,-0.00591868688088226
2019-01-19,0.0194023581934726
2019-01-20,-0.034986870748801
2019-01-21,-0.00350401848437087
2019-01-22,0.0124067679236131
2019-01-23,-0.00508441172523355
2019-01-24,0.00471749320643688
2019-01-25,-0.00121375056772166
2019-01-26,-1.12193466428323e-05
2019-01-27,-0.00404998241913468
2019-01-28,-0.0334147528556272
2019-01-29,-0.00675221222588185
2019-01-30,0.0137252089822315
2019-01-31,-0.00698755650592275
2019-02-01,0.0081117934654884
2019-02-02,0.0122582217154577
2019-02-03,-0.013402700741219
2019-02-04,0.00147659508460229
2019-02-05,0.0024139101328835
2019-02-06,-0.0192591048398079
2019-02-07,-0.00204886480238109
2019-02-08,0.0738960853005093
2019-02-09,0.00167662943995062
2019-02-10,0.00405160902986346
2019-02-11,-0.0134071937471525
2019-02-12,0.000112908622620367
2019-02-13,-0.00609321772615878
2019-02-14,-0.00523337435193127
2019-02-15,0.00331154211342444
2019-02-16,0.00441498152356701
2019-02-17,0.0134973411912416
2019-02-18,0.0610854703085462
2019-02-19,0.00235448248049686
2019-02-20,0.0157286045601737
2019-02-21,-0.00820285235134044
2019-02-22,0.0062511992571217
2019-02-23,0.0385603779120558
2019-02-24,-0.0952722958467689
2019-02-25,0.0222845443890929
2019-02-26,-0.00489450575456729
2019-02-27,0.00231799036570557
2019-02-28,-0.00114783496359827
2019-03-01,0.0024382303359971
2019-03-02,-0.00080335687101929
2019-03-03,-0.00319363432978115
2019-03-04,-0.0245790349029473
2019-03-05,0.037619498976083
2019-03-06,0.00106482625025528
2019-03-07,0.00305087962291495
2019-03-08,-0.00226141236874255
2019-03-09,0.0200187783129753
2019-03-10,-0.00667189931208512
2019-03-11,-0.0116096588910111
2019-03-12,0.00286807326545357
2019-03-13,-0.00431813368023271
2019-03-14,0.00287222919048702
2019-03-15,0.0119577677765044
2019-03-16,0.0207378669667992
2019-03-17,-0.0062200342766392
2019-03-18,0.0016739975925546
2019-03-19,0.00692713563230818
2019-03-20,0.00682754058487234
2019-03-21,-0.0155542738641596
2019-03-22,0.00157890079577783
2019-03-23,0.00477422231148417
2019-03-24,-0.00345828588308095
2019-03-25,-0.014141981082906
2019-03-26,0.00315295638177737
2019-03-27,0.0224134792695754
2019-03-28,-0.00253909824902898
2019-03-29,0.0185565386974424
2019-03-30,0.000906187715935758
2019-03-31,-0.000735605787458127
2019-04-01,0.00984670640400154
2019-04-02,0.158684038257251
2019-04-03,0.0153855631843687
2019-04-04,-0.00690453407475111
2019-04-05,0.0214657243780376
2019-04-06,0.00775018706876196
2019-04-07,0.0247473017520115
2019-04-08,0.0128048086853134
2019-04-09,-0.0167330055377342
2019-04-10,0.0302654994041216
2019-04-11,-0.0563563220444525
2019-04-12,0.00608821418420291
2019-04-13,-0.000552845832515914
2019-04-14,0.0169177779984988
2019-04-15,-0.0209435347386204
2019-04-16,0.0291764619150605
2019-04-17,0.00560882072207392
2019-04-18,0.0106336185308997
2019-04-19,4.56398709989259e-05
2019-04-20,0.00626517985704744
2019-04-21,-0.00674830749012223
2019-04-22,0.0190333335347379
2019-04-23,0.0251007376438039
2019-04-24,-0.0143581077784258
2019-04-25,-0.0366946358300293
2019-04-26,0.0178854207536698
2019-04-27,-0.00347038319831405
2019-04-28,0.00223140066236738
2019-04-29,-0.0131582093536213
2019-04-30,0.015659073915911
2019-05-01,0.0116574454890337
2019-05-02,0.0201678947038388
2019-05-03,0.0496872887907074
2019-05-04,0.00978447990297937
2019-05-05,-0.00927704633687831
2019-05-06,-0.0048301768500032
2019-05-07,0.0170003913204937
2019-05-08,0.0238230646299566
2019-05-09,0.0363899530850347
2019-05-10,0.0260932538043566
2019-05-11,0.104617770883637
2019-05-12,-0.0155106562893206
2019-05-13,0.111702787683031
2019-05-14,0.0199329650984001
2019-05-15,0.027588033554407
2019-05-16,-0.0378283193193596
2019-05-17,-0.0672089740226802
2019-05-18,-0.0133871760623894
2019-05-19,0.115802879323244
2019-05-20,-0.026151156161621
2019-05-21,-0.00420122539138745
2019-05-22,-0.0355969678252794
2019-05-23,0.0288238125709004
2019-05-24,0.014334751838625
2019-05-25,0.00757213623102793
2019-05-26,0.0708259460692684
2019-05-27,0.0163370212380585
2019-05-28,-0.00465661248181348
2019-05-29,-0.0080593386534229
2019-05-30,-0.044480889469952
2019-05-31,0.0339370225883258
2019-06-01,-0.00127843227598312
2019-06-02,0.0210673076297017
2019-06-03,-0.0724895393932616
2019-06-04,-0.0542807502523761
2019-06-05,0.0115718724502418
2019-06-06,0.00131078460219314
2019-06-07,0.0245876751916985
2019-06-08,-0.0109499870405738
2019-06-09,-0.034212108187754
2019-06-10,0.0454402335575832
2019-06-11,-0.0123334255992251
2019-06-12,0.0303210604902535
2019-06-13,0.0111219792041446
2019-06-14,0.0511667432229892
2019-06-15,0.0181805485249402
2019-06-16,0.0162856606573651
2019-06-17,0.0394888198146059
2019-06-18,-0.0252694670500961
2019-06-19,0.0189720060877576
2019-06-20,0.0278753930477986
2019-06-21,0.0653523805016789
2019-06-22,0.0545522947065731
2019-06-23,0.0163225577340977
2019-06-24,0.013707115321818
2019-06-25,0.0668391370781123
2019-06-26,0.102273068362432
2019-06-27,-0.144685643303879
2019-06-28,0.0902940853450076
2019-06-29,-0.0409458870294994
2019-06-30,-0.0922585019504361
2019-07-01,-0.0213397622385809
2019-07-02,0.0203027500310409
2019-07-03,0.0963882313799314
2019-07-04,-0.068843026289322
2019-07-05,-0.0158202644789611
2019-07-06,0.0257140340067181
2019-07-07,0.0132157228671606
2019-07-08,0.0704343173873738
2019-07-09,0.0246005366056963
2019-07-10,-0.0352984790619892
2019-07-11,-0.0653058330821104
2019-07-12,0.0358764040480377
2019-07-13,-0.0347424157818494
2019-07-14,-0.109871965784665
2019-07-15,0.0632717694580105
2019-07-16,-0.138212360847742
2019-07-17,0.0239006410754588
2019-07-18,0.094599800180406
2019-07-19,-0.0116292431172091
2019-07-20,0.0222127589719641
2019-07-21,-0.0141382816453088
2019-07-22,-0.0238083731876131
2019-07-23,-0.0470658330182463
2019-07-24,-0.010355606728881
2019-07-25,0.0118709442370886
2019-07-26,-0.00567098237368668
2019-07-27,-0.0360112111389679
2019-07-28,0.00683773774319008
2019-07-29,-0.00355921208021215
2019-07-30,0.00697733920664767
2019-07-31,0.0515328154906118
2019-08-01,0.0287922616348197
2019-08-02,0.01423650540886
2019-08-03,0.0274714203042929
2019-08-04,0.0103348234254081
2019-08-05,0.0790963844212609
2019-08-06,-0.0297836432204264
2019-08-07,0.0420700559127756
2019-08-08,0.00206383442460378
2019-08-09,-0.0100320107543475
2019-08-10,-0.049229191873895
2019-08-11,0.0210565592524237
2019-08-12,-0.0134134029437902
2019-08-13,-0.0451756784737931
2019-08-14,-0.0804843083964553
2019-08-15,0.0239449513819334
2019-08-16,0.00364695123894876
2019-08-17,-0.0112442759269626
2019-08-18,0.00884485466795759
2019-08-19,0.0573855308704943
2019-08-20,-0.0143045106002493
2019-08-21,-0.0591415336538006
2019-08-22,-0.00421787513760208
2019-08-23,0.0282769507088378
2019-08-24,-0.0248698496385291
2019-08-25,0.000822605318163028
2019-08-26,0.0223807217641383
2019-08-27,-0.0182130118942379
2019-08-28,-0.0466324650079528
2019-08-29,-0.0231609192427769
2019-08-30,0.00902380909619005
2019-08-31,0.000305653921817139
2019-09-01,0.0142407953329631
2019-09-02,0.0613220361331575
2019-09-03,0.0262746034943593
2019-09-04,-0.00455664243276743
2019-09-05,-0.000239452837215381
2019-09-06,-0.0254777906421335
2019-09-07,0.0151439129294211
2019-09-08,-0.00716994816116134
2019-09-09,-0.00754778944260259
2019-09-10,-0.0200945232351657
2019-09-11,0.00594181980833675
2019-09-12,0.0249539763047437
2019-09-13,-0.00702895932313119
2019-09-14,-0.000680947239361629
2019-09-15,-0.00319910647538002
2019-09-16,-0.00493351953210741
2019-09-17,-0.00621261317950861
2019-09-18,-0.00303075070240943
2019-09-19,0.0085583387765773
2019-09-20,-0.00741691980999448
2019-09-21,-0.0180803913884322
2019-09-22,0.00424476762069403
2019-09-23,-0.0331101162390954
2019-09-24,-0.13309903854851
2019-09-25,-0.00745607563116302
2019-09-26,-0.0444264745686596
2019-09-27,0.0140603881205461
2019-09-28,0.00255240504161591
2019-09-29,-0.0190849270546423
2019-09-30,0.0300662572519421
2019-10-01,0.000373904374091794
2019-10-02,0.0081069936781919
2019-10-03,-0.0163994051496115
2019-10-04,-0.0106143068967715
2019-10-05,-0.00134535896116006
2019-10-06,-0.034037392466411
2019-10-07,0.0418701002521793
2019-10-08,-0.00265305978652819
2019-10-09,0.0469148079862567
2019-10-10,-0.000316611534897149
2019-10-11,-0.0356270505014109
2019-10-12,0.00502338513824974
2019-10-13,-0.00302622839564748
2019-10-14,0.00880581704057093
2019-10-15,-0.0228887913756601
2019-10-16,-0.0207486471019962
2019-10-17,0.00981684254236015
2019-10-18,-0.0154295935331561
2019-10-19,0.000125825573208616
2019-10-20,0.0340560857573049
2019-10-21,-0.00317649661574393
2019-10-22,-0.0218627501300759
2019-10-23,-0.0714960017050696
2019-10-24,-0.0072867975758335
2019-10-25,0.154983876830988
2019-10-26,0.0643195490862531
2019-10-27,0.0319783238987696
2019-10-28,-0.0346753487186717
2019-10-29,0.021757975489205
2019-10-30,-0.0272504059054217
2019-10-31,-0.00151621432479487
2019-11-01,0.00988008555215991
2019-11-02,0.00625341852416916
2019-11-03,-0.0102585643510782
2019-11-04,0.0213736734297729
2019-11-05,-0.00905684243570626
2019-11-06,0.00325938433236317
2019-11-07,-0.0132417288985742
2019-11-08,-0.0492007755740556
2019-11-09,0.00405843881963541
2019-11-10,0.0257800760142608
2019-11-11,-0.0344606742025455
2019-11-12,0.0101019303165
2019-11-13,-0.00509346486670204
2019-11-14,-0.0149729033750017
2019-11-15,-0.020440694136175
2019-11-16,0.00227439634674909
2019-11-17,0.00133934213373799
2019-11-18,-0.0377801817777801
2019-11-19,-0.00655974696731043
2019-11-20,-0.00439019535625107
2019-11-21,-0.0598267502749312
2019-11-22,-0.0482788066042499
2019-11-23,0.00594522937996445
2019-11-24,-0.0574613640096189
2019-11-25,0.0294451028133711
2019-11-26,0.00652896567078542
2019-11-27,0.0480676463251797
2019-11-28,-0.0119280541190978
2019-11-29,0.0422500214142936
2019-11-30,-0.0258875293386271
2019-12-01,-0.0202246530128569
2019-12-02,-0.0131576813605978
2019-12-03,-0.000215260311559717
2019-12-04,-0.0135833932575391
2019-12-05,0.0267005820099797
2019-12-06,0.0185665881723853
2019-12-07,-0.00522921232506057
2019-12-08,0.00292032915209006
2019-12-09,-0.0230965734506334
2019-12-10,-0.0157267278322042
2019-12-11,-0.00195786022623068
2019-12-12,-0.00165462750339174
2019-12-13,0.00835611673185177
2019-12-14,-0.0271518991060127
2019-12-15,0.00769113068545124
2019-12-16,-0.0323889810780607
2019-12-17,-0.0396484482259982
2019-12-18,0.094160498051064
2019-12-19,-0.0176784269841015
2019-12-20,0.00523500424531598
2019-12-21,-0.00769246379802802
2019-12-22,0.0503981477976758
2019-12-23,-0.0248822941633744
2019-12-24,-0.0084156935439843
2019-12-25,-0.00707313949932775
2019-12-26,-0.00036510967925274
2019-12-27,0.0072962831137442
2019-12-28,0.00842781814506388
2019-12-29,0.00980668043486155
2019-12-30,-0.0194399544474688
2019-12-31,-0.00703128600097358
2020-01-01,0.000780768137644827
2020-01-02,-0.0331995343103966
2020-01-03,0.053014823430301
2020-01-04,0.00124497688382164
2020-01-05,0.000630740747052272
2020-01-06,0.0528344876574405
2020-01-07,0.0487140493637153
2020-01-08,-0.0110239455899599
2020-01-09,-0.0300166042803074
2020-01-10,0.0473726050737362
2020-01-11,-0.0218310048245201
2020-01-12,0.020361098565477
2020-01-13,-0.00916097652619108
2020-01-14,0.0827487842214989
2020-01-15,0.00129314616617471
2020-01-16,-0.0115613364781773
2020-01-17,0.0219219147333138
2020-01-18,0.000300629754288906
2020-01-19,-0.0243245203259779
2020-01-20,-0.0068438722969173
2020-01-21,0.010781316488659
2020-01-22,-0.00616247194463249
2020-01-23,-0.0325237247519219
2020-01-24,0.00409416180979605
2020-01-25,-0.0117310598587625
2020-01-26,0.0323721116628253
2020-01-27,0.0333966070332519
2020-01-28,0.0510608246260293
2020-01-29,-0.0077833988822249
2020-01-30,0.0225024562789091
2020-01-31,-0.016995972584926
2020-02-01,0.00338572705013185
2020-02-02,-0.00567426822151873
2020-02-03,-0.00421720203511278
2020-02-04,-0.0103001247040773
2020-02-05,0.0441369607900448
2020-02-06,0.0165046740650947
2020-02-07,0.00426127217580863
2020-02-08,0.00825220652755831
2020-02-09,0.0256114723204881
2020-02-10,-0.0299888796895527
2020-02-11,0.0369906845059997
2020-02-12,0.0100616239729998
2020-02-13,-0.00942112203228618
2020-02-14,0.0111530324716664
2020-02-15,-0.0434300324484624
2020-02-16,0.00126627060925166
2020-02-17,-0.0215334308259418
2020-02-18,0.0461776664232261
2020-02-19,-0.0578059032463631
2020-02-20,0.000274098096525677
2020-02-21,0.00836699051960998
2020-02-22,-0.00271007222502107
2020-02-23,0.029157751478758
2020-02-24,-0.0286118351934253
2020-02-25,-0.0358767697148394
2020-02-26,-0.0586419982891648
2020-02-27,0.00431157055247411
2020-02-28,-0.014877998499184
2020-02-29,-0.019667790863485
2020-03-01,0.000969775790451877
2020-03-02,0.0439524360599535
2020-03-03,-0.0175582760885877
2020-03-04,-0.00105077178569424
2020-03-05,0.0341286271212748
2020-03-06,0.00848983685721016
2020-03-07,-0.0272203120821182
2020-03-08,-0.100954628634659
2020-03-09,-0.012960005190207
2020-03-10,-0.00446272739082687
2020-03-11,0.0050489459763714
2020-03-12,-0.502606942741458
2020-03-13,0.150321930942345
2020-03-14,-0.0756667870857957
2020-03-15,0.0359354212183298
2020-03-16,-0.0639912912173664
2020-03-17,0.0548736950731197
2020-03-18,0.015020346505171
2020-03-19,0.133352210461965
2020-03-20,0.00743532707868866
2020-03-21,-0.00344968693112691
2020-03-22,-0.0618016757608739
2020-03-23,0.106114848790694
2020-03-24,0.0419997195777846
2020-03-25,-0.010026793584931
2020-03-26,0.00893497381659536
2020-03-27,-0.0577797263454425
2020-03-28,-0.0194452512064025
2020-03-29,-0.0586449498930346
2020-03-30,0.0836212502344456
2020-03-31,0.00250843173447102
2020-04-01,0.0356237145363387
2020-04-02,0.022501490774463
2020-04-03,-0.00886894598981236
2020-04-04,0.0180843992939757
2020-04-05,-0.0123569321457087
2020-04-06,0.0790502354489586
2020-04-07,-0.0182531387327955
2020-04-08,0.0225250961552419
2020-04-09,-0.0106168229061829
2020-04-10,-0.0600670128155958
2020-04-11,0.00260779500935726
2020-04-12,0.00391274621831528
2020-04-13,-0.00958840678174333
2020-04-14,0.00449273041114751
2020-04-15,-0.0366921962118258
2020-04-16,0.0700853225741778
2020-04-17,-0.0105298474818269
2020-04-18,0.0309702080924694
2020-04-19,-0.0177966941638985
2020-04-20,-0.0421512156093069
2020-04-21,0.00212756697804473
2020-04-22,0.0406413711082045
2020-04-23,0.0489228845832486
2020-04-24,0.0030172054176969
2020-04-25,0.00447630880249505
2020-04-26,0.0202780493344985
2020-04-27,0.0105407590504054
2020-04-28,-0.00459468630105953
2020-04-29,0.126043628251022
2020-04-30,-0.018228439547185
2020-05-01,0.0237255898013036
2020-05-02,0.0163035150589739
2020-05-03,-0.00871930795323905
2020-05-04,-0.0024991401110146
2020-05-05,0.0167514545084089
2020-05-06,0.0133326133006921
2020-05-07,0.0882443580739771
2020-05-08,-0.0188407612705355
2020-05-09,-0.0269528156835861
2020-05-10,-0.0894937423726656
2020-05-11,-0.0186591035445112
2020-05-12,0.0286993622730982
2020-05-13,0.0550443130698781
2020-05-14,0.0505422634578423
2020-05-15,-0.0497852485514478
2020-05-16,0.00693671357664449
2020-05-17,0.0313508852019329
2020-05-18,0.00555168658578431
2020-05-19,0.00426460425329189
2020-05-20,-0.0273880910636208
2020-05-21,-0.0476708225752596
2020-05-22,0.0111138755568252
2020-05-23,0.000997321484472735
2020-05-24,-0.051276379766394
2020-05-25,0.0204323738210963
2020-05-26,-0.0066702499033191
2020-05-27,0.0402254256289289
2020-05-28,0.0396027036055759
2020-05-29,-0.0156631432722865
2020-05-30,0.0283054684675523
2020-05-31,-0.0260591503705534
2020-06-01,0.0766315516736142
2020-06-02,-0.0692742623834093
2020-06-03,0.0154504571595702
2020-06-04,0.0126260331761241
2020-06-05,-0.0173005960605899
2020-06-06,0.00468077003572454
2020-06-07,0.00831290983336075
2020-06-08,0.00358646500463244
2020-06-09,-0.000979828700433671
2020-06-10,0.0114533009205395
2020-06-11,-0.0631138073051218
2020-06-12,0.0197098700619733
2020-06-13,0.000867018350932725
2020-06-14,-0.0139504713617757
2020-06-15,0.00894288392149001
2020-06-16,0.0105079110615609
2020-06-17,-0.00636628546324225
2020-06-18,-0.00836226576684318
2020-06-19,-0.00813951451904416
2020-06-20,0.0052193091072219
2020-06-21,-0.00688983535661158
2020-06-22,0.041206269160142
2020-06-23,-0.00629708697615072
2020-06-24,-0.03471554197335
2020-06-25,-0.0050684946945605
2020-06-26,-0.00948099890766763
2020-06-27,-0.0165303933915357
2020-06-28,0.0115124821088788
2020-06-29,0.0083249565532153
2020-06-30,-0.00589273167725679
2020-07-01,0.010173980210908
2020-07-02,-0.0158815121012186
2020-07-03,-0.00311714903430449
2020-07-04,0.00848649570643367
2020-07-05,-0.0072563319395389
2020-07-06,0.0298486175692805
2020-07-07,-0.00933367848898925
2020-07-08,0.019116368674343
2020-07-09,-0.0218162343476358
2020-07-10,0.00603756429529589
2020-07-11,-0.00586427715699145
2020-07-12,0.00741448243121212
2020-07-13,-0.0064846601291304
2020-07-14,0.00143038881115309
2020-07-15,-0.00631320359825871
2020-07-16,-0.00696952086118863
2020-07-17,0.00225283941992416
2020-07-18,0.00174192113722427
2020-07-19,0.00421236069105291
2020-07-20,-0.00524885294523791
2020-07-21,0.024713965321002
2020-07-22,0.0135562595917129
2020-07-23,0.00890211266238161
2020-07-24,-0.00684081457463392
2020-07-25,0.0169063326414047
2020-07-26,0.0235463680907113
2020-07-27,0.104899655153833
2020-07-28,-0.0112773535736732
2020-07-29,0.0176550017142407
2020-07-30,-8.28823602478934e-05
2020-07-31,0.0210258928374678
2020-08-01,0.0402628136953354
2020-08-02,-0.0638379885940914
2020-08-03,0.0133202754002095
2020-08-04,-0.00248440903129499
2020-08-05,0.0482233983727411
2020-08-06,0.00149314902182773
2020-08-07,-0.0144055437001587
2020-08-08,0.0143162726745416
2020-08-09,-0.00680203056930928
2020-08-10,0.0179214624033897
2020-08-11,-0.0430248879596853
2020-08-12,0.0150069834685223
2020-08-13,0.0184778176380451
2020-08-14,-0.00165331843982841
2020-08-15,0.00778051893633247
2020-08-16,0.00493196417881947
2020-08-17,0.0306015951306673
2020-08-18,-0.0277503200816458
2020-08-19,-0.0160698153390211
2020-08-20,0.00838359816690115
2020-08-21,-0.0275588546872747
2020-08-22,0.011349461965322
2020-08-23,-0.0012723559473784
2020-08-24,0.00855438525945651
2020-08-25,-0.0372685503041179
2020-08-26,0.0125559982902246
2020-08-27,-0.0114998715981542
2020-08-28,0.0171966880789469
2020-08-29,-0.0053121217435308
2020-08-30,0.0211700532462249
2020-08-31,-0.00527811429406277
2020-09-01,0.0231187973969309
2020-09-02,-0.0457753298115851
2020-09-03,-0.11603576554689
2020-09-04,0.0296712412537303
2020-09-05,-0.0271263723089188
2020-09-06,0.00876571074361898
2020-09-07,0.011366292597355
2020-09-08,-0.0240781306870197
2020-09-09,0.0090977411466433
2020-09-10,0.0114488114994344
2020-09-11,0.00492358927849779
2020-09-12,0.00509199657416914
2020-09-13,-0.0104064962240269
2020-09-14,0.032275732263626
2020-09-15,0.0105830858365472
2020-09-16,0.0155205762162041
2020-09-17,-0.00128071635300309
2020-09-18,-0.000603473281248768
2020-09-19,0.0133789342229989
2020-09-20,-0.0145787328447113
2020-09-21,-0.0471614049101916
2020-09-22,0.0107310823194755
2020-09-23,-0.0277471008498917
2020-09-24,0.0471881984713765
2020-09-25,-0.00463521561603564
2020-09-26,0.00391590239866701
2020-09-27,0.00424595517171156
2020-09-28,-0.00727796911473355
2020-09-29,0.0134062165899014
2020-09-30,-0.0059110865655061
2020-10-01,-0.0147190973543108
2020-10-02,-0.00459944943626667
2020-10-03,-0.00268467218141666
2020-10-04,0.0117472066892557
2020-10-05,0.0117044009488385
2020-10-06,-0.0180026524426538
2020-10-07,0.00627575116334
2020-10-08,0.0240082372384514
2020-10-09,0.0113824313048987
2020-10-10,0.0217142008076792
2020-10-11,0.00668956666883069
2020-10-12,0.0139084324759207
2020-10-13,-0.00938530498783052
2020-10-14,-0.000233816218891292
2020-10-15,0.00761073009635993
2020-10-16,-0.0162811533813088
2020-10-17,0.00360501847248607
2020-10-18,0.0125040228060485
2020-10-19,0.0213582975701172
2020-10-20,0.013399204588298
2020-10-21,0.0705790197628193
2020-10-22,0.0145683188348347
2020-10-23,-0.00351079610665472
2020-10-24,0.0144931631779386
2020-10-25,-0.00634265508596954
2020-10-26,0.00179134146184978
2020-10-27,0.0437698854159532
2020-10-28,-0.0274912982793136
2020-10-29,0.0141682851772664
2020-10-30,0.00772884902130855
2020-10-31,0.0168845483758737
2020-11-01,-0.0021413673004318
2020-11-02,-0.0155347864119033
2020-11-03,0.0343965813014222
2020-11-04,0.00855457982732588
2020-11-05,0.0973397530338858
2020-11-06,-0.000648060301269737
2020-11-07,-0.050120002204519
2020-11-08,0.0433693771486112
2020-11-09,-0.00952431128031073
2020-11-10,-0.00203751047611611
2020-11-11,0.0249859277029341
2020-11-12,0.0380092100428513
2020-11-13,0.00176864419830203
2020-11-14,-0.0154520589265132
2020-11-15,-0.00708457741817803
2020-11-16,0.0463233598845072
2020-11-17,0.0550461226589611
2020-11-18,0.0065888965777976
2020-11-19,0.00150088816654836
2020-11-20,0.0467932496162859
2020-11-21,0.00257659044023839
2020-11-22,-0.0155921153820788
2020-11-23,-0.00252457625339453
2020-11-24,0.0422152743260913
2020-11-25,-0.0232803672790354
2020-11-26,-0.0875776578398817
2020-11-27,-0.000580361234279181
2020-11-28,0.0332985720197687
2020-11-29,0.0259110484052147
2020-11-30,0.0798124405603424
2020-12-01,-0.0484176681386952
2020-12-02,0.023131976224672
2020-12-03,0.0112780181772241
2020-12-04,-0.0405272676199164
2020-12-05,0.0263064872103076
2020-12-06,0.010997574683671
2020-12-07,-0.00999325665850215
2020-12-08,-0.0449671539115588
2020-12-09,0.0117819186056849
2020-12-10,-0.0155808511856819
2020-12-11,-0.0120196006823967
2020-12-12,0.0419198512810262
2020-12-13,0.0192878286595874
2020-12-14,0.0051055909978821
2020-12-15,0.00792209327908644
2020-12-16,0.0937387794210292
2020-12-17,0.0662626773596742
2020-12-18,0.0135165129878043
2020-12-19,0.0304406721170452
2020-12-20,-0.0154872902556704
2020-12-21,-0.0318730319606679
2020-12-22,0.0469060095977802
2020-12-23,-0.0245754876788293
2020-12-24,0.0211430056733732
2020-12-25,0.0406016172561454
2020-12-26,0.0695872933806356
2020-12-27,-0.00802391038892658
2020-12-28,0.0299023029826699
2020-12-29,0.0112217577258544
2020-12-30,0.0529994517301073
2020-12-31,0.00166403812016114
2021-01-01,0.0140095934275397
2021-01-02,0.0926247431168008
2021-01-03,0.0252158319865536
2021-01-04,-0.0311260485700942
2021-01-05,0.0594919819740536
2021-01-06,0.0797898796472882
2021-01-07,0.0699198805415833
2021-01-08,0.0287598077245583
2021-01-09,-0.0122620523653101
2021-01-10,-0.0495562435922015
2021-01-11,-0.0746881986220913
2021-01-12,-0.0389716343884228
2021-01-13,0.0930387218664848
2021-01-14,0.0463547564222306
2021-01-15,-0.0633334246881052
2021-01-16,-0.0205470182784353
2021-01-17,-0.00463274803048996
2021-01-18,0.0221555109664724
2021-01-19,-0.0204020271840601
2021-01-20,-0.0118628538249528
2021-01-21,-0.139496401934425
2021-01-22,0.0657037001868837
2021-01-23,-0.0266742275526273
2021-01-24,0.00565453596306043
2021-01-25,-0.000176705557850099
2021-01-26,0.0065996376554498
2021-01-27,-0.0669194037928218
2021-01-28,0.0941747491499534
2021-01-29,0.0262475458890101
2021-01-30,0.000311756188169809
2021-01-31,-0.0347413771124039
2021-02-01,0.0130111180611348
2021-02-02,0.056248964732994
2021-02-03,0.058924528115627
2021-02-04,-0.0183012324165279
2021-02-05,0.0359904796336572
2021-02-06,0.0231484945952598
2021-02-07,-0.0100343700350134
2021-02-08,0.178448559704282
2021-02-09,0.000981730940404546
2021-02-10,-0.0353621270921636
2021-02-11,0.0681882792068613
2021-02-12,-0.0143174960635957
2021-02-13,-0.00283583779386554
2021-02-14,0.0297541636804208
2021-02-15,-0.0138192202196361
2021-02-16,0.0251928552278926
2021-02-17,0.0590031225827925
2021-02-18,-0.0109405424977389
2021-02-19,0.0810690632665132
2021-02-20,-0.00115993981175855
2021-02-21,0.0276818262015102
2021-02-22,-0.0595873467155066
2021-02-23,-0.101012918139338
2021-02-24,0.0159326147047771
2021-02-25,-0.0538108492136757
2021-02-26,-0.0170728277211172
2021-02-27,-0.00368984856306476
2021-02-28,-0.0212797982274022
2021-03-01,0.0940566861589414
2021-03-02,-0.0233899703432954
2021-03-03,0.0386467694160579
2021-03-04,-0.0400217668696818
2021-03-05,0.00777593394825082
2021-03-06,0.00267304828205717
2021-03-07,0.0418582356506612
2021-03-08,0.0271610663759532
2021-03-09,0.0467983530801774
2021-03-10,0.0174670170830691
2021-03-11,0.0338263137446422
2021-03-12,-0.00959076137833925
2021-03-13,0.0670239190495181
2021-03-14,-0.0369572846777313
2021-03-15,-0.058723458898573
2021-03-16,0.0230318000015632
2021-03-17,0.0347527480866514
2021-03-18,-0.0217029406846247
2021-03-19,0.00660196106038491
2021-03-20,0.00124461524575636
2021-03-21,-0.0130048611725453
2021-03-22,-0.0586755185175178
2021-03-23,0.00475245613970721
2021-03-24,-0.0382108239119177
2021-03-25,-0.0194966610483522
2021-03-26,0.0702288524916597
2021-03-27,0.0142826409255221
2021-03-28,-0.0007080977298628
2021-03-29,0.0327652838371844
2021-03-30,0.0190945915543974
2021-03-31,-0.000102479318673687
2021-04-01,-0.000342411556321309
2021-04-02,0.00390191915245275
2021-04-03,-0.0327277156301857
2021-04-04,0.019957809235045
2021-04-05,0.0158183504903242
2021-04-06,-0.0194478280167694
2021-04-07,-0.0357703176417736
2021-04-08,0.0372585748250724
2021-04-09,0.00111891194658753
2021-04-10,0.0275917251060527
2021-04-11,0.00389575446899393
2021-04-12,-0.00237655897744382
2021-04-13,0.060211808883631
2021-04-14,-0.00972817228407941
2021-04-15,0.00317873370717514
2021-04-16,-0.0293234910328373
2021-04-17,-0.021891825636386
2021-04-18,-0.0664286967832304
2021-04-19,-0.00924779241999651
2021-04-20,0.0141332558447704
2021-04-21,-0.0478688076233738
2021-04-22,-0.0397606037870499
2021-04-23,-0.0110065585476526
2021-04-24,-0.0212970047587344
2021-04-25,-0.0197973243840792
2021-04-26,0.0958277633710178
2021-04-27,0.0185410109430215
2021-04-28,-0.00301752879360961
2021-04-29,-0.0238241059065469
2021-04-30,0.0744486986071191
2021-05-01,0.00183731521821429
2021-05-02,-0.0213712482896682
2021-05-03,0.0103946865349158
2021-05-04,-0.0719600309696684
2021-05-05,0.0766146152879426
2021-05-06,-0.018316104117849
2021-05-07,0.016200912209964
2021-05-08,0.0266385629076566
2021-05-09,-0.0106097437438777
2021-05-10,-0.0425237519861881
2021-05-11,0.0151822482267274
2021-05-12,-0.132623237039779
2021-05-13,0.000798571757147926
2021-05-14,0.00342630933466381
2021-05-15,-0.0637548890528592
2021-05-16,-0.00711396989281887
2021-05-17,-0.06434306949226
2021-05-18,-0.0159345278743999
2021-05-19,-0.155193819492931
2021-05-20,0.0994528443006431
2021-05-21,-0.0842536325479504
2021-05-22,0.00529359722308342
2021-05-23,-0.077550271014255
2021-05-24,0.112875394190615
2021-05-25,-0.0122295047056653
2021-05-26,0.0236501895390759
2021-05-27,-0.0183086687723062
2021-05-28,-0.0773091631552099
2021-05-29,-0.0301249614885215
2021-05-30,0.0295017211685416
2021-05-31,0.0442499853876317
2021-06-01,-0.0151657675200916
2021-06-02,0.0235822705986557
2021-06-03,0.0436989328915871
2021-06-04,-0.0635840791345625
2021-06-05,-0.0363811199546404
2021-06-06,0.0079403571133323
2021-06-07,-0.0647247960449864
2021-06-08,-0.00513883545678695
2021-06-09,0.113369950680092
2021-06-10,-0.019236178908745
2021-06-11,0.0177353762317551
2021-06-12,-0.0490196050552569
2021-06-13,0.0932582160669782
2021-06-14,0.0376151724833829
2021-06-15,-0.00923012942855728
2021-06-16,-0.0457452734195307
2021-06-17,-0.00669896194487585
2021-06-18,-0.0615278208278234
2021-06-19,-0.00942793009744314
2021-06-20,0.00327613248309611
2021-06-21,-0.118910456622761
2021-06-22,0.0280945243199398
2021-06-23,0.0353126837670956
2021-06-24,0.0288285483794493
2021-06-25,-0.0930105212036931
2021-06-26,0.0218959992498124
2021-06-27,0.0721885750559537
2021-06-28,-0.00593828805066821
2021-06-29,0.0402527859480735
2021-06-30,-0.0244310331208215
2021-07-01,-0.0449475209203527
2021-07-02,0.00837736526820265
2021-07-03,0.025786871340955
2021-07-04,0.0176510722845968
2021-07-05,-0.0462955249800956
2021-07-06,0.0156053477451792
2021-07-07,-0.010513575195608
2021-07-08,-0.0295628982722729
2021-07-09,0.0281943573837484
2021-07-10,-0.00929733780343511
2021-07-11,0.0223179052145461
2021-07-12,-0.0348197387278653
2021-07-13,-0.0108442119936658
2021-07-14,0.00275363375006066
2021-07-15,-0.0290598411242673
2021-07-16,-0.0156847872614243
2021-07-17,0.00433041913880494
2021-07-18,0.00816736276590113
2021-07-19,-0.0299906488321025
2021-07-20,-0.0346166841679896
2021-07-21,0.0760571584840477
2021-07-22,0.00444870499411287
2021-07-23,0.0408497569173232
2021-07-24,0.0183840647434543
2021-07-25,0.0322513174592967
2021-07-26,0.0511434853372776
2021-07-27,0.0579145169242299
2021-07-28,0.014134814167452
2021-07-29,-7.69653271568416e-05
2021-07-30,0.0532797882525404
2021-07-31,-0.0177979125551531
2021-08-01,-0.0397652753830737
2021-08-02,-0.0176632319625902
2021-08-03,-0.0243246840587865
2021-08-04,0.0389148428370891
2021-08-05,0.0282768967619553
2021-08-06,0.0471873871947697
2021-08-07,0.0397187939887189
2021-08-08,-0.017612704032917
2021-08-09,0.0546297044621671
2021-08-10,-0.0145564791035255
2021-08-11,-0.00162444068658729
2021-08-12,-0.0247371083178276
2021-08-13,0.0738086928353905
2021-08-14,-0.0154214395673318
2021-08-15,-0.00201377469060127
2021-08-16,-0.0230972039927408
2021-08-17,-0.0266103277588527
2021-08-18,0.000208945648493497
2021-08-19,0.0449495565754816
2021-08-20,0.0533383624332675
2021-08-21,-0.0102013899401108
2021-08-22,0.00851209220591542
2021-08-23,0.00505693126529927
2021-08-24,-0.0373610060057761
2021-08-25,0.0268892743558542
2021-08-26,-0.0444555030189147
2021-08-27,0.0464256551873081
2021-08-28,-0.00356351225994977
2021-08-29,-0.00261142576903595
2021-08-30,-0.0372869556016333
2021-08-31,0.00250797824579152
2021-09-01,0.0356539665870308
2021-09-02,0.00889527854361916
2021-09-03,0.0151646633397
2021-09-04,-0.00167142477697979
2021-09-05,0.036222989665486
2021-09-06,0.0173728411647218
2021-09-07,-0.11668618261667
2021-09-08,-0.0175529659288571
2021-09-09,0.00750364957921157
2021-09-10,-0.0338508342130961
2021-09-11,0.00717095956400016
2021-09-12,0.0186751039448101
2021-09-13,-0.0238454311568699
2021-09-14,0.0471730465973756
2021-09-15,0.0212096353194688
2021-09-16,-0.00800323656818058
2021-09-17,-0.00921408318982841
2021-09-18,0.0207713661369393
2021-09-19,-0.0220032032815176
2021-09-20,-0.0937147299741437
2021-09-21,-0.0544908522258218
2021-09-22,0.0666905113136806
2021-09-23,0.029900811262543
2021-09-24,-0.0468787411821712
2021-09-25,-0.00327393879868154
2021-09-26,0.0114238968982114
2021-09-27,-0.0237631810423178
2021-09-28,-0.0269526374133875
2021-09-29,0.0120591420384475
2021-09-30,0.053905577976213
2021-10-01,0.0939629815441858
2021-10-02,-0.0105811900571933
2021-10-03,0.0117935426656093
2021-10-04,0.0210411771061949
2021-10-05,0.0446373705846579
2021-10-06,0.0720063432706084
2021-10-07,-0.0280454112515045
2021-10-08,0.00308548914159168
2021-10-09,0.0183343879182853
2021-10-10,-0.00530469987669235
2021-10-11,0.0501726773419886
2021-10-12,-0.0259896949567153
2021-10-13,0.0241723573039216
2021-10-14,-0.000332301968258619
2021-10-15,0.0726999062160996
2021-10-16,-0.0130048845469819
2021-10-17,0.0106657743435417
2021-10-18,0.00779536297731198
2021-10-19,0.0359646372913787
2021-10-20,0.0264183860137486
2021-10-21,-0.0594312403714206
2021-10-22,-0.0244952550243305
2021-10-23,0.0098140594579661
2021-10-24,-0.00711536757346209
2021-10-25,0.0359361194644912
2021-10-26,-0.0445746539763778
2021-10-27,-0.0322637670684269
2021-10-28,0.0363509587815489
2021-10-29,0.0273211728378993
2021-10-30,-0.00635745887469596
2021-10-31,-0.00908409279367817
2021-11-01,-0.00636099200315421
2021-11-02,0.0372049603187197
2021-11-03,-0.00513034831339354
2021-11-04,-0.0241616388040988
2021-11-05,-0.00748604865098912
2021-11-06,0.00871666156843176
2021-11-07,0.0289088480909445
2021-11-08,0.0650421688463716
2021-11-09,-0.00859907127687976
2021-11-10,-0.0313342572034827
2021-11-11,-0.00166856064421061
2021-11-12,-0.0101171965455311
2021-11-13,0.00401192019383245
2021-11-14,0.0175386773160717
2021-11-15,-0.0296222636128274
2021-11-16,-0.0573941917145326
2021-11-17,0.00475069192860644
2021-11-18,-0.0589278854245308
2021-11-19,0.0201952404606089
2021-11-20,0.0281145133077807
2021-11-21,-0.0183474142138671
2021-11-22,-0.0413544874234937
2021-11-23,0.0227465229877115
2021-11-24,-0.00702795962369507
2021-11-25,0.0313908838384087
2021-11-26,-0.0929584332118019
2021-11-27,0.0183411757514556
2021-11-28,0.0456140369458531
2021-11-29,0.00871565839954691
2021-11-30,-0.0143942685501059
2021-12-01,0.00409184006305097
2021-12-02,-0.0123827500980074
2021-12-03,-0.052323955559773
2021-12-04,-0.0866415577831532
2021-12-05,0.00494903028218197
2021-12-06,0.0209464454638688
2021-12-07,0.00291059759849688
2021-12-08,-0.00233049456092616
2021-12-09,-0.0597136382267216
2021-12-10,-0.00855568752878355
2021-12-11,0.0466144194002922
2021-12-12,0.0133526527210073
2021-12-13,-0.0692973753526402
2021-12-14,0.0345241762326722
2021-12-15,0.0107337588163947
2021-12-16,-0.0255482024281832
2021-12-17,-0.0320232713999662
2021-12-18,0.015130173120065
2021-12-19,-0.00327752710612117
2021-12-20,0.00497739217481019
2021-12-21,0.0412508732374555
2021-12-22,-0.00619054227111526
2021-12-23,0.0452801594542276
2021-12-24,-0.000370061388967002
2021-12-25,-0.00830554886919543
2021-12-26,0.00742932881557401
2021-12-27,-0.00145944527773345
2021-12-28,-0.0643041831297992
2021-12-29,-0.0229581057839621
2021-12-30,0.0140239790234347
2021-12-31,-0.0193698214926741
2022-01-01,0.0320599467817786
2022-01-02,-0.00918805274359258
2022-01-03,-0.0179255747295972
2022-01-04,-0.0133097451918314
2022-01-05,-0.0533458970167047
2022-01-06,-0.00852438625717333
2022-01-07,-0.0358183987906102
2022-01-08,0.00272108619188494
2022-01-09,0.00442591939892623
2022-01-10,-0.00100684570321619
2022-01-11,0.0214504004396776
2022-01-12,0.0270902769434116
2022-01-13,-0.0310574808840993
2022-01-14,0.0116761333829025
2022-01-15,0.000564866503495409
2022-01-16,-0.000293189271094008
2022-01-17,-0.0204066313010856
2022-01-18,0.00355986994629554
2022-01-19,-0.0164768030058262
2022-01-20,-0.0237827352261952
2022-01-21,-0.10994615987911
2022-01-22,-0.0384262269858517
2022-01-23,0.032902471390134
2022-01-24,0.0114067643862032
2022-01-25,0.00809500163855503
2022-01-26,-0.00403917387510333
2022-01-27,0.00948398768784386
2022-01-28,0.0148636502954709
2022-01-29,0.0118678204974376
2022-01-30,-0.00749734604885965
2022-01-31,0.0153284014936492
2022-02-01,0.00590166573671347
2022-02-02,-0.0475868957877967
2022-02-03,0.0111916370777347
2022-02-04,0.108176446956934
2022-02-05,-0.00462072424678794
2022-02-06,0.0238368201984738
2022-02-07,0.0338493333568959
2022-02-08,0.00461978783702577
2022-02-09,0.00745866381930682
2022-02-10,-0.019968761180241
2022-02-11,-0.0261275102636205
2022-02-12,-0.00368500362617219
2022-02-13,-0.0038971692535803
2022-02-14,0.0114029437609098
2022-02-15,0.0461474056472824
2022-02-16,-0.0151849105438515
2022-02-17,-0.0796223074196458
2022-02-18,-0.0134493034485352
2022-02-19,0.00261649811292664
2022-02-20,-0.0431407529280499
2022-02-21,-0.0365775661820251
2022-02-22,0.0324907507662182
2022-02-23,-0.0259769663535838
2022-02-24,0.0285078745231431
2022-02-25,0.0230055700671095
2022-02-26,-0.00261566080147446
2022-02-27,-0.0369145713560055
2022-02-28,0.135278714675252
2022-03-01,0.0288026925696254
2022-03-02,-0.0119624345490479
2022-03-03,-0.0333332615882593
2022-03-04,-0.0810549423019875
2022-03-05,0.00634784379342079
2022-03-06,-0.025114798426122
2022-03-07,-0.0113289195068571
2022-03-08,0.0193604394737665
2022-03-09,0.0796500373203131
2022-03-10,-0.0619567610700482
2022-03-11,-0.0177206451442284
2022-03-12,0.00200652840135795
2022-03-13,-0.0269004673903179
2022-03-14,0.0489203168714063
2022-03-15,-0.00990588416998328
2022-03-16,0.0456248114305087
2022-03-17,-0.00478107598504707
2022-03-18,0.0203116952414426
2022-03-19,0.01056768257477
2022-03-20,-0.022502352481311
2022-03-21,-0.00631770220599215
2022-03-22,0.0326750703725587
2022-03-23,0.0121678667429066
2022-03-24,0.0255256438082849
2022-03-25,0.00728617422754319
2022-03-26,0.00446071713602336
2022-03-27,0.050733773930828
2022-03-28,0.00626825030601452
2022-03-29,0.0066116967684664
2022-03-30,-0.00776298439687828
2022-03-31,-0.0336535992569278
2022-04-01,0.0168457571405938
2022-04-02,-0.0102610730714474
2022-04-03,0.01293361490454
2022-04-04,0.00372436144151678
2022-04-05,-0.0235237349480624
2022-04-06,-0.0525017816550033
2022-04-07,0.00632042915620268
2022-04-08,-0.0278251992184284
2022-04-09,0.0118101299320372
2022-04-10,-0.0140174297468771
2022-04-11,-0.0643733658182644
2022-04-12,0.0136799402987631
2022-04-13,0.0264190184253028
2022-04-14,-0.0297323041306665
2022-04-15,0.0151447196010199
2022-04-16,-0.00427996933117036
2022-04-17,-0.0175027636042273
2022-04-18,0.0279098748430258
2022-04-19,0.0168192992773761
2022-04-20,-0.00325860922878185
2022-04-21,-0.0214621951388594
2022-04-22,-0.0192258767952005
2022-04-23,-0.00676129835665584
2022-04-24,0.000216245734076637
2022-04-25,0.0244377786503307
2022-04-26,-0.0589288732240458
2022-04-27,0.029041308349953
2022-04-28,0.0128227679696398
2022-04-29,-0.0292588301525001
2022-04-30,-0.0253286301777162
2022-05-01,0.0220129612676683
2022-05-02,0.00147570906456096
2022-05-03,-0.0208838300694296
2022-05-04,0.0506715625195415
2022-05-05,-0.0823368253505521
2022-05-06,-0.0148610761227896
2022-05-07,-0.0151467179208371
2022-05-08,-0.041265348325588
2022-05-09,-0.123751480390842
2022-05-10,0.030800846621533
2022-05-11,-0.0636651051045494
2022-05-12,-0.00255239398280871
2022-05-13,0.00882427258055785
2022-05-14,0.0269391043317349
2022-05-15,0.0404561319046444
2022-05-16,-0.0475518034081954
2022-05-17,0.0189306062024954
2022-05-18,-0.0584886995742195
2022-05-19,0.0543513864177694
2022-05-20,-0.0375788669561832
2022-05-21,0.00832285637471486
2022-05-22,0.0284215384207975
2022-05-23,-0.0398951347692122
2022-05-24,0.0185640245739105
2022-05-25,-0.00379852519508184
2022-05-26,-0.0116031160400318
2022-05-27,-0.0197668076759747
2022-05-28,0.0139274582552869
2022-05-29,0.0149327306648619
2022-05-30,0.0740872715889171
2022-05-31,0.00210339973853735
2022-06-01,-0.0647949816931543
2022-06-02,0.0214680211866689
2022-06-03,-0.0250179166566564
2022-06-04,0.00550096452596094
2022-06-05,0.00184566799768682
2022-06-06,0.0474500888349514
2022-06-07,-0.00792888071102205
2022-06-08,-0.0300220982099315
2022-06-09,-0.00314484124646697
2022-06-10,-0.0343959202434387
2022-06-11,-0.0232006119472725
2022-06-12,-0.0673052472144988
2022-06-13,-0.166997641231511
2022-06-14,-0.0157318328672531
2022-06-15,0.0200055285384089
2022-06-16,-0.101630178241635
2022-06-17,0.00330314965423284
2022-06-18,-0.0760018363469719
2022-06-19,0.0811277149268701
2022-06-20,-5.34656819617396e-06
2022-06-21,0.00724649099184305
2022-06-22,-0.0361376939508311
2022-06-23,0.0546214268784677
2022-06-24,0.00602441333699133
2022-06-25,0.0118656503170236
2022-06-26,-0.021309430090108
2022-06-27,-0.0141460254601213
2022-06-28,-0.0224888419964646
2022-06-29,-0.00783484973953819
2022-06-30,-0.00902534553818768
2022-07-01,-0.0337806752051044
2022-07-02,-0.00140089157801526
2022-07-03,0.00326794287197529
2022-07-04,0.046573314820991
2022-07-05,-0.00301292846499557
2022-07-06,0.0190814211736079
2022-07-07,0.0502823534538486
2022-07-08,-0.00139889837024931
2022-07-09,-0.000135227193467813
2022-07-10,-0.034363151398205
2022-07-11,-0.0440407347468472
2022-07-12,-0.0323174914457507
2022-07-13,0.045813728987703
2022-07-14,0.0173418276292754
2022-07-15,0.0116469941538035
2022-07-16,0.0173974373889756
2022-07-17,-0.0189290917114029
2022-07-18,0.075649845182177
2022-07-19,0.0420772010480732
2022-07-20,-0.00743548245124259
2022-07-21,-0.00306670854499558
2022-07-22,-0.0203929573407482
2022-07-23,-0.0103581446266983
2022-07-24,0.00571211226518997
2022-07-25,-0.0578317078758044
2022-07-26,-0.00264204298022719
2022-07-27,0.0768480486898255
2022-07-28,0.0380630527083881
2022-07-29,-0.00290570651606181
2022-07-30,-0.00549337214011913
2022-07-31,-0.0149220344858776
2022-08-01,-0.00108716836451705
2022-08-02,-0.0121162504204264
2022-08-03,-0.00739729209143469
2022-08-04,-0.00859970947917965
2022-08-05,0.0300200619305784
2022-08-06,-0.0154849038138831
2022-08-07,0.00954642768953029
2022-08-08,0.0270578708603662
2022-08-09,-0.0281130397960752
2022-08-10,0.0341447911544979
2022-08-11,-0.000821075027898743
2022-08-12,0.019417603769849
2022-08-13,0.00154365692195668
2022-08-14,-0.00558563256101685
2022-08-15,-0.00869508532524144
2022-08-16,-0.0100139399087293
2022-08-17,-0.0217003519236236
2022-08-18,-0.00650969143141822
2022-08-19,-0.10716790958304
2022-08-20,0.0145653049068564
2022-08-21,0.0176084265060972
2022-08-22,-0.00539574012996624
2022-08-23,0.00602345926973591
2022-08-24,-0.00750821762396647
2022-08-25,0.00889699843098768
2022-08-26,-0.0630824976037445
2022-08-27,-0.0101022119782677
2022-08-28,-0.0243483067767976
2022-08-29,0.0366554814045692
2022-08-30,-0.0236470299311744
2022-08-31,0.0119594979959547
2022-09-01,0.00405361432764728
2022-09-02,-0.00896139351331726
2022-09-03,-0.00603061970825713
2022-09-04,0.00845552107710468
2022-09-05,-0.0102249444373896
2022-09-06,-0.0521650520290393
2022-09-07,0.0263767656480596
2022-09-08,0.00139488132848165
2022-09-09,0.100396239939863
2022-09-10,0.0134036132525051
2022-09-11,0.00821300246908407
2022-09-12,0.0257289825902696
2022-09-13,-0.104497430361141
2022-09-14,0.00263067635402869
2022-09-15,-0.0262899455334846
2022-09-16,0.0051345278170789
2022-09-17,0.0155486070502064
2022-09-18,-0.0352904584441145
2022-09-19,0.00620438822169689
2022-09-20,-0.0344728321725096
2022-09-21,-0.0221583959680238
2022-09-22,0.0496771839912391
2022-09-23,-0.00577492188141093
2022-09-24,-0.0193361709410382
2022-09-25,-0.00599664433730851
2022-09-26,0.0221088426413161
2022-09-27,-0.00776312114359534
2022-09-28,0.0173386050667581
2022-09-29,0.00916263656583283
2022-09-30,-0.00865845776789698
2022-10-01,-0.00576555882359031
2022-10-02,-0.0132482992774978
2022-10-03,0.0295881468899584
2022-10-04,0.035470066752179
2022-10-05,-0.00886807694753244
2022-10-06,-0.00985029250025526
2022-10-07,-0.0218074842813216
2022-10-08,-0.00575794217145109
2022-10-09,0.00108397523750625
2022-10-10,-0.01592685534259
2022-10-11,-0.0037636326703101
2022-10-12,0.00499954855969875
2022-10-13,0.0113988381085655
2022-10-14,-0.0102822908155797
2022-10-15,-0.00562356239280959
2022-10-16,0.010100687533674
2022-10-17,0.0147830060608101
2022-10-18,-0.0114422774576841
2022-10-19,-0.0105833257695789
2022-10-20,-0.00429965743784244
2022-10-21,0.00640996125321003
2022-10-22,0.00208399000380943
2022-10-23,0.0188814047749073
2022-10-24,-0.0123744127879881
2022-10-25,0.0380839730139808
2022-10-26,0.0338584068050523
2022-10-27,-0.0232062173479086
2022-10-28,0.0145149104854418
2022-10-29,0.0105229017033004
2022-10-30,-0.00879361510266818
2022-10-31,-0.00665109063963953
2022-11-01,-0.000347534412821204
2022-11-02,-0.0163299430037913
2022-11-03,0.00277405884484949
2022-11-04,0.0455002684794454
2022-11-05,0.00710756812867963
2022-11-06,-0.0186613858307965
2022-11-07,-0.0151557084383835
2022-11-08,-0.104539948786357
2022-11-09,-0.15256777937933
2022-11-10,0.100211568440271
2022-11-11,-0.0306235436615996
2022-11-12,-0.0152430215195949
2022-11-13,-0.0291029542452623
2022-11-14,0.0175795765326132
2022-11-15,0.0167730512461794
2022-11-16,-0.014171059886845
2022-11-17,0.00178682188799861
2022-11-18,0.000472553995392033
2022-11-19,1.37719891508681e-05
2022-11-20,-0.025497948917879
2022-11-21,-0.0311264271128397
2022-11-22,0.0278477628835425
2022-11-23,0.0229172032029528
2022-11-24,-0.000250586862488689
2022-11-25,-0.00463814069506263
2022-11-26,-0.00385498545820617
2022-11-27,-0.00181163931710238
2022-11-28,-0.0132268364279646
2022-11-29,0.0140634322802118
2022-11-30,0.0429219220456449
2022-12-01,-0.0109119119942651
2022-12-02,0.00677253117024712
2022-12-03,-0.0122163133533224
2022-12-04,0.012974242698661
2022-12-05,-0.00817977063169373
2022-12-06,0.00720067030800031
2022-12-07,-0.0148751770092268
2022-12-08,0.0227521019316939
2022-12-09,-0.00556232014226055
2022-12-10,-6.24707168714878e-05
2022-12-11,-0.00248096293165112
2022-12-12,0.00727692009001579
2022-12-13,0.0322953657130043
2022-12-14,0.00159931002374236
2022-12-15,-0.0254175504220324
2022-12-16,-0.0426220919745557
2022-12-17,0.00864452424423057
2022-12-18,-0.00228615994732273
2022-12-19,-0.0180448690471717
2022-12-20,0.0274016047314589
2022-12-21,-0.0042046038497876
2022-12-22,-0.000192592901406385
2022-12-23,-0.0025553638570468
2022-12-24,0.00342827355681941
2022-12-25,-0.000238206761624227
2022-12-26,0.00517192981368275
2022-12-27,-0.0126708162731752
2022-12-28,-0.00956593439752851
2022-12-29,0.0051933796404473
2022-12-30,-0.00156373420711731
2022-12-31,-0.00392641443106534
2023-01-01,0.00448444092200617
2023-01-02,0.0033716247385005
2023-01-03,0.000138538835326329
2023-01-04,0.01045063520918
2023-01-05,-0.00109909663667196
2023-01-06,0.00703325625515383
2023-01-07,-0.000417770351582192
2023-01-08,0.0108162151473543
2023-01-09,0.00294000489853907
2023-01-10,0.0151596309333648
2023-01-11,0.0284102951545737
2023-01-12,0.0491190305151328
2023-01-13,0.0558930485095548
2023-01-14,0.0501468276844186
2023-01-15,-0.00398887165617445
2023-01-16,0.0149394736852511
2023-01-17,-0.00240262154317605
2023-01-18,-0.021876742420547
2023-01-19,0.018880985981669
2023-01-20,0.0729936990967772
2023-01-21,0.00511939752332857
2023-01-22,-0.00332678351899496
2023-01-23,0.00914299247514627
2023-01-24,-0.0124508352125883
2023-01-25,0.0187361191606463
2023-01-26,-0.0022265840828144
2023-01-27,0.0027996835390578
2023-01-28,-0.0022370345118361
2023-01-29,0.0307819252058508
2023-01-30,-0.039351458823317
2023-01-31,0.0130130964408881
2023-02-01,0.0259322535565349
2023-02-02,-0.0103224864935694
2023-02-03,-0.00243133021909614
2023-02-04,-0.00449371290986988
2023-02-05,-0.0170316321398207
2023-02-06,-0.00745767310703727
2023-02-07,0.0207794015559237
2023-02-08,-0.012010500310641
2023-02-09,-0.052141700352518
2023-02-10,-0.0078836856777027
2023-02-11,0.0109162884567464
2023-02-12,-0.00362048863047448
2023-02-13,-0.000439419064770519
2023-02-14,0.0193698619770402
2023-02-15,0.0913804911936591
2023-02-16,-0.0337113932826654
2023-02-17,0.043770785975072
2023-02-18,0.00251941520918741
2023-02-19,-0.0147308461197344
2023-02-20,0.023230285350591
2023-02-21,-0.0158252643940635
2023-02-22,-0.0111013167175216
2023-02-23,-0.0100581845457679
2023-02-24,-0.0320410284614869
2023-02-25,-0.00121789237700298
2023-02-26,0.0170316105816877
2023-02-27,-0.00266797531264018
2023-02-28,-0.0150332013979479
2023-03-01,0.0208429342438965
2023-03-02,-0.00694991510472676
2023-03-03,-0.0485031008319883
2023-03-04,-0.000347643932897768
2023-03-05,0.00373720670958555
2023-03-06,-0.000902760617455201
2023-03-07,-0.00950689504881197
2023-03-08,-0.0224374723911698
2023-03-09,-0.0638816973065754
2023-03-10,-0.0104426920836911
2023-03-11,0.01502450785779
2023-03-12,0.0726480422526166
2023-03-13,0.0918599391330712
2023-03-14,0.0228335295528606
2023-03-15,-0.0157184970805933
2023-03-16,0.0289409709791091
2023-03-17,0.0915382366931734
2023-03-18,-0.0179605738579607
2023-03-19,0.0388304253763945
2023-03-20,-0.00918880774298891
2023-03-21,0.0139179151711755
2023-03-22,-0.0308751025112404
2023-03-23,0.037610483876124
2023-03-24,-0.0301706044537671
2023-03-25,0.000308827329011052
2023-03-26,0.0182249636716012
2023-03-27,-0.0306102933461947
2023-03-28,0.00500718326606275
2023-03-29,0.0391179690895136
2023-03-30,-0.0113547262470775
2023-03-31,0.0154649894422896
2023-04-01,-0.000443795644136102
2023-04-02,-0.00992015142776559
2023-04-03,-0.0132879416650642
2023-04-04,0.0130607388888038
2023-04-05,0.000161177290397774
2023-04-06,-0.00484629843031392
2023-04-07,-0.00455809363149484
2023-04-08,0.00114782594515539
2023-04-09,0.0136996576150228
2023-04-10,0.0453340244367837
2023-04-11,0.0188207787579397
2023-04-12,-0.010396427448109
2023-04-13,0.0161223075102939
2023-04-14,0.0030601214496091
2023-04-15,-0.00565617990088185
2023-04-16,0.00031551290745746
2023-04-17,-0.0292774295720317
2023-04-18,0.031761089816273
2023-04-19,-0.053510138704068
2023-04-20,-0.0194060340625732
2023-04-21,-0.0353440507714549
2023-04-22,0.0201173493975322
2023-04-23,-0.00816681718841572
2023-04-24,-0.00289175474867243
2023-04-25,0.0283063392000713
2023-04-26,0.00403766112026638
2023-04-27,0.0365394056503661
2023-04-28,-0.00548003250136198
2023-04-29,-0.0027757795765595
2023-04-30,9.44176263359964e-05
2023-05-01,-0.0406659912079252
2023-05-02,0.0212069961651959
2023-05-03,0.012351095602062
2023-05-04,-0.00649798222826448
2023-05-05,0.0228809046533431
2023-05-06,-0.0225328154308162
2023-05-07,-0.0145991562586509
2023-05-08,-0.0271433798963674
2023-05-09,-0.00146553929819859
2023-05-10,-0.00106904203092562
2023-05-11,-0.0230965139643065
2023-05-12,-0.00645829172740875
2023-05-13,-0.000736602355228655
2023-05-14,0.00530201696864019
2023-05-15,0.00904300116410894
2023-05-16,-0.00473467735713307
2023-05-17,0.0136583223911835
2023-05-18,-0.0215521346696406
2023-05-19,0.00219658593458583
2023-05-20,0.00823120353519258
2023-05-21,-0.0131719125185139
2023-05-22,0.00378715325943979
2023-05-23,0.0136990369171226
2023-05-24,-0.0332662963152899
2023-05-25,0.00548381384400365
2023-05-26,0.00873007672659654
2023-05-27,0.00553957629226787
2023-05-28,0.0440984084261267
2023-05-29,-0.0117776184252101
2023-05-30,-0.00151540327895461
2023-05-31,-0.0176328110595243
2023-06-01,-0.0145267219636178
2023-06-02,0.0157108638581498
2023-06-03,-0.00638426849937801
2023-06-04,0.00169753602811262
2023-06-05,-0.0525071584555583
2023-06-06,0.0567345780192703
2023-06-07,-0.0332586055638568
2023-06-08,0.00602863973269407
2023-06-09,-0.000785255065132162
2023-06-10,-0.0243365192777016
2023-06-11,0.00325846449049472
2023-06-12,-0.000785634202685515
2023-06-13,0.00112115420398062
2023-06-14,-0.0315578492380286
2023-06-15,0.0185267256736541
2023-06-16,0.0287451382903789
2023-06-17,0.0065071559690324
2023-06-18,-0.00669810226795953
2023-06-19,0.018967813144009
2023-06-20,0.053088726450115
2023-06-21,0.0578495972961708
2023-06-22,-0.00363968890820843
2023-06-23,0.0265339862374443
2023-06-24,-0.00526236787393763
2023-06-25,-0.00212395241092622
2023-06-26,-0.00641095284669113
2023-06-27,0.0139256517456801
2023-06-28,-0.0202419785448829
2023-06-29,0.0122232570589524
2023-06-30,0.000810580466254152
2023-07-01,0.00373088927459264
2023-07-02,0.00101727164645737
2023-07-03,0.0174568722490278
2023-07-04,-0.0125865016096558
2023-07-05,-0.00854238463943879
2023-07-06,-0.0201787501916613
2023-07-07,0.0149162470258606
2023-07-08,-0.00198154984248156
2023-07-09,-0.00410023911227775
2023-07-10,0.00828304413390946
2023-07-11,0.00689884239295679
2023-07-12,-0.00793747333596428
2023-07-13,0.0347489761397028
2023-07-14,-0.0369894696887361
2023-07-15,-0.00074222551914005
2023-07-16,-0.00190114282765919
2023-07-17,-0.00311380127583227
2023-07-18,-0.00929617827722851
2023-07-19,0.0016758040032574
2023-07-20,-0.00365806621063314
2023-07-21,0.0034076103143903
2023-07-22,-0.00360897286834749
2023-07-23,0.00967812790707612
2023-07-24,-0.0306215681317585
2023-07-25,0.00179469724011661
2023-07-26,0.00420103631006974
2023-07-27,-0.00441078217105151
2023-07-28,0.00312145135685959
2023-07-29,0.00132135541999467
2023-07-30,-0.00244943371254003
2023-07-31,-0.00166936330560397
2023-08-01,0.0160761571043899
2023-08-02,-0.0176592240994307
2023-08-03,0.000261392455879417
2023-08-04,-0.00273206266635739
2023-08-05,-0.00143883136465028
2023-08-06,0.00056017353432658
2023-08-07,0.0042072478486439
2023-08-08,0.0189678784073806
2023-08-09,-0.00634955288503036
2023-08-10,-0.00427659298620853
2023-08-11,-0.00100948043771254
2023-08-12,0.000140681865524073
2023-08-13,-0.00430177319117142
2023-08-14,0.00432759669769922
2023-08-15,-0.00787745287960995
2023-08-16,-0.0162090849613037
2023-08-17,-0.0761687203764119
2023-08-18,-0.0216195966611483
2023-08-19,0.00176439019496399
2023-08-20,0.00344157922408783
2023-08-21,-0.0024110762869487
2023-08-22,-0.00271813243354302
2023-08-23,0.0143545687030837
2023-08-24,-0.00960496634223595
2023-08-25,-0.00459571490830157
2023-08-26,-0.00163756354596423
2023-08-27,0.0032387362406805
2023-08-28,0.000698176287034613
2023-08-29,0.0593208265640985
2023-08-30,-0.0151357950818483
2023-08-31,-0.051070088063355
2023-09-01,-0.00524603861932071
2023-09-02,0.00249484595261684
2023-09-03,0.00392356165064633
2023-09-04,-0.00560610597352529
2023-09-05,-0.00131426734962403
2023-09-06,-0.00124728324743728
2023-09-07,0.0190354868493419
2023-09-08,-0.0132081551334942
2023-09-09,-0.000343163020660953
2023-09-10,-0.00231914546068879
2023-09-11,-0.0266303976758024
2023-09-12,0.0265719630767762
2023-09-13,0.0146712042012567
2023-09-14,0.0114033481188436
2023-09-15,0.00290911459160093
2023-09-16,-0.00151731595540383
2023-09-17,-0.00121159209941446
2023-09-18,0.00881971984006569
2023-09-19,0.0165920804871487
2023-09-20,-0.00313829619942574
2023-09-21,-0.0207453166494904
2023-09-22,0.000453825178228229
2023-09-23,-0.000157272636954531
2023-09-24,-0.0124027749048938
2023-09-25,0.00214753934775658
2023-09-26,-0.00316564404966435
2023-09-27,0.00575421221580186
2023-09-28,0.0242883942227579
2023-09-29,-0.00424378538329506
2023-09-30,0.00206424782486359
2023-10-01,0.0374898807931761
2023-10-02,-0.0179527694400132
2023-10-03,-0.00247810753614353
2023-10-04,0.0127566192765869
2023-10-05,-0.0133427215220667
2023-10-06,0.0188182667350834
2023-10-07,0.0009154062279908
2023-10-08,-0.0014181982742727
2023-10-09,-0.0117798756643825
2023-10-10,-0.00727537319529503
2023-10-11,-0.0189665293285479
2023-10-12,-0.00432142654028667
2023-10-13,0.00381823992931984
2023-10-14,-0.000354466806703257
2023-10-15,0.011171707530675
2023-10-16,0.0484015661102948
2023-10-17,-0.00368633460952061
2023-10-18,-0.00267685188610933
2023-10-19,0.0138064402260003
2023-10-20,0.0327293688126815
2023-10-21,0.00808210802845188
2023-10-22,0.00275983084665299
2023-10-23,0.0976802078654782
2023-10-24,0.0254590665708623
2023-10-25,0.0167595335532482
2023-10-26,-0.0100336308158795
2023-10-27,-0.00763160546721053
2023-10-28,0.00556045580782616
2023-10-29,0.0129694331309018
2023-10-30,-0.00148288549798181
2023-10-31,0.00477585206277631
2023-11-01,0.0223145602612131
2023-11-02,-0.0136391939573102
2023-11-03,-0.00645466669736372
2023-11-04,0.00989677583723036
2023-11-05,-0.00143248692510056
2023-11-06,0.00097661986835007
2023-11-07,0.0100229087373371
2023-11-08,0.00635281783512198
2023-11-09,0.0297666759831543
2023-11-10,0.0162305705349084
2023-11-11,-0.0046117572378801
2023-11-12,-0.00177561263421211
2023-11-13,-0.0163535274925213
2023-11-14,-0.0253224983929368
2023-11-15,0.0628739714000108
2023-11-16,-0.045797001672133
2023-11-17,0.0123778965726657
2023-11-18,-0.00125222031278582
2023-11-19,0.0214205903732054
2023-11-20,0.00237726663328708
2023-11-21,-0.0466574572380054
2023-11-22,0.0455769987877179
2023-11-23,-0.00305371052944281
2023-11-24,0.0111800129543678
2023-11-25,0.00177761952883415
2023-11-26,-0.0088595133917142
2023-11-27,-0.00548213030936751
2023-11-28,0.0153522319467534
2023-11-29,0.000945377125075808
2023-11-30,-0.00345812518965616
2023-12-01,0.0250923820630913
2023-12-02,0.0196551008311658
2023-12-03,0.0131427942891875
2023-12-04,0.049271977534902
2023-12-05,0.0483969196447056
2023-12-06,-0.00707298282314284
2023-12-07,-0.0112495086853492
2023-12-08,0.0205361195573293
2023-12-09,-0.0104089722604943
2023-12-10,0.00173502448182106
2023-12-11,-0.0596607573549246
2023-12-12,0.00577650330127888
2023-12-13,0.0326396168808305
2023-12-14,0.00356800235645949
2023-12-15,-0.0254704776409778
2023-12-16,0.00802038725814036
2023-12-17,-0.0215991913352074
2023-12-18,0.0305417667085521
2023-12-19,-0.00899082854925304
2023-12-20,0.0324175526446293
2023-12-21,0.0044069165684455
2023-12-22,0.00244196806705155
2023-12-23,-0.00608822108872609
2023-12-24,-0.0163951070628521
2023-12-25,0.0135071016356854
2023-12-26,-0.02479535186467
2023-12-27,0.0214097952982097
2023-12-28,-0.0201207798082343
2023-12-29,-0.0117407902387345
2023-12-30,0.00174165611518973
2023-12-31,0.00339477814973144
2024-01-01,0.04386318131378
2024-01-02,0.0172200031711363
2024-01-03,-0.0478876952125606
2024-01-04,0.0300235215075553
2024-01-05,-0.000135679663015864
2024-01-06,-0.00401278754508816
2024-01-07,-0.000894225072540777
2024-01-08,0.0665302071124074
2024-01-09,-0.0180755104150307
2024-01-10,0.0117286079638337
2024-01-11,-0.00677106223072954
2024-01-12,-0.0798528754667807
2024-01-13,0.00152421964067528
2024-01-14,-0.0263821287056398
2024-01-15,0.0184886108803486
2024-01-16,0.0146379018282996
2024-01-17,-0.00842358472543125
2024-01-18,-0.0344513974581595
2024-01-19,0.00799001389132847
2024-01-20,0.00088800843025183
2024-01-21,-0.00277894136030099
2024-01-22,-0.0496060026684209
2024-01-23,0.00829495547288239
2024-01-24,0.00468303414114501
2024-01-25,-0.0030929751663038
2024-01-26,0.045552390926284
2024-01-27,0.00707902280697681
2024-01-28,-0.00212877563897429
2024-01-29,0.0298061199427107
2024-01-30,-0.00838557945989216
2024-01-31,-0.00844474979738408
2024-02-01,0.0117424356196096
2024-02-02,0.00271340016512234
2024-02-03,-0.00438250583204614
2024-02-04,-0.0100056948515466
2024-02-05,0.00295035198709037
2024-02-06,0.0090959883104258
2024-02-07,0.0286050546851992
2024-02-08,0.0209527596700561
2024-02-09,0.0399120635942172
2024-02-10,0.0130333810778716
2024-02-11,0.0114294597278359
2024-02-12,0.0329356814465882
2024-02-13,-0.00437035149418286
2024-02-14,0.0413002181031992
2024-02-15,0.00163645777347021
2024-02-16,0.00469424618442638
2024-02-17,-0.00927991780063131
2024-02-18,0.00954003229467659
2024-02-19,-0.00698552773070737
2024-02-20,0.00930648803090151
2024-02-21,-0.00786551052646089
2024-02-22,-0.0108781741989521
2024-02-23,-0.0106686553597655
2024-02-24,0.0161092509338552
2024-02-25,0.00311006167888905
2024-02-26,0.0517532123675615
2024-02-27,0.045937275755513
2024-02-28,0.0903734251045645
2024-02-29,-0.0210607908615081
2024-03-01,0.0203525709953407
2024-03-02,-0.00644214360963424
2024-03-03,0.0180129369484128
2024-03-04,0.0781724352918935
2024-03-05,-0.0685531603092357
2024-03-06,0.0362145168030423
2024-03-07,0.0112739452488633
2024-03-08,0.019282486315177
2024-03-09,0.0027716745979518
2024-03-10,0.00936284218864714
2024-03-11,0.0442833735611536
2024-03-12,-0.00872421781149413
2024-03-13,0.0224248317904916
2024-03-14,-0.0233079119450093
2024-03-15,-0.0268183610911699
2024-03-16,-0.0623229102797112
2024-03-17,0.0462758144323558
2024-03-18,-0.0115217452522192
2024-03-19,-0.0876315556373353
2024-03-20,0.0910353115859426
2024-03-21,-0.0350899773778561
2024-03-22,-0.026369007379099
2024-03-23,0.003026453038661
2024-03-24,0.0490949197687058
2024-03-25,0.0389577311738254
2024-03-26,0.00154417041406596
2024-03-27,-0.00742893802462063
2024-03-28,0.0186900910945322
2024-03-29,-0.0132271353273712
2024-03-30,-0.0038493164497222
2024-03-31,0.0241074233791601
2024-04-01,-0.023136094733017
2024-04-02,-0.0619796082519777
2024-04-03,0.00759800309302783
2024-04-04,0.0375572576425185
2024-04-05,-0.00978920270313388
2024-04-06,0.015731842680184
2024-04-07,0.00671783411189608
2024-04-08,0.0320584092764378
2024-04-09,-0.0351541533965403
2024-04-10,0.0212500630830323
2024-04-11,-0.00888603616768435
2024-04-12,-0.042154024711694
2024-04-13,-0.0487273574622229
2024-04-14,0.0268150789151864
2024-04-15,-0.0347388233991399
2024-04-16,0.00587046853647699
2024-04-17,-0.0402389732109274
2024-04-18,0.0351580069988131
2024-04-19,0.00546682516053743
2024-04-20,0.0174374130268209
2024-04-21,8.62322910144542e-06
2024-04-22,0.0285107851109476
2024-04-23,-0.00608438265145139
2024-04-24,-0.0325101568509041
2024-04-25,0.0032417662557922
2024-04-26,-0.0113564698957145
2024-04-27,-0.00484203071601819
2024-04-28,-0.00542517324395142
2024-04-29,0.011771325220062
2024-04-30,-0.0513048317682525
2024-05-01,-0.0387664255347442
2024-05-02,0.0118483236441396
2024-05-03,0.0626959085169645
2024-05-04,0.015934670725068
2024-05-05,0.00187578179975922
2024-05-06,-0.0133172075113315
2024-05-07,-0.0135980507937319
2024-05-08,-0.0181220133351196
2024-05-09,0.0302755046599081
2024-05-10,-0.0367191743050448
2024-05-11,0.00042754024092595
2024-05-12,0.0107596509793826
2024-05-13,0.0234063469685157
2024-05-14,-0.0218867810086127
2024-05-15,0.0724822637554468
2024-05-16,-0.0147792915907168
2024-05-17,0.0270514103613149
2024-05-18,-0.00162461809433623
2024-05-19,-0.00962833180616052
2024-05-20,0.07515278314448
2024-05-21,-0.0183384547582275
2024-05-22,-0.0140937663868144
2024-05-23,-0.0174570942889201
2024-05-24,0.00850197811469044
2024-05-25,0.0107455617713441
2024-05-26,-0.0113631120978983
2024-05-27,0.0134659479373287
2024-05-28,-0.015062371400381
2024-05-29,-0.0109661600050792
2024-05-30,0.0102901846853438
2024-05-31,-0.011953148002231
2024-06-01,0.0033529743062477
2024-06-02,-1.80030646532714e-05
2024-06-03,0.0152924956767801
2024-06-04,0.024801673478585
2024-06-05,0.00805054464566091
2024-06-06,-0.00435412428506154
2024-06-07,-0.0205988304548725
2024-06-08,-0.000651060563695793
2024-06-09,0.00486016215908336
2024-06-10,-0.00155386833617754
2024-06-11,-0.0325303224150293
2024-06-12,0.0140105905794901
2024-06-13,-0.022083437764671
2024-06-14,-0.0109779218241393
2024-06-15,0.00278607392131214
2024-06-16,0.00675100709229248
2024-06-17,-0.00259105784495262
2024-06-18,-0.0201861886584318
2024-06-19,-0.00308798522197584
2024-06-20,-0.00160777137311996
2024-06-21,-0.0112614167598419
2024-06-22,0.00184493606621849
2024-06-23,-0.016505957689855
2024-06-24,-0.0472416882382802
2024-06-25,0.0247796224774568
2024-06-26,-0.0153424763626777
2024-06-27,0.0137306550868015
2024-06-28,-0.0209388617515138
2024-06-29,0.00920555377461696
2024-06-30,0.0288537938097448
2024-07-01,0.00203673124071102
2024-07-02,-0.0122290033197405
2024-07-03,-0.0315021343281217
2024-07-04,-0.0538866154831013
2024-07-05,-0.0074107384621982
2024-07-06,0.0278854052420172
2024-07-07,-0.0415935637799851
2024-07-08,0.0152226712283134
2024-07-09,0.0232726823228457
2024-07-10,-0.00559962802257985
2024-07-11,-0.0067085380495211
2024-07-12,0.00953256917171252
2024-07-13,0.0224603337463858
2024-07-14,0.0265659683913899
2024-07-15,0.0625788251846497
2024-07-16,0.00492957165544361
2024-07-17,-0.0148068273440281
2024-07-18,-0.00156266733320365
2024-07-19,0.0409107573354444
2024-07-20,0.00717432290208464
2024-07-21,0.0151568287409898
2024-07-22,-0.00933451682978337
2024-07-23,-0.0239169814342173
2024-07-24,-0.0085295076234555
2024-07-25,0.00646385981735165
2024-07-26,0.031534622237757
2024-07-27,-0.000169213845984117
2024-07-28,0.00519118897742921
2024-07-29,-0.0217018131643449
2024-07-30,-0.00897468502782317
2024-07-31,-0.0238514242150139
2024-08-01,0.0111711996833446
2024-08-02,-0.0608089331256902
2024-08-03,-0.0130994361288614
2024-08-04,-0.042695556818197
2024-08-05,-0.0738827077815429
2024-08-06,0.0364123299874937
2024-08-07,-0.0159751614680061
2024-08-08,0.11228735091416
2024-08-09,-0.0138424093072871
2024-08-10,0.0014047135434847
2024-08-11,-0.0369649586682073
2024-08-12,0.0107413218969405
2024-08-13,0.020687318243457
2024-08-14,-0.0319261018184243
2024-08-15,-0.0196579426462016
2024-08-16,0.0229109783372543
2024-08-17,0.0104319233822086
2024-08-18,-0.0180575795170022
2024-08-19,0.0171580624359464
2024-08-20,-0.00717084969859272
2024-08-21,0.0356571523861469
2024-08-22,-0.0128394423275786
2024-08-23,0.0588757642166264
2024-08-24,0.00186857109189553
2024-08-25,0.000981328433416806
2024-08-26,-0.0218183604181235
2024-08-27,-0.0559496085012547
2024-08-28,-0.00641792529474294
2024-08-29,0.00547512637522551
2024-08-30,-0.00396715660871294
2024-08-31,-0.00254026496747528
2024-09-01,-0.0287634153194443
2024-09-02,0.0314413475808042
2024-09-03,-0.0282028977798507
2024-09-04,0.00836962677502484
2024-09-05,-0.03138033882672
2024-09-06,-0.0402627510802898
2024-09-07,0.00366043675954408
2024-09-08,0.0130073324703552
2024-09-09,0.0388219987792411
2024-09-10,0.0103593603630525
2024-09-11,-0.00518361878624241
2024-09-12,0.0137582112804253
2024-09-13,0.0398885151769495
2024-09-14,-0.00838191783156894
2024-09-15,-0.0144561557687215
2024-09-16,-0.0156465291807422
2024-09-17,0.0354383795991602
2024-09-18,0.0236916603421484
2024-09-19,0.0190530860779141
2024-09-20,0.00401208506152884
2024-09-21,0.00233757496109988
2024-09-22,0.00362096240415788
2024-09-23,-0.00376256907174799
2024-09-24,0.0144624863793918
2024-09-25,-0.0174346923431639
2024-09-26,0.0315157856913526
2024-09-27,0.00910258412800147
2024-09-28,0.0013378619530755
2024-09-29,-0.00389457331647769
2024-09-30,-0.035285240554753
2024-10-01,-0.0406362449266595
2024-10-02,-0.00257708631677644
2024-10-03,0.00170392635284777
2024-10-04,0.0217088304100379
2024-10-05,-0.000451089065517607
2024-10-06,0.0122026298209956
2024-10-07,-0.00953128403132553
2024-10-08,-0.00102118850218602
2024-10-09,-0.0248304829764283
2024-10-10,-0.00511945283253112
2024-10-11,0.0360366989274485
2024-10-12,0.0105963620019303
2024-10-13,-0.00533329351995704
2024-10-14,0.0498570882341056
2024-10-15,0.0148720660152133
2024-10-16,0.00810537040398351
2024-10-17,-0.00293583404634568
2024-10-18,0.0148139864714203
2024-10-19,-0.000730962124851686
2024-10-20,0.00951888488044794
2024-10-21,-0.0242588860534898
2024-10-22,0.000719565917689735
2024-10-23,-0.0112958727724362
2024-10-24,0.0226845171526353
2024-10-25,-0.0222394294631645
2024-10-26,0.00589622437056292
2024-10-27,0.013750632418521
2024-10-28,0.0281284672152076
2024-10-29,0.0388869828293767
2024-10-30,-0.00539947366834426
2024-10-31,-0.0287846116959098
