"Date","Returns","garch_sigma","msgarch_sigma","gas_sigma"
2017-08-18,-0.042112865483654,0,0,0
2017-08-19,0.00766460073757358,0,0,0
2017-08-20,-0.013053488973032,0,0,0
2017-08-21,-0.0173510855452204,0,0,0
2017-08-22,0.0059583095836313,0,0,0
2017-08-23,0.0181535299791076,0,0,0
2017-08-24,0.0479331424011864,0,0,0
2017-08-25,-0.00821948887482726,0,0,0
2017-08-26,0.0131724368457515,0,0,0
2017-08-27,-0.0063440880256973,0,0,0
2017-08-28,0.0176347320652699,0,0,0
2017-08-29,0.0447558973343103,0,0,0
2017-08-30,-0.00707458800301985,0,0,0
2017-08-31,0.0365880145562922,0,0,0
2017-09-01,0.0230182342096352,0,0,0
2017-09-02,-0.0779954731948909,0,0,0
2017-09-03,0.00822610030856907,0,0,0
2017-09-04,-0.09507933895609,0,0,0
2017-09-05,0.0629410997381523,0,0,0
2017-09-06,0.0563900179478143,0,0,0
2017-09-07,0.0154308868273265,0,0,0
2017-09-08,-0.0911688058299713,0,0,0
2017-09-09,-0.0056172227671496,0,0,0
2017-09-10,-0.0306227871969629,0,0,0
2017-09-11,0.0187321698756637,0,0,0
2017-09-12,-0.0106902557572646,0,0,0
2017-09-13,-0.054038534727658,0,0,0
2017-09-14,-0.21265671116187,0,0,0
2017-09-15,0.148619160083442,0,0,0
2017-09-16,0.00403239947876877,0,0,0
2017-09-17,-0.00403510218512437,0,0,0
2017-09-18,0.0866786630897636,0,0,0
2017-09-19,-0.0314611759096124,0,0,0
2017-09-20,-0.00257105098837407,0,0,0
2017-09-21,-0.0772715508777502,0,0,0
2017-09-22,-0.00391903758114864,0,0,0
2017-09-23,0.0499380449547946,0,0,0
2017-09-24,-0.0322553977522766,0,0,0
2017-09-25,0.0688143501531773,0,0,0
2017-09-26,-0.00984232163823151,0,0,0
2017-09-27,0.0769758277944597,0,0,0
2017-09-28,-0.00442187753670709,0,0,0
2017-09-29,4.5513397116892e-05,0,0,0
2017-09-30,0.0476683798156756,0,0,0
2017-10-01,-6.85166935276982e-06,0,0,0
2017-10-02,0.000347092192997778,0,0,0
2017-10-03,-0.0161108202726989,0,0,0
2017-10-04,-0.0238102293831535,0,0,0
2017-10-05,0.0197253314109176,0,0,0
2017-10-06,0.0176811438258788,0,0,0
2017-10-07,0.0122840489168912,0,0,0
2017-10-08,0.0478961673519738,0,0,0
2017-10-09,0.0311790991625713,0,0,0
2017-10-10,-0.000812956353072991,0,0,0
2017-10-11,0.00799005551181509,0,0,0
2017-10-12,0.118868569386366,0,0,0
2017-10-13,0.039712871383232,0,0,0
2017-10-14,0.0382009249319655,0,0,0
2017-10-15,-0.0276356579081405,0,0,0
2017-10-16,0.00872367457109213,0,0,0
2017-10-17,-0.0290676051601046,0,0,0
2017-10-18,-0.014934922770701,0,0,0
2017-10-19,0.0306991978427096,0,0,0
2017-10-20,0.0557887956033465,0,0,0
2017-10-21,0.00248608767196679,0,0,0
2017-10-22,-0.0125179192147833,0,0,0
2017-10-23,-0.00574586843701042,0,0,0
2017-10-24,-0.0770857292216736,0,0,0
2017-10-25,0.0381455074297072,0,0,0
2017-10-26,0.0297431150957941,0,0,0
2017-10-27,-0.0159823187680583,0,0,0
2017-10-28,-0.00856342064703597,0,0,0
2017-10-29,0.0757897300728061,0,0,0
2017-10-30,-0.00805180388752547,0,0,0
2017-10-31,0.0544498137473273,0,0,0
2017-11-01,0.0440383544700609,0,0,0
2017-11-02,0.0386284082799939,0,0,0
2017-11-03,0.0134504844207086,0,0,0
2017-11-04,0.0334536206710272,0,0,0
2017-11-05,-0.00164330302724736,0,0,0
2017-11-06,-0.0538244555182938,0,0,0
2017-11-07,0.0148204102227751,0,0,0
2017-11-08,0.0332680968381904,0,0,0
2017-11-09,-0.0310127273627199,0,0,0
2017-11-10,-0.0843970483801613,0,0,0
2017-11-11,-0.0410862969444779,0,0,0
2017-11-12,-0.0720313142483597,0,0,0
2017-11-13,0.1067982970486,0,0,0
2017-11-14,0.0167169243992689,0,0,0
2017-11-15,0.0963564365059799,0,0,0
2017-11-16,0.0827294680424568,0,0,0
2017-11-17,-0.0212438331774791,0,0,0
2017-11-18,0.00811717442925364,0,0,0
2017-11-19,0.0349479930766741,0,0,0
2017-11-20,0.0214162031296787,0,0,0
2017-11-21,-0.0113266916315098,0,0,0
2017-11-22,0.0105860374831224,0,0,0
2017-11-23,-0.0229186700134481,0,0,0
2017-11-24,0.0146072745846464,0,0,0
2017-11-25,0.0667797255056666,0,0,0
2017-11-26,0.0480246285326817,0,0,0
2017-11-27,0.0556091117330482,0,0,0
2017-11-28,0.0252535572155903,0,0,0
2017-11-29,-0.0213358528498802,0,0,0
2017-11-30,0.0154743947049525,0,0,0
2017-12-01,0.0916198780922475,0,0,0
2017-12-02,0.00987596270428881,0,0,0
2017-12-03,0.0249747512985863,0,0,0
2017-12-04,0.0363725061134552,0,0,0
2017-12-05,0.0103948744723557,0,0,0
2017-12-06,0.146802250253311,0,0,0
2017-12-07,0.202952215228281,0,0,0
2017-12-08,-0.0442819967650934,0,0,0
2017-12-09,-0.0802058716977481,0,0,0
2017-12-10,0.0165052865473925,0,0,0
2017-12-11,0.107317863177574,0,0,0
2017-12-12,-0.0144504481239274,0,0,0
2017-12-13,-0.0195600999850303,0,0,0
2017-12-14,0.018641634950173,0,0,0
2017-12-15,0.0711654740773753,0,0,0
2017-12-16,0.0853532976067424,0,0,0
2017-12-17,-0.0127832547214055,0,0,0
2017-12-18,-0.000199913724900469,0,0,0
2017-12-19,-0.0864154175671175,0,0,0
2017-12-20,-0.0477367273698537,0,0,0
2017-12-21,-0.0623272065443405,0,0,0
2017-12-22,-0.150602284174882,0,0,0
2017-12-23,-0.00199875304133279,0,0,0
2017-12-24,0.014925650216675,0,0,0
2017-12-25,0.014657971046752,0,0,0
2017-12-26,0.135612810748734,0,0,0
2017-12-27,-0.014705070911333,0,0,0
2017-12-28,-0.0862740851659947,0,0,0
2017-12-29,0.013780543072329,0,0,0
2017-12-30,-0.14484396306564,0,0,0
2017-12-31,0.0976713898061643,0,0,0
2018-01-01,-0.0248282262753126,0,0,0
2018-01-02,0.0923918067270399,0,0,0
2018-01-03,0.0165168909861304,0,0,0
2018-01-04,0.00934192500328912,0,0,0
2018-01-05,0.118868947965845,0,0,0
2018-01-06,0.00642960906357715,0,0,0
2018-01-07,-0.0553883271938851,0,0,0
2018-01-08,-0.0803902390303346,0,0,0
2018-01-09,-0.0343034616397908,0,0,0
2018-01-10,0.0346087321201924,0,0,0
2018-01-11,-0.118686537454003,0,0,0
2018-01-12,0.0371616133478323,0,0,0
2018-01-13,0.0336339275130335,0,0,0
2018-01-14,-0.0531105674292522,0,0,0
2018-01-15,0.00480772292394782,0,0,0
2018-01-16,-0.216880308368607,0,0,0
2018-01-17,0.00811287302797936,0,0,0
2018-01-18,-0.00244365236977195,0,0,0
2018-01-19,0.0457370031323947,0,0,0
2018-01-20,0.109271470388885,0,0,0
2018-01-21,-0.104488149133617,0,0,0
2018-01-22,-0.0691121327179776,0,0,0
2018-01-23,0.00363000375873845,0,0,0
2018-01-24,0.0497466575480257,0,0,0
2018-01-25,-0.0155135615881701,0,0,0
2018-01-26,-0.00774967531050486,0,0,0
2018-01-27,0.035610494304418,0,0,0
2018-01-28,0.0332879848959351,0,0,0
2018-01-29,-0.0543950915824976,0,0,0
2018-01-30,-0.0943985876092466,0,0,0
2018-01-31,0.00463781997538781,0,0,0
2018-02-01,-0.10883108990255,0,0,0
2018-02-02,-0.0388488171614263,0,0,0
2018-02-03,0.0361827973283564,0,0,0
2018-02-04,-0.116919138860657,0,0,0
2018-02-05,-0.164979663763315,0,0,0
2018-02-06,0.0976850136855152,0,0,0
2018-02-07,-0.00696868759335167,0,0,0
2018-02-08,0.0240562545658278,0,0,0
2018-02-09,0.109400125375595,0,0,0
2018-02-10,-0.0174171984329181,0,0,0
2018-02-11,-0.0566610109302434,0,0,0
2018-02-12,0.0989934683256255,0,0,0
2018-02-13,-0.0416390004614868,0,0,0
2018-02-14,0.101264385173986,0,0,0
2018-02-15,0.0565804096495128,0,0,0
2018-02-16,0.0158623806909155,0,0,0
2018-02-17,0.0830278055041749,0,0,0
2018-02-18,-0.0612730128352883,0,0,0
2018-02-19,0.0714972536990519,0,0,0
2018-02-20,0.00429364723937375,0,0,0
2018-02-21,-0.0705874962823732,0,0,0
2018-02-22,-0.061906388740093,0,0,0
2018-02-23,0.0320956961120018,0,0,0
2018-02-24,-0.0440442324402053,0,0,0
2018-02-25,-0.0108388570057567,0,0,0
2018-02-26,0.0737503929610206,0,0,0
2018-02-27,0.0234576908169117,0,0,0
2018-02-28,-0.0231903883044211,0,0,0
2018-03-01,0.0558573859479008,0,0,0
2018-03-02,0.0108384867194555,0,0,0
2018-03-03,0.0378191028154955,0,0,0
2018-03-04,0.00439697342093837,0,0,0
2018-03-05,-0.00531151930098339,0,0,0
2018-03-06,-0.0665562704593246,0,0,0
2018-03-07,-0.0782383951704446,0,0,0
2018-03-08,-0.0665840696328495,0,0,0
2018-03-09,-0.00482631011262846,0,0,0
2018-03-10,-0.0507720770081495,0,0,0
2018-03-11,0.0834573624361141,0,0,0
2018-03-12,-0.0431068012932485,0,0,0
2018-03-13,0.00204142655629624,0,0,0
2018-03-14,-0.113284970415519,0,0,0
2018-03-15,0.00865036001644981,0,0,0
2018-03-16,0.00230531864452566,0,0,0
2018-03-17,-0.0541264105387409,0,0,0
2018-03-18,0.045614499868865,0,0,0
2018-03-19,0.0488495263964506,0,0,0
2018-03-20,0.0354097935518247,0,0,0
2018-03-21,-0.00280753520467236,0,0,0
2018-03-22,-0.0184127101671354,0,0,0
2018-03-23,0.0198781524828551,0,0,0
2018-03-24,-0.0402659398889877,0,0,0
2018-03-25,-0.00901574596303156,0,0,0
2018-03-26,-0.0404671346142624,0,0,0
2018-03-27,-0.0425331565310518,0,0,0
2018-03-28,0.0195359475501178,0,0,0
2018-03-29,-0.114378788004737,0,0,0
2018-03-30,-0.0358837296702603,0,0,0
2018-03-31,0.0121592821624663,0,0,0
2018-04-01,-0.0161466193899518,0,0,0
2018-04-02,0.0350442991318545,0,0,0
2018-04-03,0.0483054878299036,0,0,0
2018-04-04,-0.0858348882950022,0,0,0
2018-04-05,-0.00373557764542909,0,0,0
2018-04-06,-0.0253331076753192,0,0,0
2018-04-07,0.0436322977019881,0,0,0
2018-04-08,0.0175657465403916,0,0,0
2018-04-09,-0.0341000757188716,0,0,0
2018-04-10,0.00897954314265093,0,0,0
2018-04-11,0.0159290900979485,0,0,0
2018-04-12,0.130483087300355,0,0,0
2018-04-13,-0.00577075234354041,0,0,0
2018-04-14,0.0153186143826076,0,0,0
2018-04-15,0.0435423780251849,0,0,0
2018-04-16,-0.0353363699242184,0,0,0
2018-04-17,-0.0225590352497189,0,0,0
2018-04-18,0.0358712816605724,0,0,0
2018-04-19,0.0127653547925473,0,0,0
2018-04-20,0.0676044553974187,0,0,0
2018-04-21,0.00656417484132277,0,0,0
2018-04-22,-0.0144943909644883,0,0,0
2018-04-23,0.0165897096479615,0,0,0
2018-04-24,0.0739778829272808,0,0,0
2018-04-25,-0.0811695562508987,0,0,0
2018-04-26,0.0436781180693195,0,0,0
2018-04-27,-0.0385772767752872,0,0,0
2018-04-28,0.047387906457443,0,0,0
2018-04-29,0.00756650916406798,0,0,0
2018-04-30,-0.018536818726453,0,0,0
2018-05-01,-0.019056680995627,0,0,0
2018-05-02,0.0192545846236953,0,0,0
2018-05-03,0.0528772742674608,0,0,0
2018-05-04,-0.00370017052877536,0,0,0
2018-05-05,0.0153246513810625,0,0,0
2018-05-06,-0.0210006073615592,0,0,0
2018-05-07,-0.0309118226044323,0,0,0
2018-05-08,-0.0191289407661763,0,0,0
2018-05-09,0.0132386961590996,0,0,0
2018-05-10,-0.033620099379986,0,0,0
2018-05-11,-0.069237286059721,0,0,0
2018-05-12,0.00781934905213078,0,0,0
2018-05-13,0.0249370630744803,0,0,0
2018-05-14,-0.0018877884641455,0,0,0
2018-05-15,-0.0235147772138582,0,0,0
2018-05-16,-0.0157220961191236,0,0,0
2018-05-17,-0.0352527974339143,0,0,0
2018-05-18,0.0243666266582707,0,0,0
2018-05-19,-0.000767302278241289,0,0,0
2018-05-20,0.0350252711415013,0,0,0
2018-05-21,-0.017239379358676,0,0,0
2018-05-22,-0.0494196844285462,0,0,0
2018-05-23,-0.0614132037310231,0,0,0
2018-05-24,0.00969168477845095,0,0,0
2018-05-25,-0.015701482964916,0,0,0
2018-05-26,-0.0166375729770287,0,0,0
2018-05-27,0.000685615393908989,0,0,0
2018-05-28,-0.0332473019212891,0,0,0
2018-05-29,0.0497743924611012,0,0,0
2018-05-30,-0.0115022582722553,0,0,0
2018-05-31,0.0146762906299482,0,0,0
2018-06-01,0.00479808357776257,0,0,0
2018-06-02,0.0157010924184853,0,0,0
2018-06-03,0.00966903429778121,0,0,0
2018-06-04,-0.0299023809215235,0,0,0
2018-06-05,0.018264139244927,0,0,0
2018-06-06,0.00442821376009839,0,0,0
2018-06-07,0.00420067953554515,0,0,0
2018-06-08,-0.0114604393246598,0,0,0
2018-06-09,-0.0148010309730218,0,0,0
2018-06-10,-0.102038962066379,0,0,0
2018-06-11,0.015694401256896,0,0,0
2018-06-12,-0.051048241393616,0,0,0
2018-06-13,-0.0370039988334252,0,0,0
2018-06-14,0.0531034140049691,0,0,0
2018-06-15,-0.0379442488638748,0,0,0
2018-06-16,0.0147724097569331,0,0,0
2018-06-17,-0.00531485548962785,0,0,0
2018-06-18,0.0399458369222572,0,0,0
2018-06-19,0.00427393324847358,0,0,0
2018-06-20,0.00300680385790919,0,0,0
2018-06-21,-0.00633071730489654,0,0,0
2018-06-22,-0.105684036520302,0,0,0
2018-06-23,0.0172173457138634,0,0,0
2018-06-24,-0.00211769476755208,0,0,0
2018-06-25,0.0185702775461642,0,0,0
2018-06-26,-0.0294143149196238,0,0,0
2018-06-27,0.0103159501289998,0,0,0
2018-06-28,-0.0466812759721211,0,0,0
2018-06-29,0.0570919800962901,0,0,0
2018-06-30,0.0305314710532549,0,0,0
2018-07-01,-0.00521854375051944,0,0,0
2018-07-02,0.0398569571685989,0,0,0
2018-07-03,-0.0154514219117381,0,0,0
2018-07-04,0.011162758917985,0,0,0
2018-07-05,-0.00881054907261358,0,0,0
2018-07-06,0.0122659461072736,0,0,0
2018-07-07,0.022025674267196,0,0,0
2018-07-08,-0.00666417692937671,0,0,0
2018-07-09,-0.0074741155247473,0,0,0
2018-07-10,-0.0563787153338708,0,0,0
2018-07-11,0.0128065068707635,0,0,0
2018-07-12,-0.0201928841651391,0,0,0
2018-07-13,-0.00577612447044906,0,0,0
2018-07-14,0.00600327795039313,0,0,0
2018-07-15,0.0160289032728702,0,0,0
2018-07-16,0.0566578258813841,0,0,0
2018-07-17,0.0846739978045523,0,0,0
2018-07-18,0.00877051802308593,0,0,0
2018-07-19,0.0113564495565264,0,0,0
2018-07-20,-0.0173852338763183,0,0,0
2018-07-21,0.00831284802166543,0,0,0
2018-07-22,-0.000539423559931862,0,0,0
2018-07-23,0.0431694863012382,0,0,0
2018-07-24,0.083957895934418,0,0,0
2018-07-25,-0.0267440792484894,0,0,0
2018-07-26,-0.0317677953544528,0,0,0
2018-07-27,0.0333480736191305,0,0,0
2018-07-28,0.00444388041603005,0,0,0
2018-07-29,-0.00170844113484314,0,0,0
2018-07-30,-0.00452612076238523,0,0,0
2018-07-31,-0.0557194321230075,0,0,0
2018-08-01,-0.0164784684795176,0,0,0
2018-08-02,-0.01042553901822,0,0,0
2018-08-03,-0.0143105351679385,0,0,0
2018-08-04,-0.0566997469259451,0,0,0
2018-08-05,0.00204502983122445,0,0,0
2018-08-06,-0.0128048079501202,0,0,0
2018-08-07,-0.0314580150641159,0,0,0
2018-08-08,-0.0669312410244167,0,0,0
2018-08-09,0.0382089414640792,0,0,0
2018-08-10,-0.0608971600580759,0,0,0
2018-08-11,0.0142758452890508,0,0,0
2018-08-12,0.0121175135164133,0,0,0
2018-08-13,-0.0098736890997877,0,0,0
2018-08-14,-0.00937243227841655,0,0,0
2018-08-15,0.0126984405980508,0,0,0
2018-08-16,0.00708967418807482,0,0,0
2018-08-17,0.0423039077871845,0,0,0
2018-08-18,-0.0303019148563859,0,0,0
2018-08-19,0.0139242962674473,0,0,0
2018-08-20,-0.0349837008045029,0,0,0
2018-08-21,0.0353649463088423,0,0,0
2018-08-22,-0.018552205695519,0,0,0
2018-08-23,0.0254741811059667,0,0,0
2018-08-24,0.0237209806235601,0,0,0
2018-08-25,0.0077523928581904,0,0,0
2018-08-26,-0.00500833285946278,0,0,0
2018-08-27,0.0306652758034129,0,0,0
2018-08-28,0.0239515194823117,0,0,0
2018-08-29,-0.00636408895371865,0,0,0
2018-08-30,-0.00661814650998238,0,0,0
2018-08-31,0.00376821048841514,0,0,0
2018-09-01,0.0265721182025764,0,0,0
2018-09-02,0.0140672378103837,0,0,0
2018-09-03,-0.00535393241702664,0,0,0
2018-09-04,0.0131364868896284,0,0,0
2018-09-05,-0.0938246807960006,0,0,0
2018-09-06,-0.0278453009744428,0,0,0
2018-09-07,-0.0186613529871007,0,0,0
2018-09-08,-0.0334657825492268,0,0,0
2018-09-09,0.0105759654648061,0,0,0
2018-09-10,0.00974152819261853,0,0,0
2018-09-11,-0.00271121321062751,0,0,0
2018-09-12,0.00691970880844828,0,0,0
2018-09-13,0.0231976720697116,0,0,0
2018-09-14,-0.00165843785432251,0,0,0
2018-09-15,0.00590075752350927,0,0,0
2018-09-16,-0.00152995891582464,0,0,0
2018-09-17,-0.0401992701853082,0,0,0
2018-09-18,0.0139468329382435,0,0,0
2018-09-19,0.0087113245872299,0,0,0
2018-09-20,0.0155406503477113,0,0,0
2018-09-21,0.0403072594790999,0,0,0
2018-09-22,-0.00533598851616901,0,0,0
2018-09-23,-0.00224107665431283,0,0,0
2018-09-24,-0.0190548747324666,0,0,0
2018-09-25,-0.0205473065193562,0,0,0
2018-09-26,0.00272291082733744,0,0,0
2018-09-27,0.0340622473040462,0,0,0
2018-09-28,-0.00818845573814642,0,0,0
2018-09-29,-0.00577435139132021,0,0,0
2018-09-30,0.00456631121771167,0,0,0
2018-10-01,-0.00226013037565842,0,0,0
2018-10-02,-0.0130651758761378,0,0,0
2018-10-03,-0.00242256245649486,0,0,0
2018-10-04,0.0127888407881738,0,0,0
2018-10-05,0.00632833131257193,0,0,0
2018-10-06,-0.00625553819513058,0,0,0
2018-10-07,0.00317801127915374,0,0,0
2018-10-08,0.00869193109145172,0,0,0
2018-10-09,-0.00246068654247189,0,0,0
2018-10-10,-0.00385472356749617,0,0,0
2018-10-11,-0.0587454505468674,0,0,0
2018-10-12,0.00722353864336256,0,0,0
2018-10-13,0.00552929377665379,0,0,0
2018-10-14,0.00101165782400336,0,0,0
2018-10-15,0.0631381446007513,0,0,0
2018-10-16,0.00100208937341684,0,0,0
2018-10-17,-0.00272293237359023,0,0,0
2018-10-18,-0.0182537057748782,0,0,0
2018-10-19,-0.0137028454114407,0,0,0
2018-10-20,0.00907511442824216,0,0,0
2018-10-21,0.000259513406234646,0,0,0
2018-10-22,-0.00135294080225989,0,0,0
2018-10-23,-0.00421631555187041,0,0,0
2018-10-24,0.00182788233843389,0,0,0
2018-10-25,-0.005714261985446,0,0,0
2018-10-26,0.00161325907128251,0,0,0
2018-10-27,-0.00506431895086834,0,0,0
2018-10-28,-0.00241159961840332,0,0,0
2018-10-29,-0.0226634489786548,0,0,0
2018-10-30,-0.00215062838456959,0,0,0
2018-10-31,0.00646473895536559,0,0,0
2018-11-01,0.00595686450695077,0,0,0
2018-11-02,0.00373404939325717,0,0,0
2018-11-03,-0.00731455472307019,0,0,0
2018-11-04,0.0153441152804277,0,0,0
2018-11-05,-0.00260288965651689,0,0,0
2018-11-06,0.00771787232700838,0,0,0
2018-11-07,0.00906281183811686,0,0,0
2018-11-08,-0.0151048566904795,0,0,0
2018-11-09,-0.00927925863306456,0,0,0
2018-11-10,0.00203220475384214,0,0,0
2018-11-11,0.00260190818736383,0,0,0
2018-11-12,0.000505313553155418,0,0,0
2018-11-13,0.000711036508915797,0,0,0
2018-11-14,-0.086523562421549,0,0,0
2018-11-15,-0.0289524762444326,0,0,0
2018-11-16,-0.017084664071227,0,0,0
2018-11-17,-0.00490065433579367,0,0,0
2018-11-18,0.00597152069117612,0,0,0
2018-11-19,-0.142497134922312,0,0,0
2018-11-20,-0.0742074594963107,0,0,0
2018-11-21,0.0221724432431749,0,0,0
2018-11-22,-0.0644820264067629,0,0,0
2018-11-23,0.0115146865095106,0,0,0
2018-11-24,-0.117017597252913,0,0,0
2018-11-25,0.0382525541931376,0,0,0
2018-11-26,-0.0562756832527462,0,0,0
2018-11-27,0.00336288558079367,0,0,0
2018-11-28,0.095807155451606,0,0,0
2018-11-29,0.00724010222824489,0,0,0
2018-11-30,-0.0610757412843022,0,0,0
2018-12-01,0.0361341359115137,0,0,0
2018-12-02,-0.00694767392598195,0,0,0
2018-12-03,-0.0688897081753037,0,0,0
2018-12-04,0.0172625575279248,0,0,0
2018-12-05,-0.0470981223779816,0,0,0
2018-12-06,-0.0717727115470463,0,0,0
2018-12-07,-0.0304408441364821,0,0,0
2018-12-08,0.00216597682735831,0,0,0
2018-12-09,0.0386575455082756,0,0,0
2018-12-10,-0.0322429678784726,0,0,0
2018-12-11,-0.0154084715606153,0,0,0
2018-12-12,0.0189328170116028,0,0,0
2018-12-13,-0.0423773883271998,0,0,0
2018-12-14,-0.0238709633556571,0,0,0
2018-12-15,-0.00386893359891616,0,0,0
2018-12-16,0.00526366854646909,0,0,0
2018-12-17,0.0832836071289744,0,0,0
2018-12-18,0.0401893779867724,0,0,0
2018-12-19,0.00252624806268642,0,0,0
2018-12-20,0.100553528647159,0,0,0
2018-12-21,-0.0534997021897343,0,0,0
2018-12-22,0.0283162440987343,0,0,0
2018-12-23,-0.00487395965505577,0,0,0
2018-12-24,0.0197292269795764,0,0,0
2018-12-25,-0.0676623161360599,0,0,0
2018-12-26,0.008493404576571,0,0,0
2018-12-27,-0.0571459570455612,0,0,0
2018-12-28,0.0732996495112843,0,0,0
2018-12-29,-0.0382124855270991,0,0,0
2018-12-30,0.0284364178657821,0,0,0
2018-12-31,-0.0263872755984913,0,0,0
2019-01-01,0.0251318553481994,0,0,0
2019-01-02,0.0160459050947939,0,0,0
2019-01-03,-0.0240735317857386,0,0,0
2019-01-04,0.00667569642698851,0,0,0
2019-01-05,-0.00556661056611496,0,0,0
2019-01-06,0.0558599352124265,0,0,0
2019-01-07,-0.00305159692043766,0,0,0
2019-01-08,-0.00512447878147348,0,0,0
2019-01-09,0.00290843929537488,0,0,0
2019-01-10,-0.100917998605894,0,0,0
2019-01-11,0.00429375700546686,0,0,0
2019-01-12,-0.00506094804994461,0,0,0
2019-01-13,-0.0301215133856036,0,0,0
2019-01-14,0.0420397260398371,0,0,0
2019-01-15,-0.0203457287298026,0,0,0
2019-01-16,0.0108554019840863,0,0,0
2019-01-17,0.00676191004684767,0,0,0
2019-01-18,-0.00591868688088226,0,0,0
2019-01-19,0.0194023581934726,0,0,0
2019-01-20,-0.034986870748801,0,0,0
2019-01-21,-0.00350401848437087,0,0,0
2019-01-22,0.0124067679236131,0,0,0
2019-01-23,-0.00508441172523355,0,0,0
2019-01-24,0.00471749320643688,0,0,0
2019-01-25,-0.00121375056772166,0,0,0
2019-01-26,-1.12193466428323e-05,0,0,0
2019-01-27,-0.00404998241913468,0,0,0
2019-01-28,-0.0334147528556272,0,0,0
2019-01-29,-0.00675221222588185,0,0,0
2019-01-30,0.0137252089822315,0,0,0
2019-01-31,-0.00698755650592275,0,0,0
2019-02-01,0.0081117934654884,0,0,0
2019-02-02,0.0122582217154577,0,0,0
2019-02-03,-0.013402700741219,0,0,0
2019-02-04,0.00147659508460229,0,0,0
2019-02-05,0.0024139101328835,0,0,0
2019-02-06,-0.0192591048398079,0,0,0
2019-02-07,-0.00204886480238109,0,0,0
2019-02-08,0.0738960853005093,0,0,0
2019-02-09,0.00167662943995062,0,0,0
2019-02-10,0.00405160902986346,0,0,0
2019-02-11,-0.0134071937471525,0,0,0
2019-02-12,0.000112908622620367,0,0,0
2019-02-13,-0.00609321772615878,0,0,0
2019-02-14,-0.00523337435193127,0,0,0
2019-02-15,0.00331154211342444,0,0,0
2019-02-16,0.00441498152356701,0,0,0
2019-02-17,0.0134973411912416,0,0,0
2019-02-18,0.0610854703085462,0,0,0
2019-02-19,0.00235448248049686,0,0,0
2019-02-20,0.0157286045601737,0,0,0
2019-02-21,-0.00820285235134044,0,0,0
2019-02-22,0.0062511992571217,0,0,0
2019-02-23,0.0385603779120558,0,0,0
2019-02-24,-0.0952722958467689,0,0,0
2019-02-25,0.0222845443890929,0,0,0
2019-02-26,-0.00489450575456729,0,0,0
2019-02-27,0.00231799036570557,0,0,0
2019-02-28,-0.00114783496359827,0,0,0
2019-03-01,0.0024382303359971,0,0,0
2019-03-02,-0.00080335687101929,0,0,0
2019-03-03,-0.00319363432978115,0,0,0
2019-03-04,-0.0245790349029473,0,0,0
2019-03-05,0.037619498976083,0,0,0
2019-03-06,0.00106482625025528,0,0,0
2019-03-07,0.00305087962291495,0,0,0
2019-03-08,-0.00226141236874255,0,0,0
2019-03-09,0.0200187783129753,0,0,0
2019-03-10,-0.00667189931208512,0,0,0
2019-03-11,-0.0116096588910111,0,0,0
2019-03-12,0.00286807326545357,0,0,0
2019-03-13,-0.00431813368023271,0,0,0
2019-03-14,0.00287222919048702,0,0,0
2019-03-15,0.0119577677765044,0,0,0
2019-03-16,0.0207378669667992,0,0,0
2019-03-17,-0.0062200342766392,0,0,0
2019-03-18,0.0016739975925546,0,0,0
2019-03-19,0.00692713563230818,0,0,0
2019-03-20,0.00682754058487234,0,0,0
2019-03-21,-0.0155542738641596,0,0,0
2019-03-22,0.00157890079577783,0,0,0
2019-03-23,0.00477422231148417,0,0,0
2019-03-24,-0.00345828588308095,0,0,0
2019-03-25,-0.014141981082906,0,0,0
2019-03-26,0.00315295638177737,0,0,0
2019-03-27,0.0224134792695754,0,0,0
2019-03-28,-0.00253909824902898,0,0,0
2019-03-29,0.0185565386974424,0,0,0
2019-03-30,0.000906187715935758,0,0,0
2019-03-31,-0.000735605787458127,0,0,0
2019-04-01,0.00984670640400154,0,0,0
2019-04-02,0.158684038257251,0,0,0
2019-04-03,0.0153855631843687,0,0,0
2019-04-04,-0.00690453407475111,0,0,0
2019-04-05,0.0214657243780376,0,0,0
2019-04-06,0.00775018706876196,0,0,0
2019-04-07,0.0247473017520115,0,0,0
2019-04-08,0.0128048086853134,0,0,0
2019-04-09,-0.0167330055377342,0,0,0
2019-04-10,0.0302654994041216,0,0,0
2019-04-11,-0.0563563220444525,0,0,0
2019-04-12,0.00608821418420291,0,0,0
2019-04-13,-0.000552845832515914,0,0,0
2019-04-14,0.0169177779984988,0,0,0
2019-04-15,-0.0209435347386204,0,0,0
2019-04-16,0.0291764619150605,0,0,0
2019-04-17,0.00560882072207392,0,0,0
2019-04-18,0.0106336185308997,0,0,0
2019-04-19,4.56398709989259e-05,0,0,0
2019-04-20,0.00626517985704744,0,0,0
2019-04-21,-0.00674830749012223,0,0,0
2019-04-22,0.0190333335347379,0,0,0
2019-04-23,0.0251007376438039,0,0,0
2019-04-24,-0.0143581077784258,0,0,0
2019-04-25,-0.0366946358300293,0,0,0
2019-04-26,0.0178854207536698,0,0,0
2019-04-27,-0.00347038319831405,0,0,0
2019-04-28,0.00223140066236738,0,0,0
2019-04-29,-0.0131582093536213,0,0,0
2019-04-30,0.015659073915911,0,0,0
2019-05-01,0.0116574454890337,0,0,0
2019-05-02,0.0201678947038388,0,0,0
2019-05-03,0.0496872887907074,0,0,0
2019-05-04,0.00978447990297937,0,0,0
2019-05-05,-0.00927704633687831,0,0,0
2019-05-06,-0.0048301768500032,0,0,0
2019-05-07,0.0170003913204937,0,0,0
2019-05-08,0.0238230646299566,0,0,0
2019-05-09,0.0363899530850347,0,0,0
2019-05-10,0.0260932538043566,0,0,0
2019-05-11,0.104617770883637,0,0,0
2019-05-12,-0.0155106562893206,0,0,0
2019-05-13,0.111702787683031,0,0,0
2019-05-14,0.0199329650984001,0,0,0
2019-05-15,0.027588033554407,0,0,0
2019-05-16,-0.0378283193193596,0,0,0
2019-05-17,-0.0672089740226802,0,0,0
2019-05-18,-0.0133871760623894,0,0,0
2019-05-19,0.115802879323244,0,0,0
2019-05-20,-0.026151156161621,0,0,0
2019-05-21,-0.00420122539138745,0,0,0
2019-05-22,-0.0355969678252794,0,0,0
2019-05-23,0.0288238125709004,0,0,0
2019-05-24,0.014334751838625,0,0,0
2019-05-25,0.00757213623102793,0,0,0
2019-05-26,0.0708259460692684,0,0,0
2019-05-27,0.0163370212380585,0,0,0
2019-05-28,-0.00465661248181348,0,0,0
2019-05-29,-0.0080593386534229,0,0,0
2019-05-30,-0.044480889469952,0,0,0
2019-05-31,0.0339370225883258,0,0,0
2019-06-01,-0.00127843227598312,0,0,0
2019-06-02,0.0210673076297017,0,0,0
2019-06-03,-0.0724895393932616,0,0,0
2019-06-04,-0.0542807502523761,0,0,0
2019-06-05,0.0115718724502418,0,0,0
2019-06-06,0.00131078460219314,0,0,0
2019-06-07,0.0245876751916985,0,0,0
2019-06-08,-0.0109499870405738,0,0,0
2019-06-09,-0.034212108187754,0,0,0
2019-06-10,0.0454402335575832,0,0,0
2019-06-11,-0.0123334255992251,0,0,0
2019-06-12,0.0303210604902535,0,0,0
2019-06-13,0.0111219792041446,0,0,0
2019-06-14,0.0511667432229892,0,0,0
2019-06-15,0.0181805485249402,0,0,0
2019-06-16,0.0162856606573651,0,0,0
2019-06-17,0.0394888198146059,0,0,0
2019-06-18,-0.0252694670500961,0,0,0
2019-06-19,0.0189720060877576,0,0,0
2019-06-20,0.0278753930477986,0,0,0
2019-06-21,0.0653523805016789,0,0,0
2019-06-22,0.0545522947065731,0,0,0
2019-06-23,0.0163225577340977,0,0,0
2019-06-24,0.013707115321818,0,0,0
2019-06-25,0.0668391370781123,0,0,0
2019-06-26,0.102273068362432,0,0,0
2019-06-27,-0.144685643303879,0,0,0
2019-06-28,0.0902940853450076,0,0,0
2019-06-29,-0.0409458870294994,0,0,0
2019-06-30,-0.0922585019504361,0,0,0
2019-07-01,-0.0213397622385809,0,0,0
2019-07-02,0.0203027500310409,0,0,0
2019-07-03,0.0963882313799314,0,0,0
2019-07-04,-0.068843026289322,0,0,0
2019-07-05,-0.0158202644789611,0,0,0
2019-07-06,0.0257140340067181,0,0,0
2019-07-07,0.0132157228671606,0,0,0
2019-07-08,0.0704343173873738,0,0,0
2019-07-09,0.0246005366056963,0,0,0
2019-07-10,-0.0352984790619892,0,0,0
2019-07-11,-0.0653058330821104,0,0,0
2019-07-12,0.0358764040480377,0,0,0
2019-07-13,-0.0347424157818494,0,0,0
2019-07-14,-0.109871965784665,0,0,0
2019-07-15,0.0632717694580105,0,0,0
2019-07-16,-0.138212360847742,0,0,0
2019-07-17,0.0239006410754588,0,0,0
2019-07-18,0.094599800180406,0,0,0
2019-07-19,-0.0116292431172091,0,0,0
2019-07-20,0.0222127589719641,0,0,0
2019-07-21,-0.0141382816453088,0,0,0
2019-07-22,-0.0238083731876131,0,0,0
2019-07-23,-0.0470658330182463,0,0,0
2019-07-24,-0.010355606728881,0,0,0
2019-07-25,0.0118709442370886,0,0,0
2019-07-26,-0.00567098237368668,0,0,0
2019-07-27,-0.0360112111389679,0,0,0
2019-07-28,0.00683773774319008,0,0,0
2019-07-29,-0.00355921208021215,0,0,0
2019-07-30,0.00697733920664767,0,0,0
2019-07-31,0.0515328154906118,0,0,0
2019-08-01,0.0287922616348197,0,0,0
2019-08-02,0.01423650540886,0,0,0
2019-08-03,0.0274714203042929,0,0,0
2019-08-04,0.0103348234254081,0,0,0
2019-08-05,0.0790963844212609,0,0,0
2019-08-06,-0.0297836432204264,0,0,0
2019-08-07,0.0420700559127756,0,0,0
2019-08-08,0.00206383442460378,0,0,0
2019-08-09,-0.0100320107543475,0,0,0
2019-08-10,-0.049229191873895,0,0,0
2019-08-11,0.0210565592524237,0,0,0
2019-08-12,-0.0134134029437902,0,0,0
2019-08-13,-0.0451756784737931,0,0,0
2019-08-14,-0.0804843083964553,0,0,0
2019-08-15,0.0239449513819334,0,0,0
2019-08-16,0.00364695123894876,0,0,0
2019-08-17,-0.0112442759269626,0,0,0
2019-08-18,0.00884485466795759,0,0,0
2019-08-19,0.0573855308704943,0,0,0
2019-08-20,-0.0143045106002493,0,0,0
2019-08-21,-0.0591415336538006,0,0,0
2019-08-22,-0.00421787513760208,0,0,0
2019-08-23,0.0282769507088378,0,0,0
2019-08-24,-0.0248698496385291,0,0,0
2019-08-25,0.000822605318163028,0,0,0
2019-08-26,0.0223807217641383,0,0,0
2019-08-27,-0.0182130118942379,0,0,0
2019-08-28,-0.0466324650079528,0,0,0
2019-08-29,-0.0231609192427769,0,0,0
2019-08-30,0.00902380909619005,0,0,0
2019-08-31,0.000305653921817139,0,0,0
2019-09-01,0.0142407953329631,0,0,0
2019-09-02,0.0613220361331575,0,0,0
2019-09-03,0.0262746034943593,0,0,0
2019-09-04,-0.00455664243276743,0,0,0
2019-09-05,-0.000239452837215381,0,0,0
2019-09-06,-0.0254777906421335,0,0,0
2019-09-07,0.0151439129294211,0,0,0
2019-09-08,-0.00716994816116134,0,0,0
2019-09-09,-0.00754778944260259,0,0,0
2019-09-10,-0.0200945232351657,0,0,0
2019-09-11,0.00594181980833675,0,0,0
2019-09-12,0.0249539763047437,0,0,0
2019-09-13,-0.00702895932313119,0,0,0
2019-09-14,-0.000680947239361629,0,0,0
2019-09-15,-0.00319910647538002,0,0,0
2019-09-16,-0.00493351953210741,0,0,0
2019-09-17,-0.00621261317950861,0,0,0
2019-09-18,-0.00303075070240943,0,0,0
2019-09-19,0.0085583387765773,0,0,0
2019-09-20,-0.00741691980999448,0,0,0
2019-09-21,-0.0180803913884322,0,0,0
2019-09-22,0.00424476762069403,0,0,0
2019-09-23,-0.0331101162390954,0,0,0
2019-09-24,-0.13309903854851,0,0,0
2019-09-25,-0.00745607563116302,0,0,0
2019-09-26,-0.0444264745686596,0,0,0
2019-09-27,0.0140603881205461,0,0,0
2019-09-28,0.00255240504161591,0,0,0
2019-09-29,-0.0190849270546423,0,0,0
2019-09-30,0.0300662572519421,0,0,0
2019-10-01,0.000373904374091794,0,0,0
2019-10-02,0.0081069936781919,0,0,0
2019-10-03,-0.0163994051496115,0,0,0
2019-10-04,-0.0106143068967715,0,0,0
2019-10-05,-0.00134535896116006,0,0,0
2019-10-06,-0.034037392466411,0,0,0
2019-10-07,0.0418701002521793,0,0,0
2019-10-08,-0.00265305978652819,0,0,0
2019-10-09,0.0469148079862567,0,0,0
2019-10-10,-0.000316611534897149,0,0,0
2019-10-11,-0.0356270505014109,0,0,0
2019-10-12,0.00502338513824974,0,0,0
2019-10-13,-0.00302622839564748,0,0,0
2019-10-14,0.00880581704057093,0,0,0
2019-10-15,-0.0228887913756601,0,0,0
2019-10-16,-0.0207486471019962,0,0,0
2019-10-17,0.00981684254236015,0,0,0
2019-10-18,-0.0154295935331561,0,0,0
2019-10-19,0.000125825573208616,0,0,0
2019-10-20,0.0340560857573049,0,0,0
2019-10-21,-0.00317649661574393,0,0,0
2019-10-22,-0.0218627501300759,0,0,0
2019-10-23,-0.0714960017050696,0,0,0
2019-10-24,-0.0072867975758335,0,0,0
2019-10-25,0.154983876830988,0,0,0
2019-10-26,0.0643195490862531,0,0,0
2019-10-27,0.0319783238987696,0,0,0
2019-10-28,-0.0346753487186717,0,0,0
2019-10-29,0.021757975489205,0,0,0
2019-10-30,-0.0272504059054217,0,0,0
2019-10-31,-0.00151621432479487,0,0,0
2019-11-01,0.00988008555215991,0,0,0
2019-11-02,0.00625341852416916,0,0,0
2019-11-03,-0.0102585643510782,0,0,0
2019-11-04,0.0213736734297729,0,0,0
2019-11-05,-0.00905684243570626,0,0,0
2019-11-06,0.00325938433236317,0,0,0
2019-11-07,-0.0132417288985742,0,0,0
2019-11-08,-0.0492007755740556,0,0,0
2019-11-09,0.00405843881963541,0,0,0
2019-11-10,0.0257800760142608,0,0,0
2019-11-11,-0.0344606742025455,0,0,0
2019-11-12,0.0101019303165,0,0,0
2019-11-13,-0.00509346486670204,0,0,0
2019-11-14,-0.0149729033750017,0,0,0
2019-11-15,-0.020440694136175,0,0,0
2019-11-16,0.00227439634674909,0,0,0
2019-11-17,0.00133934213373799,0,0,0
2019-11-18,-0.0377801817777801,0,0,0
2019-11-19,-0.00655974696731043,0,0,0
2019-11-20,-0.00439019535625107,0,0,0
2019-11-21,-0.0598267502749312,0,0,0
2019-11-22,-0.0482788066042499,0,0,0
2019-11-23,0.00594522937996445,0,0,0
2019-11-24,-0.0574613640096189,0,0,0
2019-11-25,0.0294451028133711,0,0,0
2019-11-26,0.00652896567078542,0,0,0
2019-11-27,0.0480676463251797,0,0,0
2019-11-28,-0.0119280541190978,0,0,0
2019-11-29,0.0422500214142936,0,0,0
2019-11-30,-0.0258875293386271,0,0,0
2019-12-01,-0.0202246530128569,0,0,0
2019-12-02,-0.0131576813605978,0,0,0
2019-12-03,-0.000215260311559717,0,0,0
2019-12-04,-0.0135833932575391,0,0,0
2019-12-05,0.0267005820099797,0,0,0
2019-12-06,0.0185665881723853,0,0,0
2019-12-07,-0.00522921232506057,0,0,0
2019-12-08,0.00292032915209006,0,0,0
2019-12-09,-0.0230965734506334,0,0,0
2019-12-10,-0.0157267278322042,0,0,0
2019-12-11,-0.00195786022623068,0,0,0
2019-12-12,-0.00165462750339174,0,0,0
2019-12-13,0.00835611673185177,0,0,0
2019-12-14,-0.0271518991060127,0,0,0
2019-12-15,0.00769113068545124,0,0,0
2019-12-16,-0.0323889810780607,0,0,0
2019-12-17,-0.0396484482259982,0,0,0
2019-12-18,0.094160498051064,0,0,0
2019-12-19,-0.0176784269841015,0,0,0
2019-12-20,0.00523500424531598,0,0,0
2019-12-21,-0.00769246379802802,0,0,0
2019-12-22,0.0503981477976758,0,0,0
2019-12-23,-0.0248822941633744,0,0,0
2019-12-24,-0.0084156935439843,0,0,0
2019-12-25,-0.00707313949932775,0,0,0
2019-12-26,-0.00036510967925274,0,0,0
2019-12-27,0.0072962831137442,0,0,0
2019-12-28,0.00842781814506388,0,0,0
2019-12-29,0.00980668043486155,0,0,0
2019-12-30,-0.0194399544474688,0,0,0
2019-12-31,-0.00703128600097358,0,0,0
2020-01-01,0.000780768137644827,0,0,0
2020-01-02,-0.0331995343103966,0,0,0
2020-01-03,0.053014823430301,0,0,0
2020-01-04,0.00124497688382164,0,0,0
2020-01-05,0.000630740747052272,0,0,0
2020-01-06,0.0528344876574405,0,0,0
2020-01-07,0.0487140493637153,0,0,0
2020-01-08,-0.0110239455899599,0,0,0
2020-01-09,-0.0300166042803074,0,0,0
2020-01-10,0.0473726050737362,0,0,0
2020-01-11,-0.0218310048245201,0,0,0
2020-01-12,0.020361098565477,0,0,0
2020-01-13,-0.00916097652619108,0,0,0
2020-01-14,0.0827487842214989,0,0,0
2020-01-15,0.00129314616617471,0,0,0
2020-01-16,-0.0115613364781773,0,0,0
2020-01-17,0.0219219147333138,0,0,0
2020-01-18,0.000300629754288906,0,0,0
2020-01-19,-0.0243245203259779,0,0,0
2020-01-20,-0.0068438722969173,0,0,0
2020-01-21,0.010781316488659,0,0,0
2020-01-22,-0.00616247194463249,0,0,0
2020-01-23,-0.0325237247519219,0,0,0
2020-01-24,0.00409416180979605,0,0,0
2020-01-25,-0.0117310598587625,0,0,0
2020-01-26,0.0323721116628253,0,0,0
2020-01-27,0.0333966070332519,0,0,0
2020-01-28,0.0510608246260293,0,0,0
2020-01-29,-0.0077833988822249,0,0,0
2020-01-30,0.0225024562789091,0,0,0
2020-01-31,-0.016995972584926,0,0,0
2020-02-01,0.00338572705013185,0,0,0
2020-02-02,-0.00567426822151873,0,0,0
2020-02-03,-0.00421720203511278,0,0,0
2020-02-04,-0.0103001247040773,0,0,0
2020-02-05,0.0441369607900448,0,0,0
2020-02-06,0.0165046740650947,0,0,0
2020-02-07,0.00426127217580863,0,0,0
2020-02-08,0.00825220652755831,0,0,0
2020-02-09,0.0256114723204881,0,0,0
2020-02-10,-0.0299888796895527,0,0,0
2020-02-11,0.0369906845059997,0,0,0
2020-02-12,0.0100616239729998,0,0,0
2020-02-13,-0.00942112203228618,0,0,0
2020-02-14,0.0111530324716664,0,0,0
2020-02-15,-0.0434300324484624,0,0,0
2020-02-16,0.00126627060925166,0,0,0
2020-02-17,-0.0215334308259418,0,0,0
2020-02-18,0.0461776664232261,0,0,0
2020-02-19,-0.0578059032463631,0,0,0
2020-02-20,0.000274098096525677,0,0,0
2020-02-21,0.00836699051960998,0,0,0
2020-02-22,-0.00271007222502107,0,0,0
2020-02-23,0.029157751478758,0,0,0
2020-02-24,-0.0286118351934253,0,0,0
2020-02-25,-0.0358767697148394,0,0,0
2020-02-26,-0.0586419982891648,0,0,0
2020-02-27,0.00431157055247411,0,0,0
2020-02-28,-0.014877998499184,0,0,0
2020-02-29,-0.019667790863485,0,0,0
2020-03-01,0.000969775790451877,0,0,0
2020-03-02,0.0439524360599535,0,0,0
2020-03-03,-0.0175582760885877,0,0,0
2020-03-04,-0.00105077178569424,0,0,0
2020-03-05,0.0341286271212748,0,0,0
2020-03-06,0.00848983685721016,0,0,0
2020-03-07,-0.0272203120821182,0,0,0
2020-03-08,-0.100954628634659,0,0,0
2020-03-09,-0.012960005190207,0,0,0
2020-03-10,-0.00446272739082687,0,0,0
2020-03-11,0.0050489459763714,0,0,0
2020-03-12,-0.502606942741458,0,0,0
2020-03-13,0.150321930942345,0,0,0
2020-03-14,-0.0756667870857957,0,0,0
2020-03-15,0.0359354212183298,0,0,0
2020-03-16,-0.0639912912173664,0,0,0
2020-03-17,0.0548736950731197,0,0,0
2020-03-18,0.015020346505171,0,0,0
2020-03-19,0.133352210461965,0,0,0
2020-03-20,0.00743532707868866,0,0,0
2020-03-21,-0.00344968693112691,0,0,0
2020-03-22,-0.0618016757608739,0,0,0
2020-03-23,0.106114848790694,0,0,0
2020-03-24,0.0419997195777846,0,0,0
2020-03-25,-0.010026793584931,0,0,0
2020-03-26,0.00893497381659536,0,0,0
2020-03-27,-0.0577797263454425,0,0,0
2020-03-28,-0.0194452512064025,0,0,0
2020-03-29,-0.0586449498930346,0,0,0
2020-03-30,0.0836212502344456,0,0,0
2020-03-31,0.00250843173447102,0,0,0
2020-04-01,0.0356237145363387,0,0,0
2020-04-02,0.022501490774463,0,0,0
2020-04-03,-0.00886894598981236,0,0,0
2020-04-04,0.0180843992939757,0,0,0
2020-04-05,-0.0123569321457087,0,0,0
2020-04-06,0.0790502354489586,0,0,0
2020-04-07,-0.0182531387327955,0,0,0
2020-04-08,0.0225250961552419,0,0,0
2020-04-09,-0.0106168229061829,0,0,0
2020-04-10,-0.0600670128155958,0,0,0
2020-04-11,0.00260779500935726,0,0,0
2020-04-12,0.00391274621831528,0,0,0
2020-04-13,-0.00958840678174333,0,0,0
2020-04-14,0.00449273041114751,0,0,0
2020-04-15,-0.0366921962118258,0,0,0
2020-04-16,0.0700853225741778,0,0,0
2020-04-17,-0.0105298474818269,0,0,0
2020-04-18,0.0309702080924694,0,0,0
2020-04-19,-0.0177966941638985,0,0,0
2020-04-20,-0.0421512156093069,0,0,0
2020-04-21,0.00212756697804473,0,0,0
2020-04-22,0.0406413711082045,0,0,0
2020-04-23,0.0489228845832486,0,0,0
2020-04-24,0.0030172054176969,0,0,0
2020-04-25,0.00447630880249505,0,0,0
2020-04-26,0.0202780493344985,0,0,0
2020-04-27,0.0105407590504054,0,0,0
2020-04-28,-0.00459468630105953,0,0,0
2020-04-29,0.126043628251022,0,0,0
2020-04-30,-0.018228439547185,0,0,0
2020-05-01,0.0237255898013036,0,0,0
2020-05-02,0.0163035150589739,0,0,0
2020-05-03,-0.00871930795323905,0,0,0
2020-05-04,-0.0024991401110146,0,0,0
2020-05-05,0.0167514545084089,0,0,0
2020-05-06,0.0133326133006921,0,0,0
2020-05-07,0.0882443580739771,0,0,0
2020-05-08,-0.0188407612705355,0,0,0
2020-05-09,-0.0269528156835861,0,0,0
2020-05-10,-0.0894937423726656,0,0,0
2020-05-11,-0.0186591035445112,0,0,0
2020-05-12,0.0286993622730982,0,0,0
2020-05-13,0.0550443130698781,0,0,0
2020-05-14,0.0505422634578423,0,0,0
2020-05-15,-0.0497852485514478,0,0,0
2020-05-16,0.00693671357664449,0,0,0
2020-05-17,0.0313508852019329,0,0,0
2020-05-18,0.00555168658578431,0,0,0
2020-05-19,0.00426460425329189,0,0,0
2020-05-20,-0.0273880910636208,0,0,0
2020-05-21,-0.0476708225752596,0,0,0
2020-05-22,0.0111138755568252,0,0,0
2020-05-23,0.000997321484472735,0,0,0
2020-05-24,-0.051276379766394,0,0,0
2020-05-25,0.0204323738210963,0,0,0
2020-05-26,-0.0066702499033191,0,0,0
2020-05-27,0.0402254256289289,0,0,0
2020-05-28,0.0396027036055759,0,0,0
2020-05-29,-0.0156631432722865,0,0,0
2020-05-30,0.0283054684675523,0,0,0
2020-05-31,-0.0260591503705534,0,0,0
2020-06-01,0.0766315516736142,0,0,0
2020-06-02,-0.0692742623834093,0,0,0
2020-06-03,0.0154504571595702,0,0,0
2020-06-04,0.0126260331761241,0,0,0
2020-06-05,-0.0173005960605899,0,0,0
2020-06-06,0.00468077003572454,0,0,0
2020-06-07,0.00831290983336075,0,0,0
2020-06-08,0.00358646500463244,0,0,0
2020-06-09,-0.000979828700433671,0,0,0
2020-06-10,0.0114533009205395,0,0,0
2020-06-11,-0.0631138073051218,0,0,0
2020-06-12,0.0197098700619733,0,0,0
2020-06-13,0.000867018350932725,0,0,0
2020-06-14,-0.0139504713617757,0,0,0
2020-06-15,0.00894288392149001,0,0,0
2020-06-16,0.0105079110615609,0,0,0
2020-06-17,-0.00636628546324225,0,0,0
2020-06-18,-0.00836226576684318,0,0,0
2020-06-19,-0.00813951451904416,0,0,0
2020-06-20,0.0052193091072219,0,0,0
2020-06-21,-0.00688983535661158,0,0,0
2020-06-22,0.041206269160142,0,0,0
2020-06-23,-0.00629708697615072,0,0,0
2020-06-24,-0.03471554197335,0,0,0
2020-06-25,-0.0050684946945605,0,0,0
2020-06-26,-0.00948099890766763,0,0,0
2020-06-27,-0.0165303933915357,0,0,0
2020-06-28,0.0115124821088788,0,0,0
2020-06-29,0.0083249565532153,0,0,0
2020-06-30,-0.00589273167725679,0,0,0
2020-07-01,0.010173980210908,0,0,0
2020-07-02,-0.0158815121012186,0,0,0
2020-07-03,-0.00311714903430449,0,0,0
2020-07-04,0.00848649570643367,0,0,0
2020-07-05,-0.0072563319395389,0,0,0
2020-07-06,0.0298486175692805,0,0,0
2020-07-07,-0.00933367848898925,0,0,0
2020-07-08,0.019116368674343,0,0,0
2020-07-09,-0.0218162343476358,0,0,0
2020-07-10,0.00603756429529589,0,0,0
2020-07-11,-0.00586427715699145,0,0,0
2020-07-12,0.00741448243121212,0,0,0
2020-07-13,-0.0064846601291304,0,0,0
2020-07-14,0.00143038881115309,0,0,0
2020-07-15,-0.00631320359825871,0,0,0
2020-07-16,-0.00696952086118863,0,0,0
2020-07-17,0.00225283941992416,0,0,0
2020-07-18,0.00174192113722427,0,0,0
2020-07-19,0.00421236069105291,0,0,0
2020-07-20,-0.00524885294523791,0,0,0
2020-07-21,0.024713965321002,0,0,0
2020-07-22,0.0135562595917129,0,0,0
2020-07-23,0.00890211266238161,0,0,0
2020-07-24,-0.00684081457463392,0,0,0
2020-07-25,0.0169063326414047,0,0,0
2020-07-26,0.0235463680907113,0,0,0
2020-07-27,0.104899655153833,0,0,0
2020-07-28,-0.0112773535736732,0,0,0
2020-07-29,0.0176550017142407,0,0,0
2020-07-30,-8.28823602478934e-05,0,0,0
2020-07-31,0.0210258928374678,0,0,0
2020-08-01,0.0402628136953354,0,0,0
2020-08-02,-0.0638379885940914,0,0,0
2020-08-03,0.0133202754002095,0,0,0
2020-08-04,-0.00248440903129499,0,0,0
2020-08-05,0.0482233983727411,0,0,0
2020-08-06,0.00149314902182773,0,0,0
2020-08-07,-0.0144055437001587,0,0,0
2020-08-08,0.0143162726745416,0,0,0
2020-08-09,-0.00680203056930928,0,0,0
2020-08-10,0.0179214624033897,0,0,0
2020-08-11,-0.0430248879596853,0,0,0
2020-08-12,0.0150069834685223,0,0,0
2020-08-13,0.0184778176380451,0,0,0
2020-08-14,-0.00165331843982841,0,0,0
2020-08-15,0.00778051893633247,0,0,0
2020-08-16,0.00493196417881947,0,0,0
2020-08-17,0.0306015951306673,0,0,0
2020-08-18,-0.0277503200816458,0,0,0
2020-08-19,-0.0160698153390211,0,0,0
2020-08-20,0.00838359816690115,0,0,0
2020-08-21,-0.0275588546872747,0,0,0
2020-08-22,0.011349461965322,0,0,0
2020-08-23,-0.0012723559473784,0,0,0
2020-08-24,0.00855438525945651,0,0,0
2020-08-25,-0.0372685503041179,0,0,0
2020-08-26,0.0125559982902246,0,0,0
2020-08-27,-0.0114998715981542,0,0,0
2020-08-28,0.0171966880789469,0,0,0
2020-08-29,-0.0053121217435308,0,0,0
2020-08-30,0.0211700532462249,0,0,0
2020-08-31,-0.00527811429406277,0,0,0
2020-09-01,0.0231187973969309,0,0,0
2020-09-02,-0.0457753298115851,0,0,0
2020-09-03,-0.11603576554689,0,0,0
2020-09-04,0.0296712412537303,0,0,0
2020-09-05,-0.0271263723089188,0,0,0
2020-09-06,0.00876571074361898,0,0,0
2020-09-07,0.011366292597355,0,0,0
2020-09-08,-0.0240781306870197,0,0,0
2020-09-09,0.0090977411466433,0,0,0
2020-09-10,0.0114488114994344,0,0,0
2020-09-11,0.00492358927849779,0,0,0
2020-09-12,0.00509199657416914,0,0,0
2020-09-13,-0.0104064962240269,0,0,0
2020-09-14,0.032275732263626,0,0,0
2020-09-15,0.0105830858365472,0,0,0
2020-09-16,0.0155205762162041,0,0,0
2020-09-17,-0.00128071635300309,0,0,0
2020-09-18,-0.000603473281248768,0,0,0
2020-09-19,0.0133789342229989,0,0,0
2020-09-20,-0.0145787328447113,0,0,0
2020-09-21,-0.0471614049101916,0,0,0
2020-09-22,0.0107310823194755,0,0,0
2020-09-23,-0.0277471008498917,0,0,0
2020-09-24,0.0471881984713765,0,0,0
2020-09-25,-0.00463521561603564,0,0,0
2020-09-26,0.00391590239866701,0,0,0
2020-09-27,0.00424595517171156,0,0,0
2020-09-28,-0.00727796911473355,0,0,0
2020-09-29,0.0134062165899014,0,0,0
2020-09-30,-0.0059110865655061,0,0,0
2020-10-01,-0.0147190973543108,0,0,0
2020-10-02,-0.00459944943626667,0,0,0
2020-10-03,-0.00268467218141666,0,0,0
2020-10-04,0.0117472066892557,0,0,0
2020-10-05,0.0117044009488385,0,0,0
2020-10-06,-0.0180026524426538,0,0,0
2020-10-07,0.00627575116334,0,0,0
2020-10-08,0.0240082372384514,0,0,0
2020-10-09,0.0113824313048987,0,0,0
2020-10-10,0.0217142008076792,0,0,0
2020-10-11,0.00668956666883069,0,0,0
2020-10-12,0.0139084324759207,0,0,0
2020-10-13,-0.00938530498783052,0,0,0
2020-10-14,-0.000233816218891292,0,0,0
2020-10-15,0.00761073009635993,0,0,0
2020-10-16,-0.0162811533813088,0,0,0
2020-10-17,0.00360501847248607,0,0,0
2020-10-18,0.0125040228060485,0,0,0
2020-10-19,0.0213582975701172,0,0,0
2020-10-20,0.013399204588298,0,0,0
2020-10-21,0.0705790197628193,0,0,0
2020-10-22,0.0145683188348347,0,0,0
2020-10-23,-0.00351079610665472,0,0,0
2020-10-24,0.0144931631779386,0,0,0
2020-10-25,-0.00634265508596954,0,0,0
2020-10-26,0.00179134146184978,0,0,0
2020-10-27,0.0437698854159532,0,0,0
2020-10-28,-0.0274912982793136,0,0,0
2020-10-29,0.0141682851772664,0,0,0
2020-10-30,0.00772884902130855,0,0,0
2020-10-31,0.0168845483758737,0,0,0
2020-11-01,-0.0021413673004318,0,0,0
2020-11-02,-0.0155347864119033,0,0,0
2020-11-03,0.0343965813014222,0,0,0
2020-11-04,0.00855457982732588,0,0,0
2020-11-05,0.0973397530338858,0,0,0
2020-11-06,-0.000648060301269737,0,0,0
2020-11-07,-0.050120002204519,0,0,0
2020-11-08,0.0433693771486112,0,0,0
2020-11-09,-0.00952431128031073,0,0,0
2020-11-10,-0.00203751047611611,0,0,0
2020-11-11,0.0249859277029341,0,0,0
2020-11-12,0.0380092100428513,0,0,0
2020-11-13,0.00176864419830203,0,0,0
2020-11-14,-0.0154520589265132,0,0,0
2020-11-15,-0.00708457741817803,0,0,0
2020-11-16,0.0463233598845072,0,0,0
2020-11-17,0.0550461226589611,0,0,0
2020-11-18,0.0065888965777976,0,0,0
2020-11-19,0.00150088816654836,0,0,0
2020-11-20,0.0467932496162859,0,0,0
2020-11-21,0.00257659044023839,0,0,0
2020-11-22,-0.0155921153820788,0,0,0
2020-11-23,-0.00252457625339453,0,0,0
2020-11-24,0.0422152743260913,0,0,0
2020-11-25,-0.0232803672790354,0,0,0
2020-11-26,-0.0875776578398817,0,0,0
2020-11-27,-0.000580361234279181,0,0,0
2020-11-28,0.0332985720197687,0,0,0
2020-11-29,0.0259110484052147,0,0,0
2020-11-30,0.0798124405603424,0,0,0
2020-12-01,-0.0484176681386952,0,0,0
2020-12-02,0.023131976224672,0,0,0
2020-12-03,0.0112780181772241,0,0,0
2020-12-04,-0.0405272676199164,0,0,0
2020-12-05,0.0263064872103076,0,0,0
2020-12-06,0.010997574683671,0,0,0
2020-12-07,-0.00999325665850215,0,0,0
2020-12-08,-0.0449671539115588,0,0,0
2020-12-09,0.0117819186056849,0,0,0
2020-12-10,-0.0155808511856819,0,0,0
2020-12-11,-0.0120196006823967,0,0,0
2020-12-12,0.0419198512810262,0,0,0
2020-12-13,0.0192878286595874,0,0,0
2020-12-14,0.0051055909978821,0,0,0
2020-12-15,0.00792209327908644,0,0,0
2020-12-16,0.0937387794210292,0,0,0
2020-12-17,0.0662626773596742,0,0,0
2020-12-18,0.0135165129878043,0,0,0
2020-12-19,0.0304406721170452,0,0,0
2020-12-20,-0.0154872902556704,0,0,0
2020-12-21,-0.0318730319606679,0,0,0
2020-12-22,0.0469060095977802,0,0,0
2020-12-23,-0.0245754876788293,0,0,0
2020-12-24,0.0211430056733732,0,0,0
2020-12-25,0.0406016172561454,0,0,0
2020-12-26,0.0695872933806356,0,0,0
2020-12-27,-0.00802391038892658,0,0,0
2020-12-28,0.0299023029826699,0,0,0
2020-12-29,0.0112217577258544,0,0,0
2020-12-30,0.0529994517301073,0,0,0
2020-12-31,0.00166403812016114,0,0,0
2021-01-01,0.0140095934275397,0,0,0
2021-01-02,0.0926247431168008,0,0,0
2021-01-03,0.0252158319865536,0,0,0
2021-01-04,-0.0311260485700942,0,0,0
2021-01-05,0.0594919819740536,0,0,0
2021-01-06,0.0797898796472882,0,0,0
2021-01-07,0.0699198805415833,0,0,0
2021-01-08,0.0287598077245583,0,0,0
2021-01-09,-0.0122620523653101,0,0,0
2021-01-10,-0.0495562435922015,0,0,0
2021-01-11,-0.0746881986220913,0,0,0
2021-01-12,-0.0389716343884228,0,0,0
2021-01-13,0.0930387218664848,0,0,0
2021-01-14,0.0463547564222306,0,0,0
2021-01-15,-0.0633334246881052,0,0,0
2021-01-16,-0.0205470182784353,0,0,0
2021-01-17,-0.00463274803048996,0,0,0
2021-01-18,0.0221555109664724,0,0,0
2021-01-19,-0.0204020271840601,0,0,0
2021-01-20,-0.0118628538249528,0,0,0
2021-01-21,-0.139496401934425,0,0,0
2021-01-22,0.0657037001868837,0,0,0
2021-01-23,-0.0266742275526273,0,0,0
2021-01-24,0.00565453596306043,0,0,0
2021-01-25,-0.000176705557850099,0,0,0
2021-01-26,0.0065996376554498,0,0,0
2021-01-27,-0.0669194037928218,0,0,0
2021-01-28,0.0941747491499534,0,0,0
2021-01-29,0.0262475458890101,0,0,0
2021-01-30,0.000311756188169809,0,0,0
2021-01-31,-0.0347413771124039,0,0,0
2021-02-01,0.0130111180611348,0,0,0
2021-02-02,0.056248964732994,0,0,0
2021-02-03,0.058924528115627,0,0,0
2021-02-04,-0.0183012324165279,0,0,0
2021-02-05,0.0359904796336572,0,0,0
2021-02-06,0.0231484945952598,0,0,0
2021-02-07,-0.0100343700350134,0,0,0
2021-02-08,0.178448559704282,0,0,0
2021-02-09,0.000981730940404546,0,0,0
2021-02-10,-0.0353621270921636,0,0,0
2021-02-11,0.0681882792068613,0,0,0
2021-02-12,-0.0143174960635957,0,0,0
2021-02-13,-0.00283583779386554,0,0,0
2021-02-14,0.0297541636804208,0,0,0
2021-02-15,-0.0138192202196361,0,0,0
2021-02-16,0.0251928552278926,0,0,0
2021-02-17,0.0590031225827925,0,0,0
2021-02-18,-0.0109405424977389,0,0,0
2021-02-19,0.0810690632665132,0,0,0
2021-02-20,-0.00115993981175855,0,0,0
2021-02-21,0.0276818262015102,0,0,0
2021-02-22,-0.0595873467155066,0,0,0
2021-02-23,-0.101012918139338,0,0,0
2021-02-24,0.0159326147047771,0,0,0
2021-02-25,-0.0538108492136757,0,0,0
2021-02-26,-0.0170728277211172,0,0,0
2021-02-27,-0.00368984856306476,0,0,0
2021-02-28,-0.0212797982274022,0,0,0
2021-03-01,0.0940566861589414,0,0,0
2021-03-02,-0.0233899703432954,0,0,0
2021-03-03,0.0386467694160579,0,0,0
2021-03-04,-0.0400217668696818,0,0,0
2021-03-05,0.00777593394825082,0,0,0
2021-03-06,0.00267304828205717,0,0,0
2021-03-07,0.0418582356506612,0,0,0
2021-03-08,0.0271610663759532,0,0,0
2021-03-09,0.0467983530801774,0,0,0
2021-03-10,0.0174670170830691,0,0,0
2021-03-11,0.0338263137446422,0,0,0
2021-03-12,-0.00959076137833925,0,0,0
2021-03-13,0.0670239190495181,0,0,0
2021-03-14,-0.0369572846777313,0,0,0
2021-03-15,-0.058723458898573,0,0,0
2021-03-16,0.0230318000015632,0,0,0
2021-03-17,0.0347527480866514,0,0,0
2021-03-18,-0.0217029406846247,0,0,0
2021-03-19,0.00660196106038491,0,0,0
2021-03-20,0.00124461524575636,0,0,0
2021-03-21,-0.0130048611725453,0,0,0
2021-03-22,-0.0586755185175178,0,0,0
2021-03-23,0.00475245613970721,0,0,0
2021-03-24,-0.0382108239119177,0,0,0
2021-03-25,-0.0194966610483522,0,0,0
2021-03-26,0.0702288524916597,0,0,0
2021-03-27,0.0142826409255221,0,0,0
2021-03-28,-0.0007080977298628,0,0,0
2021-03-29,0.0327652838371844,0,0,0
2021-03-30,0.0190945915543974,0,0,0
2021-03-31,-0.000102479318673687,0,0,0
2021-04-01,-0.000342411556321309,0,0,0
2021-04-02,0.00390191915245275,0,0,0
2021-04-03,-0.0327277156301857,0,0,0
2021-04-04,0.019957809235045,0,0,0
2021-04-05,0.0158183504903242,0,0,0
2021-04-06,-0.0194478280167694,0,0,0
2021-04-07,-0.0357703176417736,0,0,0
2021-04-08,0.0372585748250724,0,0,0
2021-04-09,0.00111891194658753,0,0,0
2021-04-10,0.0275917251060527,0,0,0
2021-04-11,0.00389575446899393,0,0,0
2021-04-12,-0.00237655897744382,0,0,0
2021-04-13,0.060211808883631,0,0,0
2021-04-14,-0.00972817228407941,0,0,0
2021-04-15,0.00317873370717514,0,0,0
2021-04-16,-0.0293234910328373,0,0,0
2021-04-17,-0.021891825636386,0,0,0
2021-04-18,-0.0664286967832304,0,0,0
2021-04-19,-0.00924779241999651,0,0,0
2021-04-20,0.0141332558447704,0,0,0
2021-04-21,-0.0478688076233738,0,0,0
2021-04-22,-0.0397606037870499,0,0,0
2021-04-23,-0.0110065585476526,0,0,0
2021-04-24,-0.0212970047587344,0,0,0
2021-04-25,-0.0197973243840792,0,0,0
2021-04-26,0.0958277633710178,0,0,0
2021-04-27,0.0185410109430215,0,0,0
2021-04-28,-0.00301752879360961,0,0,0
2021-04-29,-0.0238241059065469,0,0,0
2021-04-30,0.0744486986071191,0,0,0
2021-05-01,0.00183731521821429,0,0,0
2021-05-02,-0.0213712482896682,0,0,0
2021-05-03,0.0103946865349158,0,0,0
2021-05-04,-0.0719600309696684,0,0,0
2021-05-05,0.0766146152879426,0,0,0
2021-05-06,-0.018316104117849,0,0,0
2021-05-07,0.016200912209964,0,0,0
2021-05-08,0.0266385629076566,0,0,0
2021-05-09,-0.0106097437438777,0,0,0
2021-05-10,-0.0425237519861881,0,0,0
2021-05-11,0.0151822482267274,0,0,0
2021-05-12,-0.132623237039779,0,0,0
2021-05-13,0.000798571757147926,0,0,0
2021-05-14,0.00342630933466381,0,0,0
2021-05-15,-0.0637548890528592,0,0,0
2021-05-16,-0.00711396989281887,0,0,0
2021-05-17,-0.06434306949226,0,0,0
2021-05-18,-0.0159345278743999,0,0,0
2021-05-19,-0.155193819492931,0,0,0
2021-05-20,0.0994528443006431,0,0,0
2021-05-21,-0.0842536325479504,0,0,0
2021-05-22,0.00529359722308342,0,0,0
2021-05-23,-0.077550271014255,0,0,0
2021-05-24,0.112875394190615,0,0,0
2021-05-25,-0.0122295047056653,0,0,0
2021-05-26,0.0236501895390759,0,0,0
2021-05-27,-0.0183086687723062,0,0,0
2021-05-28,-0.0773091631552099,0,0,0
2021-05-29,-0.0301249614885215,0,0,0
2021-05-30,0.0295017211685416,0,0,0
2021-05-31,0.0442499853876317,0,0,0
2021-06-01,-0.0151657675200916,0,0,0
2021-06-02,0.0235822705986557,0,0,0
2021-06-03,0.0436989328915871,0,0,0
2021-06-04,-0.0635840791345625,0,0,0
2021-06-05,-0.0363811199546404,0,0,0
2021-06-06,0.0079403571133323,0,0,0
2021-06-07,-0.0647247960449864,0,0,0
2021-06-08,-0.00513883545678695,0,0,0
2021-06-09,0.113369950680092,0,0,0
2021-06-10,-0.019236178908745,0,0,0
2021-06-11,0.0177353762317551,0,0,0
2021-06-12,-0.0490196050552569,0,0,0
2021-06-13,0.0932582160669782,0,0,0
2021-06-14,0.0376151724833829,0,0,0
2021-06-15,-0.00923012942855728,0,0,0
2021-06-16,-0.0457452734195307,0,0,0
2021-06-17,-0.00669896194487585,0,0,0
2021-06-18,-0.0615278208278234,0,0,0
2021-06-19,-0.00942793009744314,0,0,0
2021-06-20,0.00327613248309611,0,0,0
2021-06-21,-0.118910456622761,0,0,0
2021-06-22,0.0280945243199398,0,0,0
2021-06-23,0.0353126837670956,0,0,0
2021-06-24,0.0288285483794493,0,0,0
2021-06-25,-0.0930105212036931,0,0,0
2021-06-26,0.0218959992498124,0,0,0
2021-06-27,0.0721885750559537,0,0,0
2021-06-28,-0.00593828805066821,0,0,0
2021-06-29,0.0402527859480735,0,0,0
2021-06-30,-0.0244310331208215,0,0,0
2021-07-01,-0.0449475209203527,0,0,0
2021-07-02,0.00837736526820265,0,0,0
2021-07-03,0.025786871340955,0,0,0
2021-07-04,0.0176510722845968,0,0,0
2021-07-05,-0.0462955249800956,0,0,0
2021-07-06,0.0156053477451792,0,0,0
2021-07-07,-0.010513575195608,0,0,0
2021-07-08,-0.0295628982722729,0,0,0
2021-07-09,0.0281943573837484,0,0,0
2021-07-10,-0.00929733780343511,0,0,0
2021-07-11,0.0223179052145461,0,0,0
2021-07-12,-0.0348197387278653,0,0,0
2021-07-13,-0.0108442119936658,0,0,0
2021-07-14,0.00275363375006066,0,0,0
2021-07-15,-0.0290598411242673,0,0,0
2021-07-16,-0.0156847872614243,0,0,0
2021-07-17,0.00433041913880494,0,0,0
2021-07-18,0.00816736276590113,0,0,0
2021-07-19,-0.0299906488321025,0,0,0
2021-07-20,-0.0346166841679896,0,0,0
2021-07-21,0.0760571584840477,0,0,0
2021-07-22,0.00444870499411287,0,0,0
2021-07-23,0.0408497569173232,0,0,0
2021-07-24,0.0183840647434543,0,0,0
2021-07-25,0.0322513174592967,0,0,0
2021-07-26,0.0511434853372776,0,0,0
2021-07-27,0.0579145169242299,0,0,0
2021-07-28,0.014134814167452,0,0,0
2021-07-29,-7.69653271568416e-05,0,0,0
2021-07-30,0.0532797882525404,0,0,0
2021-07-31,-0.0177979125551531,0,0,0
2021-08-01,-0.0397652753830737,0,0,0
2021-08-02,-0.0176632319625902,0,0,0
2021-08-03,-0.0243246840587865,0,0,0
2021-08-04,0.0389148428370891,0,0,0
2021-08-05,0.0282768967619553,0,0,0
2021-08-06,0.0471873871947697,0,0,0
2021-08-07,0.0397187939887189,0,0,0
2021-08-08,-0.017612704032917,0,0,0
2021-08-09,0.0546297044621671,0,0,0
2021-08-10,-0.0145564791035255,0,0,0
2021-08-11,-0.00162444068658729,0,0,0
2021-08-12,-0.0247371083178276,0,0,0
2021-08-13,0.0738086928353905,0,0,0
2021-08-14,-0.0154214395673318,0,0,0
2021-08-15,-0.00201377469060127,0,0,0
2021-08-16,-0.0230972039927408,0,0,0
2021-08-17,-0.0266103277588527,0,0,0
2021-08-18,0.000208945648493497,0,0,0
2021-08-19,0.0449495565754816,0,0,0
2021-08-20,0.0533383624332675,0,0,0
2021-08-21,-0.0102013899401108,0,0,0
2021-08-22,0.00851209220591542,0,0,0
2021-08-23,0.00505693126529927,0,0,0
2021-08-24,-0.0373610060057761,0,0,0
2021-08-25,0.0268892743558542,0,0,0
2021-08-26,-0.0444555030189147,0,0,0
2021-08-27,0.0464256551873081,0,0,0
2021-08-28,-0.00356351225994977,0,0,0
2021-08-29,-0.00261142576903595,0,0,0
2021-08-30,-0.0372869556016333,0,0,0
2021-08-31,0.00250797824579152,0,0,0
2021-09-01,0.0356539665870308,0,0,0
2021-09-02,0.00889527854361916,0,0,0
2021-09-03,0.0151646633397,0,0,0
2021-09-04,-0.00167142477697979,0,0,0
2021-09-05,0.036222989665486,0,0,0
2021-09-06,0.0173728411647218,0,0,0
2021-09-07,-0.11668618261667,0,0,0
2021-09-08,-0.0175529659288571,0,0,0
2021-09-09,0.00750364957921157,0,0,0
2021-09-10,-0.0338508342130961,0,0,0
2021-09-11,0.00717095956400016,0,0,0
2021-09-12,0.0186751039448101,0,0,0
2021-09-13,-0.0238454311568699,0,0,0
2021-09-14,0.0471730465973756,0,0,0
2021-09-15,0.0212096353194688,0,0,0
2021-09-16,-0.00800323656818058,0,0,0
2021-09-17,-0.00921408318982841,0,0,0
2021-09-18,0.0207713661369393,0,0,0
2021-09-19,-0.0220032032815176,0,0,0
2021-09-20,-0.0937147299741437,0,0,0
2021-09-21,-0.0544908522258218,0,0,0
2021-09-22,0.0666905113136806,0,0,0
2021-09-23,0.029900811262543,0,0,0
2021-09-24,-0.0468787411821712,0,0,0
2021-09-25,-0.00327393879868154,0,0,0
2021-09-26,0.0114238968982114,0.00210433543130464,0.00198968329601266,0.00223879283911048
2021-09-27,-0.0237631810423178,0.00197117861786058,0.00187309080627625,0.0018465876139289
2021-09-28,-0.0269526374133875,0.00184467031170005,0.00180601691476535,0.00162809840765577
2021-09-29,0.0120591420384475,0.00176647848987902,0.00160159193335176,0.00148690798153961
2021-09-30,0.053905577976213,0.00171697628838649,0.00164767979022556,0.00125398003567562
2021-10-01,0.0939629815441858,0.00160960008017643,0.00167350289295024,0.00161854032317998
2021-10-02,-0.0105811900571933,0.00171311615948769,0.00242668393958526,0.00337912229128061
2021-10-03,0.0117935426656093,0.00225849702910393,0.00213845520175847,0.00274094128486565
2021-10-04,0.0210411771061949,0.00210689561694925,0.0020095798671484,0.00224097574279088
2021-10-05,0.0446373705846579,0.00196882107620297,0.00192240567743741,0.00190049429316916
2021-10-06,0.0720063432706084,0.00186869659449687,0.00197499936957308,0.00191798295156222
2021-10-07,-0.0280454112515045,0.00188342459254502,0.00214818824385414,0.00261165814007344
2021-10-08,0.00308548914159168,0.00214448938993657,0.00187828060657081,0.00227107317391556
2021-10-09,0.0183343879182853,0.002047284315739,0.00164167075291477,0.00185347773378482
2021-10-10,-0.00530469987669235,0.00191364826826706,0.00164667560900496,0.00157702372485385
2021-10-11,0.0501726773419886,0.00181064529234125,0.00150774892634985,0.00131099786206772
2021-10-12,-0.0259896949567153,0.00169694572408155,0.00158424778641877,0.0015730131585127
2021-10-13,0.0241723573039216,0.0017493397417858,0.00164914608396011,0.00143461860365278
2021-10-14,-0.000332301968258619,0.00167802751536854,0.00154303579809335,0.001286193483557
2021-10-15,0.0726999062160996,0.00160102112988216,0.00148701624412983,0.00107144228996947
2021-10-16,-0.0130048845469819,0.00150447066958171,0.00206144908385299,0.00209860087269561
2021-10-17,0.0106657743435417,0.00175614581639275,0.00149802854607394,0.00175190229204795
2021-10-18,0.00779536297731198,0.00165348215881827,0.00168439569667707,0.00145721807873658
2021-10-19,0.0359646372913787,0.0015492292267276,0.00158553460572501,0.0012159273620567
2021-10-20,0.0264183860137486,0.0014552171915626,0.00151806118500087,0.0012460597832508
2021-10-21,-0.0594312403714206,0.00144479753874001,0.00149373367203929,0.00115694077347697
2021-10-22,-0.0244952550243305,0.00140640759514818,0.00179954076199023,0.00175818199341331
2021-10-23,0.0098140594579661,0.00157763631821342,0.00152159649504531,0.0015659525014011
2021-10-24,-0.00711536757346209,0.0015395441823393,0.00138200090364814,0.00130544946425237
2021-10-25,0.0359361194644912,0.00144837507008584,0.00136608584664486,0.00109595697764859
2021-10-26,-0.0445746539763778,0.00135918987446217,0.00129030216766317,0.00115077536497422
2021-10-27,-0.0322637670684269,0.00135207128520957,0.0014464745380992,0.00137961126647491
2021-10-28,0.0363509587815489,0.00140547242762877,0.0013785314135439,0.00135220339782298
2021-10-29,0.0273211728378993,0.00142018148853884,0.0014435827561343,0.00135873497495026
2021-10-30,-0.00635745887469596,0.0014094703107707,0.00132105264091622,0.00125521303888704
2021-10-31,-0.00908409279367817,0.00138144077183427,0.00118606843776451,0.00105467849589409
2021-11-01,-0.00636099200315421,0.00129621367183,0.00120537662429218,0.000902783900232292
2021-11-02,0.0372049603187197,0.00122638332868553,0.00118518689980792,0.000770830402927617
2021-11-03,-0.00513034831339354,0.00115746403756642,0.00128998303682064,0.000915925730710799
2021-11-04,-0.0241616388040988,0.00117733282214517,0.0011786867889518,0.000778467689415144
2021-11-05,-0.00748604865098912,0.00110533916865763,0.00127896877331582,0.000782186918904041
2021-11-06,0.00871666156843176,0.00109327062555495,0.00109476354702462,0.000675504368612057
2021-11-07,0.0289088480909445,0.0010321854800064,0.000987769761097493,0.000586083539625201
2021-11-08,0.0650421688463716,0.000972882345690551,0.00112981689034493,0.000656112952487384
2021-11-09,-0.00859907127687976,0.000978502417109653,0.00149444815529531,0.00159577718925005
2021-11-10,-0.0313342572034827,0.00121984466097735,0.0012972895643371,0.00133365180627234
2021-11-11,-0.00166856064421061,0.00114648841838634,0.00126695790984928,0.0013056070216558
2021-11-12,-0.0101171965455311,0.00116235997987807,0.00114028056303832,0.00108680702120603
2021-11-13,0.00401192019383245,0.00109281239771363,0.00106637341776639,0.000932487538640352
2021-11-14,0.0175386773160717,0.00103513617545059,0.00101114695493906,0.000786417624615355
2021-11-15,-0.0296222636128274,0.000972137032694961,0.000986811216511655,0.000716269893423083
2021-11-16,-0.0573941917145326,0.00093333248824339,0.00114462179424567,0.000795778916186627
2021-11-17,0.00475069192860644,0.000951268122635159,0.00129912183301289,0.00146205127383895
2021-11-18,-0.0589278854245308,0.00116029051394584,0.00118533798334932,0.00121295230121035
2021-11-19,0.0201952404606089,0.00109055642113318,0.00145596744912816,0.00177558532334515
2021-11-20,0.0281145133077807,0.00126969211674432,0.00127506611870367,0.00152567360772919
2021-11-21,-0.0183474142138671,0.00121048878883149,0.00114901033882503,0.00139424317838613
2021-11-22,-0.0413544874234937,0.00119812208851112,0.00109530091561327,0.00122364727269619
2021-11-23,0.0227465229877115,0.00115167467402386,0.00115983337517157,0.00136940062950257
2021-11-24,-0.00702795962369507,0.00122289706961917,0.00112511656033738,0.00122348491864226
2021-11-25,0.0313908838384087,0.00116994091071081,0.00103439294614528,0.00103084996245982
2021-11-26,-0.0929584332118019,0.001103337127918,0.00108615552790315,0.00104108551801106
2021-11-27,0.0183411757514556,0.00109903299286895,0.00169754903242575,0.00327055975977345
2021-11-28,0.0456140369458531,0.00163224329493021,0.00144397432553252,0.00268166476555603
2021-11-29,0.00871565839954691,0.0015427425182597,0.00166813352281909,0.00253556890424991
2021-11-30,-0.0143942685501059,0.00159939487404056,0.00142949575958458,0.00206822481212096
2021-12-01,0.00409184006305097,0.00150027589849172,0.00131486132416819,0.00173243963311659
2021-12-02,-0.0123827500980074,0.00142052744992628,0.00129405988673445,0.00142735259414933
2021-12-03,-0.052323955559773,0.0013348299882035,0.00118543814735989,0.00121450197267301
2021-12-04,-0.0866415577831532,0.00126776138410206,0.00132035833859682,0.00159526162885134
2021-12-05,0.00494903028218197,0.00140786713712131,0.00168758691373972,0.00308292649448593
2021-12-06,0.0209464454638688,0.00190762062816968,0.0015333798433956,0.00248653781759255
2021-12-07,0.00291059759849688,0.0017810048966527,0.00148657546590567,0.00209015377308891
2021-12-08,-0.00233049456092616,0.00169922904158658,0.00138005899419897,0.00170763701748279
2021-12-09,-0.0597136382267216,0.00158797707256541,0.00129869380949883,0.00140751188043333
2021-12-10,-0.00855568752878355,0.00149289988485949,0.00150155003276285,0.0019272925466424
2021-12-11,0.0466144194002922,0.00166560469622006,0.0013717212816695,0.00159414041791944
2021-12-12,0.0133526527210073,0.00157630922524558,0.00150991553876481,0.00171912677841004
2021-12-13,-0.0692973753526402,0.00162141066271105,0.00136305297191256,0.00144291773203072
2021-12-14,0.0345241762326722,0.00153617853368432,0.00161471156080815,0.00225687287535848
2021-12-15,0.0107337588163947,0.00179215887882589,0.00158253738932165,0.00204551282505524
2021-12-16,-0.0255482024281832,0.00173545677039763,0.00144939931917828,0.00169028885752622
2021-12-17,-0.0320232713999662,0.0016334655755258,0.00144449110162664,0.00151827462666159
2021-12-18,0.015130173120065,0.00158233516848875,0.0014224579146102,0.0014551032297631
2021-12-19,-0.00327752710612117,0.00156965944501281,0.00129548838267723,0.00124207611431206
2021-12-20,0.00497739217481019,0.00148249215026694,0.0012463158151183,0.00103708534407155
2021-12-21,0.0412508732374555,0.00139305145421758,0.00120701457224294,0.000872496920360358
2021-12-22,-0.00619054227111526,0.00131190664753667,0.00129303724694826,0.00106707069593121
2021-12-23,0.0452801594542276,0.00134898184122699,0.00120787425019261,0.000901756851875935
2021-12-24,-0.000370061388967002,0.00126749696281196,0.00149697394025529,0.00116623517086769
2021-12-25,-0.00830554886919543,0.00132118827708559,0.00133811103890452,0.00097301285356837
2021-12-26,0.00742932881557401,0.00124290759646531,0.00128062070897879,0.000832413346233496
2021-12-27,-0.00145944527773345,0.00117543841830186,0.00121902402629915,0.00071086053496711
2021-12-28,-0.0643041831297992,0.00110400109115334,0.00110021291194785,0.000604982255796581
2021-12-29,-0.0229581057839621,0.00104534290102084,0.00137354870370301,0.00162745933046694
2021-12-30,0.0140239790234347,0.0012905192314511,0.00118938685819291,0.00144263498065758
2021-12-31,-0.0193698214926741,0.00126822573159913,0.00112511363680417,0.00122615497141574
2022-01-01,0.0320599467817786,0.00119847081605715,0.00110273039092791,0.00109474286550672
2022-01-02,-0.00918805274359258,0.0011540813633743,0.00124155050170014,0.00110255922320841
2022-01-03,-0.0179255747295972,0.00114130600718031,0.00118450220790425,0.000939609492023483
2022-01-04,-0.0133097451918314,0.00108001466157392,0.00126872022424676,0.000854020123715158
2022-01-05,-0.0533458970167047,0.00104799017539923,0.00123147096812323,0.000756380146041399
2022-01-06,-0.00852438625717333,0.00101096252532698,0.00151918200847202,0.0013002887512767
2022-01-07,-0.0358183987906102,0.00116656668846961,0.00128760877932103,0.00109511432606132
2022-01-08,0.00272108619188494,0.001109574264739,0.00135576869411213,0.00117256658221265
2022-01-09,0.00442591939892623,0.00113616241619561,0.00124889826273227,0.000978608155902833
2022-01-10,-0.00100684570321619,0.00107256832627567,0.00122080444592664,0.000823089412080116
2022-01-11,0.0214504004396776,0.00100742358838907,0.00120241739502021,0.00069584110741271
2022-01-12,0.0270902769434116,0.000949262956596405,0.00120717213306555,0.000674703060778742
2022-01-13,-0.0310574808840993,0.000925446357810303,0.00122946119193023,0.000711259082256892
2022-01-14,0.0116761333829025,0.000923493444900802,0.00122939561297353,0.000803646792793707
2022-01-15,0.000564866503495409,0.000938584764983334,0.00117130754582856,0.00070130584971389
2022-01-16,-0.000293189271094008,0.00088230052115787,0.000845204074351238,0.000593337748911079
2022-01-17,-0.0204066313010856,0.000832863271688417,0.00081132014283423,0.000507022503263805
2022-01-18,0.00355986994629554,0.000789442660851341,0.000834886210993217,0.000521206939122434
2022-01-19,-0.0164768030058262,0.000775286084326,0.000789744000290563,0.000449020084560063
2022-01-20,-0.0237827352261952,0.000733993590743758,0.0007701063000555,0.000442364272463776
2022-01-21,-0.10994615987911,0.00071485348143173,0.000780557493780835,0.000500246323041753
2022-01-22,-0.0384262269858517,0.000739207284379315,0.00142524179613129,0.00527741284153421
2022-01-23,0.032902471390134,0.00161022370174681,0.00139298943585145,0.004424510332522
2022-01-24,0.0114067643862032,0.00167156158687409,0.00153593140216442,0.00369348538317296
2022-01-25,0.00809500163855503,0.0016338297876642,0.00145186962154375,0.00297029059980305
2022-01-26,-0.00403917387510333,0.00153608992446221,0.00144483303180898,0.00240232003572558
2022-01-27,0.00948398768784386,0.00143721466191382,0.00137008063576518,0.00195351811142513
2022-01-28,0.0148636502954709,0.00135057138786954,0.001334114423892,0.00161110672238102
2022-01-29,0.0118678204974376,0.0012751788874709,0.00132001925441971,0.00136334046354271
2022-01-30,-0.00749734604885965,0.00121657571247347,0.00127514316994127,0.001152464795886
2022-01-31,0.0153284014936492,0.00116003691474364,0.00108408053962537,0.000969974621199311
2022-02-01,0.00590166573671347,0.00109179039996283,0.00104855963841854,0.000853253615655955
2022-02-02,-0.0475868957877967,0.00103712150448797,0.000871933130514055,0.000723998276935278
2022-02-03,0.0111916370777347,0.000978887107119579,0.00141795005907908,0.00112110956779707
2022-02-04,0.108176446956934,0.00109439889515104,0.0009835388488229,0.000953737886372876
2022-02-05,-0.00462072424678794,0.00103946082506549,0.00196738336214261,0.00434350072285502
2022-02-06,0.0238368201984738,0.00182849407062395,0.00158154712420397,0.003452789756488
2022-02-07,0.0338493333568959,0.00170745832130466,0.00150466271704997,0.00285689751825487
2022-02-08,0.00461978783702577,0.00162854110092558,0.00150777138426621,0.00249262884472585
2022-02-09,0.00745866381930682,0.00161179144243368,0.00141760941347764,0.0020203769819542
2022-02-10,-0.019968761180241,0.00151052599776076,0.00139422932179774,0.00165627323765809
2022-02-11,-0.0261275102636205,0.00142466169197748,0.00127677952116,0.00143725585767319
2022-02-12,-0.00368500362617219,0.00136522286174456,0.00137409181985415,0.00131885607680035
2022-02-13,-0.0038971692535803,0.00133777213348661,0.00131379142026833,0.00109623015459054
2022-02-14,0.0114029437609098,0.00126126485079422,0.00126287459827784,0.000916902747507868
2022-02-15,0.0461474056472824,0.00118328138768295,0.00124550425323044,0.000791043371748519
2022-02-16,-0.0151849105438515,0.0011234641757923,0.00140213496462272,0.00110550841194035
2022-02-17,-0.0796223074196458,0.00121081905996979,0.00127276058598369,0.000966767859553254
2022-02-18,-0.0134493034485352,0.00115720883835585,0.00172205143205482,0.00245874856500133
2022-02-19,0.00261649811292664,0.00157609294748451,0.00141699590169482,0.00200594821866028
2022-02-20,-0.0431407529280499,0.00150479571229075,0.00134730213990517,0.00162550316578104
2022-02-21,-0.0365775661820251,0.00141619699987408,0.00145185079298366,0.00169505851933341
2022-02-22,0.0324907507662182,0.00146998190413931,0.00143180138601644,0.0016421158934508
2022-02-23,-0.0259769663535838,0.00150335039701727,0.00141478384478734,0.0015302730673033
2022-02-24,0.0285078745231431,0.00146922376402308,0.0012881834260222,0.00138680875766809
2022-02-25,0.0230055700671095,0.00142892235636729,0.00128431012439297,0.00128383597182597
2022-02-26,-0.00261566080147446,0.00137893779804882,0.00124788916882346,0.00115543279302868
2022-02-27,-0.0369145713560055,0.00133166820868546,0.00125863397430982,0.000965186490450017
2022-02-28,0.135278714675252,0.00125072660984163,0.00135338991874922,0.00109160721205513
2022-03-01,0.0288026925696254,0.00129458360529787,0.00236949395383761,0.00707331415241503
2022-03-02,-0.0119624345490479,0.00250936367857134,0.00179831499740252,0.00548100200864237
2022-03-03,-0.0333332615882593,0.00244311302965468,0.00166410040618865,0.00422889358491709
2022-03-04,-0.0810549423019875,0.00228634522525819,0.00166784293594366,0.0034885275243877
2022-03-05,0.00634784379342079,0.00223485884783305,0.00225572540054279,0.00401121395921068
2022-03-06,-0.025114798426122,0.00261045672187567,0.00170889357400431,0.00313506092346792
2022-03-07,-0.0113289195068571,0.00242497592310973,0.00166540672799551,0.00259364915227396
2022-03-08,0.0193604394737665,0.00230373955396239,0.00159897345422749,0.00209585988205721
2022-03-09,0.0796500373203131,0.00216314716348201,0.00157207023323195,0.00175358936228192
2022-03-10,-0.0619567610700482,0.00204628450298538,0.00193303477941466,0.00276465740560464
2022-03-11,-0.0177206451442284,0.00239090947081568,0.00189567883824501,0.00293271785585754
2022-03-12,0.00200652840135795,0.00247491699706082,0.00170663275825132,0.00238514138212621
2022-03-13,-0.0269004673903179,0.00234785199044188,0.00160863628345563,0.00191093604478415
2022-03-14,0.0489203168714063,0.00219012109594544,0.00160116402051589,0.00168700087397242
2022-03-15,-0.00990588416998328,0.00210258028935464,0.00167124862691678,0.00182111717226391
2022-03-16,0.0456248114305087,0.00211981583773325,0.00154566586611465,0.00149923192249805
2022-03-17,-0.00478107598504707,0.00198196655664258,0.001601264891667,0.00161164880173647
2022-03-18,0.0203116952414426,0.00198970716744127,0.00148575817720097,0.00132266095651808
2022-03-19,0.01056768257477,0.00185312792647456,0.00147149117557015,0.00116175737509719
2022-03-20,-0.022502352481311,0.00175289058912187,0.00140673804576781,0.000983633319458138
2022-03-21,-0.00631770220599215,0.00164688813301144,0.00138347015108244,0.000926392550510915
2022-03-22,0.0326750703725587,0.00157923944099362,0.00133460707792811,0.000789268038850288
2022-03-23,0.0121678667429066,0.00148621869077752,0.00136816157330405,0.000870055504670129
2022-03-24,0.0255256438082849,0.00146667270007748,0.00130177919876409,0.000757462616000204
2022-03-25,0.00728617422754319,0.00138835507299011,0.00130568899604475,0.000761003484075479
2022-03-26,0.00446071713602336,0.00134687161249444,0.00124493419301322,0.000959305466457877
2022-03-27,0.050733773930828,0.00126995811448987,0.00121120471907927,0.000878618840083946
2022-03-28,0.00626825030601452,0.00119358428557318,0.00150196749320565,0.00105464731238281
2022-03-29,0.0066116967684664,0.0013086860578014,0.00126138078650047,0.00096536768368462
2022-03-30,-0.00776298439687828,0.00123597767189189,0.00121510496313774,0.000885254806704002
2022-03-31,-0.0336535992569278,0.00116597669700343,0.00118787045706368,0.000818407169635652
2022-04-01,0.0168457571405938,0.00109965445711768,0.00129673485653981,0.000870703981381357
2022-04-02,-0.0102610730714474,0.00113350527888234,0.00121007196294398,0.000822310525492027
2022-04-03,0.01293361490454,0.00108147147248088,0.00117903019916801,0.000766294150520543
2022-04-04,0.00372436144151678,0.00102497900880241,0.0011582261520815,0.000718219687880387
2022-04-05,-0.0235237349480624,0.000975288023755605,0.00112726641873226,0.000661144710718986
2022-04-06,-0.0525017816550033,0.000919452276817476,0.00117055110349344,0.000669268164406955
2022-04-07,0.00632042915620268,0.000928959591545418,0.00154473622581166,0.000905790985865201
2022-04-08,-0.0278251992184284,0.00110536747184415,0.00119587138159213,0.000832260972907645
2022-04-09,0.0118101299320372,0.00104125525625988,0.00123767233303547,0.000845240476330386
2022-04-10,-0.0140174297468771,0.00104383802568381,0.00116486834621801,0.000786463846524322
2022-04-11,-0.0643733658182644,0.000984588925113865,0.00114246748130057,0.000743936008161536
2022-04-12,0.0136799402987631,0.000953110467839534,0.00158102653379679,0.00111537365317395
2022-04-13,0.0264190184253028,0.00123094428242105,0.00124667463233536,0.00103354236359535
2022-04-14,-0.0297323041306665,0.00115846291894103,0.001255243059636,0.00100907731925746
2022-04-15,0.0151447196010199,0.00114950451011071,0.00126774592185023,0.00101412877616617
2022-04-16,-0.00427996933117036,0.00115149224406144,0.00120014700354175,0.000946482095034254
2022-04-17,-0.0175027636042273,0.00109909483697083,0.00116271299623685,0.000868175557251204
2022-04-18,0.0279098748430258,0.00103221893873592,0.00117273466724256,0.000828769786326405
2022-04-19,0.0168192992773761,0.00100738185256797,0.00120132106829362,0.00083318521010901
2022-04-20,-0.00325860922878185,0.0010033449861287,0.00115661085178735,0.000788689024070243
2022-04-21,-0.0214621951388594,0.000974829722395859,0.00112189446790304,0.000725643211995196
2022-04-22,-0.0192258767952005,0.00091813465370443,0.0011313314628705,0.000716783154573188
2022-04-23,-0.00676129835665584,0.000910247215672366,0.0011289774294466,0.000698207927023471
2022-04-24,0.000216245734076637,0.000891369728105656,0.00107432345383425,0.000648093076877434
2022-04-25,0.0244377786503307,0.00084304064385054,0.00105886702528952,0.000597247859042953
2022-04-26,-0.0589288732240458,0.000803677519174945,0.00114092506303392,0.000607018031909497
2022-04-27,0.029041308349953,0.000814519791571131,0.00145290595330775,0.000924374239476348
2022-04-28,0.0128227679696398,0.00103243955078683,0.00128306684117336,0.000924584470775017
2022-04-29,-0.0292588301525001,0.00101723997679023,0.00115577922908281,0.000860046511702516
2022-04-30,-0.0253286301777162,0.000973648089109178,0.00123242902229943,0.000877978703006483
2022-05-01,0.0220129612676683,0.000988634674377014,0.00120087120141499,0.000871833800504466
2022-05-02,0.00147570906456096,0.000993358021368613,0.00116636153043708,0.000843379289604607
2022-05-03,-0.0208838300694296,0.000970021967347928,0.0011057498809264,0.000773126634808164
2022-05-04,0.0506715625195415,0.000913639473620216,0.00113863251963706,0.000756610754343368
2022-05-05,-0.0823368253505521,0.000912031642719615,0.00141435708023733,0.000946323244394764
2022-05-06,-0.0148610761227896,0.00104883099818439,0.00166767786530299,0.00156563294835081
2022-05-07,-0.0151467179208371,0.00146623457326329,0.00131813716186517,0.00144148970689252
2022-05-08,-0.041265348325588,0.00141361425025629,0.00127403153314981,0.00133126473422433
2022-05-09,-0.123751480390842,0.00135270237714083,0.00139825607837931,0.00138419842323803
2022-05-10,0.030800846621533,0.00142917172091851,0.0020927071970783,0.00280614617150609
2022-05-11,-0.0636651051045494,0.00258094683975776,0.00166696059293315,0.00259866439072126
2022-05-12,-0.00255239398280871,0.00245510184727928,0.00179288728360595,0.00273506056511989
2022-05-13,0.00882427258055785,0.00256443999483645,0.00163650516293956,0.00244930898145534
2022-05-14,0.0269391043317349,0.00240139901532672,0.00154773924833895,0.00220412203611557
2022-05-15,0.0404561319046444,0.00223875491412844,0.00154062090735512,0.00204852059423565
2022-05-16,-0.0475518034081954,0.00214392507490692,0.00156866691990965,0.00199844772559594
2022-05-17,0.0189306062024954,0.00213791061529685,0.00160108788554048,0.00202962880570422
2022-05-18,-0.0584886995742195,0.00215625818005499,0.00150587802999213,0.00186009718075359
2022-05-19,0.0543513864177694,0.00203080649386618,0.00165714824825338,0.00202512979715376
2022-05-20,-0.0375788669561832,0.0021434415240077,0.00165812965076126,0.00210589741648202
2022-05-21,0.00832285637471486,0.00217139624896548,0.00158170345064013,0.00203936980864849
2022-05-22,0.0284215384207975,0.00211067873418236,0.00145834003706661,0.00183841468470888
2022-05-23,-0.0398951347692122,0.00196478228087683,0.00146531051383089,0.00173374494241576
2022-05-24,0.0185640245739105,0.00189419838544915,0.00150141774238935,0.00172863256933131
2022-05-25,-0.00379852519508184,0.00189189445114635,0.0014203540298931,0.00159240735217418
2022-05-26,-0.0116031160400318,0.00178532270847386,0.00136689716984005,0.00144311808433657
2022-05-27,-0.0197668076759747,0.00166927248303046,0.00133404935151842,0.00132357173897195
2022-05-28,0.0139274582552869,0.0015783602379577,0.00131981136105407,0.00124324787721065
2022-05-29,0.0149327306648619,0.00150998873677269,0.00127517335268293,0.00114780253970312
2022-05-30,0.0740872715889171,0.00143036819246874,0.00124106419081056,0.00106457655580881
2022-05-31,0.00210339973853735,0.0013587752442861,0.00172640423646626,0.00151390601303221
2022-06-01,-0.0647949816931543,0.0016945963240544,0.00135347818070922,0.00137162922723826
2022-06-02,0.0214680211866689,0.00158590814628136,0.00161545349431059,0.00167398904298728
2022-06-03,-0.0250179166566564,0.00184014446349791,0.00140929287047534,0.00155475288224102
2022-06-04,0.00550096452596094,0.00173895698877951,0.00137781119994368,0.00147152194752563
2022-06-05,0.00184566799768682,0.00167380366356472,0.00132297117658922,0.00133557604043854
2022-06-06,0.0474500888349514,0.0015726754066599,0.00128015207881335,0.00121279116832276
2022-06-07,-0.00792888071102205,0.00148003231247969,0.00141929239906334,0.00131994923864536
2022-06-08,-0.0300220982099315,0.00154941657005397,0.00128285367738332,0.00120631294755133
2022-06-09,-0.00314484124646697,0.00145384243223879,0.00131163998608432,0.00119096985058982
2022-06-10,-0.0343959202434387,0.00144675898894613,0.00123808948675397,0.00108545943017911
2022-06-11,-0.0232006119472725,0.0013585518140178,0.00130030667551187,0.00111188729857358
2022-06-12,-0.0673052472144988,0.00137675812836246,0.00125237723747947,0.00106871676237108
2022-06-13,-0.166997641231511,0.0013469476848438,0.00164750563665584,0.00143952190532328
2022-06-14,-0.0157318328672531,0.00164597234669506,0.00266430477026409,0.00400753065205006
2022-06-15,0.0200055285384089,0.00385216957050309,0.00199689236567077,0.00358719053523752
2022-06-16,-0.101630178241635,0.0036345234405528,0.00188833095241793,0.00323120170458258
2022-06-17,0.00330314965423284,0.00343330535815176,0.00228655495174261,0.00639197815027602
2022-06-18,-0.0760018363469719,0.00398134488289712,0.00200971530220869,0.00347834165185053
2022-06-19,0.0811277149268701,0.00371463973446163,0.00217451219197514,0.00478358458553305
2022-06-20,-5.34656819617396e-06,0.00391116106462971,0.00218944595282498,0.00485355450733211
2022-06-21,0.00724649099184305,0.00404133274739221,0.00199241725139541,0.00373745444840876
2022-06-22,-0.0361376939508311,0.00374407399619184,0.0018749109031609,0.00292522107154378
2022-06-23,0.0546214268784677,0.00346582716731476,0.00187367555700605,0.00255141195269873
2022-06-24,0.00602441333699133,0.00332109349853141,0.00190563084164201,0.0025686349219903
2022-06-25,0.0118656503170236,0.00328302554428145,0.0017851836183218,0.00205082886213128
2022-06-26,-0.021309430090108,0.00306041773600469,0.00172880989829781,0.00167447785150354
2022-06-27,-0.0141460254601213,0.00285041795420492,0.00166602490610362,0.00145101145956876
2022-06-28,-0.0224888419964646,0.00268074680115391,0.00161189519485192,0.00123069667532732
2022-06-29,-0.00783484973953819,0.00251693324012793,0.00157734426427408,0.00111731684494098
2022-06-30,-0.00902534553818768,0.00238806937285574,0.00152345312119763,0.000943191344930234
2022-07-01,-0.0337806752051044,0.00223777002455998,0.00147106116114736,0.000809166178333463
2022-07-02,-0.00140089157801526,0.00209567286049781,0.00147027614421169,0.000921571738594644
2022-07-03,0.00326794287197529,0.00205150529649692,0.00140009354681318,0.000775522677172414
2022-07-04,0.046573314820991,0.00191289446047782,0.00136062783550331,0.000659442244965196
2022-07-05,-0.00301292846499557,0.00178935250654079,0.00148497884813385,0.00102929563205795
2022-07-06,0.0190814211736079,0.00183292248888211,0.00135053033370707,0.000863133624456618
2022-07-07,0.0502823534538486,0.00171354437864614,0.00132669719262268,0.000790544522706112
2022-07-08,-0.00139889837024931,0.0016323652032265,0.00146943584423188,0.00120437848274834
2022-07-09,-0.000135227193467813,0.00173420816666815,0.00131574196823697,0.000999147536869649
2022-07-10,-0.034363151398205,0.00161820078100804,0.00127345153428481,0.000836852194362429
2022-07-11,-0.0440407347468472,0.00151342168039758,0.00133544541336738,0.000952900809082642
2022-07-12,-0.0323174914457507,0.00151991512588631,0.00142365794503179,0.00120967161313545
2022-07-13,0.045813728987703,0.00160108561087418,0.00135440266443206,0.00120802801555922
2022-07-14,0.0173418276292754,0.0016043974650856,0.00144502096366195,0.00140336604067233
2022-07-15,0.0116469941538035,0.00164724196441253,0.00131859659348377,0.00120375548670658
2022-07-16,0.0173974373889756,0.00156824542389983,0.00127645987957118,0.00101957431106567
2022-07-17,-0.0189290917114029,0.0014722995950098,0.00125914354073512,0.000903671446636315
2022-07-18,0.075649845182177,0.00139964579258682,0.00124965747237623,0.000832983807728917
2022-07-19,0.0420772010480732,0.00134609238111501,0.00167291566273274,0.00214321730348331
2022-07-20,-0.00743548245124259,0.00167606774319206,0.00152379796621809,0.00203087236743702
2022-07-21,-0.00306670854499558,0.00173485857646261,0.0013410092142174,0.00164960521173801
2022-07-22,-0.0203929573407482,0.00163545422803071,0.00129536086732696,0.00134689360792812
2022-07-23,-0.0103581446266983,0.00153687056925444,0.00129784152475514,0.00119158703173136
2022-07-24,0.00571211226518997,0.00148222750848903,0.00125824175440043,0.00101091093540243
2022-07-25,-0.0578317078758044,0.0014083970164655,0.00122637339495109,0.000849970631965376
2022-07-26,-0.00264204298022719,0.00132505394909884,0.00153327047824251,0.00150002413934408
2022-07-27,0.0768480486898255,0.0015098417020925,0.00127330815682375,0.00123132498011683
2022-07-28,0.0380630527083881,0.00143039944537428,0.00169671530622197,0.00234934255262057
2022-07-29,-0.00290570651606181,0.00179428949136403,0.00147289727464504,0.00212711233785299
2022-07-30,-0.00549337214011913,0.0018075021636666,0.00134319755065042,0.00171350656992839
2022-07-31,-0.0149220344858776,0.00168778217944553,0.00130371474653897,0.00140142649963533
2022-08-01,-0.00108716836451705,0.00158592841050409,0.00128294134949526,0.00119521565825101
2022-08-02,-0.0121162504204264,0.00150536020299175,0.00123616662775687,0.00099192083059605
2022-08-03,-0.00739729209143469,0.00140734271679742,0.00122742954390084,0.000861765865417078
2022-08-04,-0.00859970947917965,0.00133193901266331,0.00119608464945168,0.000739728563737841
2022-08-05,0.0300200619305784,0.00125928993401895,0.00117330786460057,0.000645880022683246
2022-08-06,-0.0154849038138831,0.00118842412952078,0.00124759751187565,0.000722442259917896
2022-08-07,0.00954642768953029,0.00118723692103642,0.00118307192098157,0.000665706437177189
2022-08-08,0.0270578708603662,0.00114248136417713,0.00114828688270843,0.000582913736925316
2022-08-09,-0.0281130397960752,0.00108374427578871,0.00119748969429434,0.000637898760133152
2022-08-10,0.0341447911544979,0.00107801171739399,0.00120204586521703,0.000715480220877696
2022-08-11,-0.000821075027898743,0.00108500791115788,0.00125611721669056,0.000831784609705615
2022-08-12,0.019417603769849,0.00109730645793176,0.00114264424196236,0.000703486987890039
2022-08-13,0.00154365692195668,0.00103228729986503,0.00115407477864539,0.000664461763686043
2022-08-14,-0.00558563256101685,0.000994426626671848,0.00110690892886796,0.000568292637959264
2022-08-15,-0.00869508532524144,0.000936265408006286,0.00108396775842421,0.000498185565858082
2022-08-16,-0.0100139399087293,0.000888656391027224,0.00107549748384839,0.000450341042569256
2022-08-17,-0.0217003519236236,0.000844956875205418,0.00105892979167562,0.000416188972118878
2022-08-18,-0.00650969143141822,0.00081020227855162,0.00109793817677834,0.000468888906696994
2022-08-19,-0.10716790958304,0.000815742880513162,0.00104203335393598,0.000418984487286583
2022-08-20,0.0145653049068564,0.000798124065740502,0.00181984815741211,0.0052882201304952
2022-08-21,0.0176084265060972,0.0016801234417138,0.00135670640895271,0.0040837195218459
2022-08-22,-0.00539574012996624,0.00157037883707745,0.00130836378342588,0.00321956711375687
2022-08-23,0.00602345926973591,0.00149323555134924,0.00126079799237484,0.00253991006464103
2022-08-24,-0.00750821762396647,0.00139962088009341,0.00124003216131979,0.0020281529690165
2022-08-25,0.00889699843098768,0.00132066173254131,0.00120551300410311,0.00164725182289005
2022-08-26,-0.0630824976037445,0.001255542501892,0.00119673937146513,0.00135268711384478
2022-08-27,-0.0101022119782677,0.00118566144206819,0.00154676347907749,0.00197618127634313
2022-08-28,-0.0243483067767976,0.00142499815008323,0.00126994098310695,0.0016160786846645
2022-08-29,0.0366554814045692,0.00135369378865758,0.00127159693029687,0.00143280832898146
2022-08-30,-0.0236470299311744,0.00131596014664171,0.00133281593040882,0.00141663387217715
2022-08-31,0.0119594979959547,0.00132031289707995,0.00126734208114393,0.00127299146563863
2022-09-01,0.00405361432764728,0.00128071329955193,0.0012182094997935,0.0010740603323555
2022-09-02,-0.00896139351331726,0.00121131496952078,0.00118101711909928,0.000896201492797601
2022-09-03,-0.00603061970825713,0.0011441947238475,0.0011703730432916,0.000771742984038717
2022-09-04,0.00845552107710468,0.00108917791405619,0.00113876490429764,0.00066334153009062
2022-09-05,-0.0102249444373896,0.00103541242622628,0.00112532472056315,0.000578152471570867
2022-09-06,-0.0521650520290393,0.000976523406214229,0.00111376641785379,0.000520831338125554
2022-09-07,0.0263767656480596,0.000933837336008088,0.00143161558571386,0.00114599295897384
2022-09-08,0.00139488132848165,0.00110728040780046,0.00122598622041562,0.00107448897326484
2022-09-09,0.100396239939863,0.00108882272448567,0.00114517879638795,0.000895966818935584
2022-09-10,0.0134036132525051,0.00103966093611206,0.00178056731300999,0.00370279553851083
2022-09-11,0.00821300246908407,0.00173919633152929,0.00138560151870816,0.00291707900153288
2022-09-12,0.0257289825902696,0.00165163138791171,0.00132462548385133,0.00231538935705668
2022-09-13,-0.104497430361141,0.00155456765894487,0.00133497213474017,0.00195995608749253
2022-09-14,0.00263067635402869,0.00151555326219744,0.00194353376604151,0.00418755041916851
2022-09-15,-0.0262899455334846,0.00227003044734855,0.00153279072287846,0.00325015107253475
2022-09-16,0.0051345278170789,0.00212043638643367,0.00150615650472453,0.00268296366914042
2022-09-17,0.0155486070502064,0.00202599911436081,0.00145068667756239,0.00213454921333438
2022-09-18,-0.0352904584441145,0.00189872569251332,0.00142074536210474,0.00175344880989237
2022-09-19,0.00620438822169689,0.00180185109265695,0.00144709033258262,0.00166473518460158
2022-09-20,-0.0344728321725096,0.00178527818613726,0.00137072419793519,0.00136103577579383
2022-09-21,-0.0221583959680238,0.00166910621663487,0.00140256155010892,0.0013551315684646
2022-09-22,0.0496771839912391,0.00165461890077429,0.00135604490875965,0.00121255096741513
2022-09-23,-0.00577492188141093,0.00160103255567526,0.00148085770581314,0.00148201020435069
2022-09-24,-0.0193361709410382,0.00167900435829303,0.00133502934841024,0.00122296227043764
2022-09-25,-0.00599664433730851,0.00157007422771755,0.00132293015783823,0.00108742318177054
2022-09-26,0.0221088426413161,0.00151354418641853,0.00127894341768105,0.000914357814482527
2022-09-27,-0.00776312114359534,0.00142858573173388,0.00128071727279414,0.000853345284842413
2022-09-28,0.0173386050667581,0.00137471780970567,0.00124202496981086,0.000734050644129457
2022-09-29,0.00916263656583283,0.00130097039675423,0.001232880004578,0.000675239727378777
2022-09-30,-0.00865845776789698,0.00124713746468387,0.00120370950137613,0.000589747663932601
2022-10-01,-0.00576555882359031,0.00118198830228946,0.00118978774771291,0.000524768440198879
2022-10-02,-0.0132482992774978,0.00112378097303826,0.00116406214949117,0.000462834911768976
2022-10-03,0.0295881468899584,0.00106733038684767,0.0011594583810033,0.000441861734208712
2022-10-04,0.035470066752179,0.00102530539930558,0.00122407905940823,0.000559638271194578
2022-10-05,-0.00886807694753244,0.00103325663055024,0.0012602062166104,0.000734473329104344
2022-10-06,-0.00985029250025526,0.00108945173620544,0.00115599606567201,0.000642808303893806
2022-10-07,-0.0218074842813216,0.00103699119403081,0.00114192354782967,0.000572508151260689
2022-10-08,-0.00575794217145109,0.000991309089281797,0.00115871753142871,0.000594758751130422
2022-10-09,0.00108397523750625,0.000978898631635979,0.00111788432589508,0.000520060226777172
2022-10-10,-0.01592685534259,0.000927017634119475,0.0010965536934347,0.000450776117264041
2022-10-11,-0.0037636326703101,0.000882844816561526,0.00110467701734093,0.000448752920058953
2022-10-12,0.00499954855969875,0.000857939847339502,0.00107796463636608,0.000396008497787
2022-10-13,0.0113988381085655,0.000811944089627469,0.00106287060573061,0.000351511006818239
2022-10-14,-0.0102822908155797,0.000770910072315448,0.00105188913202155,0.000332540271306372
2022-10-15,-0.00562356239280959,0.000742759632008717,0.00105830631708147,0.000319155773604821
2022-10-16,0.010100687533674,0.000720733162786643,0.00104681819906262,0.000292102523887275
2022-10-17,0.0147830060608101,0.000694070551715335,0.00103519298087005,0.000277475015466361
2022-10-18,-0.0114422774576841,0.00067847445556573,0.00104880338721599,0.000286700839090328
2022-10-19,-0.0105833257695789,0.000666768200368102,0.00103442063487549,0.00028726034509467
2022-10-20,-0.00429965743784244,0.000649521288333165,0.00102975594620797,0.000283237586201593
2022-10-21,0.00640996125321003,0.000631323625185623,0.00100703153615566,0.000258745934704021
2022-10-22,0.00208399000380943,0.00060411940638432,0.000989482343917912,0.000238470036817351
2022-10-23,0.0188814047749073,0.000581540366729537,0.000985471251017779,0.000215531714689191
2022-10-24,-0.0123744127879881,0.000563291680188782,0.00104006010332782,0.00026412814163191
2022-10-25,0.0380839730139808,0.000569914728189469,0.000997646691459209,0.000273259422735177
2022-10-26,0.0338584068050523,0.000576036228567282,0.00127448770300172,0.000592124100711589
2022-10-27,-0.0232062173479086,0.000686348393456855,0.00129706177552491,0.000730149407644227
2022-10-28,0.0145149104854418,0.000774608181962246,0.00117808997284161,0.000735358632364504
2022-10-29,0.0105229017033004,0.000783767186038586,0.00105554144719747,0.000659121626811009
2022-10-30,-0.00879361510266818,0.000760858863108878,0.00101593430785769,0.000580526044056823
2022-10-31,-0.00665109063963953,0.000744140452677938,0.00100950142740342,0.000518548003777032
2022-11-01,-0.000347534412821204,0.000718043064480009,0.00099127715358173,0.000460407155557088
2022-11-02,-0.0163299430037913,0.000690070835661176,0.000986513042517274,0.000401820604701036
2022-11-03,0.00277405884484949,0.000669908111115675,0.00101451705113887,0.000412669783630437
2022-11-04,0.0455002684794454,0.000671620591483513,0.000964952664405899,0.000362550445106599
2022-11-05,0.00710756812867963,0.000663366332279393,0.00139297240966414,0.000820138194871916
2022-11-06,-0.0186613858307965,0.000826742975512477,0.00103959255102927,0.000700480582262688
2022-11-07,-0.0151557084383835,0.000800604945877337,0.001056862255538,0.000671575188082066
2022-11-08,-0.104539948786357,0.000802235401500856,0.0010405358214411,0.000623866570650465
2022-11-09,-0.15256777937933,0.00082362957729824,0.0016891043784489,0.00452627306873402
2022-11-10,0.100211568440271,0.00185763887157207,0.00253433032722858,0.00868739197451416
2022-11-11,-0.0306235436615996,0.0042137428141736,0.00242312156744796,0.00818384964041085
2022-11-12,-0.0152430215195949,0.00461511005742409,0.00197804386316252,0.00629535213388976
2022-11-13,-0.0291029542452623,0.00425391825944572,0.00186279803198228,0.00482648810917009
2022-11-14,0.0175795765326132,0.00392783040300324,0.00182355298222806,0.00387198543563228
2022-11-15,0.0167730512461794,0.00367909498823804,0.00174366250456798,0.0030651307092411
2022-11-16,-0.014171059886845,0.00339319840257981,0.0016797875623584,0.00246189759209255
2022-11-17,0.00178682188799861,0.00314571133814486,0.00162290408966638,0.00200628735872157
2022-11-18,0.000472553995392033,0.00291426236333208,0.00155408862389885,0.00143815566389127
2022-11-19,1.37719891508681e-05,0.00268698029004472,0.00150615683664715,0.00117940710123627
2022-11-20,-0.025497948917879,0.00249150660131573,0.00148270616049908,0.000980255372026985
2022-11-21,-0.0311264271128397,0.00230208464031103,0.00148961572077597,0.000959568691531641
2022-11-22,0.0278477628835425,0.00219390995117616,0.00148446166518066,0.00101014452316985
2022-11-23,0.0229172032029528,0.00213899417115089,0.00145372763076506,0.000984541627252245
2022-11-24,-0.000250586862488689,0.00204711673086293,0.00141918904818776,0.000917409008806708
2022-11-25,-0.00463814069506263,0.00195935329161973,0.00135130260207863,0.000776394349353462
2022-11-26,-0.00385498545820617,0.00182295751785671,0.00131953332728329,0.000670440730620013
2022-11-27,-0.00181163931710238,0.00170889235699451,0.00128780375848965,0.00058418191361325
2022-11-28,-0.0132268364279646,0.00160190467661919,0.00125751283609344,0.000511564440639392
2022-11-29,0.0140634322802118,0.00150187902142658,0.00124284532678415,0.000490352143935237
2022-11-30,0.0429219220456449,0.00142912817175904,0.00122398217489428,0.000466257110606132
2022-12-01,-0.0109119119942651,0.00136936342039805,0.00140252159629927,0.000824809175621668
2022-12-02,0.00677253117024712,0.00146867423671264,0.00123032592718541,0.000729812814835591
2022-12-03,-0.0122163133533224,0.00138751665993965,0.00119687822956088,0.000633099856408486
2022-12-04,0.012974242698661,0.001309006981183,0.00118489385654022,0.000583622408979899
2022-12-05,-0.00817977063169373,0.00124911556213465,0.00117117725826815,0.000536103236782877
2022-12-06,0.00720067030800031,0.00119085651800493,0.00114173460754653,0.000487550723904944
2022-12-07,-0.0148751770092268,0.00113067835692657,0.00111717148150153,0.000437939276310306
2022-12-08,0.0227521019316939,0.001084227806129,0.00112335218097855,0.000441363184433297
2022-12-09,-0.00556232014226055,0.00105650638634858,0.00115864662632521,0.000487758363372458
2022-12-10,-6.24707168714878e-05,0.00104271931131039,0.001094149300014,0.000440058399321048
2022-12-11,-0.00248096293165112,0.00099012753162909,0.00107545124315172,0.000392172977748356
2022-12-12,0.00727692009001579,0.000938484349577189,0.00106216701285073,0.00035467502455684
2022-12-13,0.0322953657130043,0.000892728105371279,0.00105268689939333,0.000289362871386208
2022-12-14,0.00159931002374236,0.000870321210464956,0.00126852272208084,0.000520882989385009
2022-12-15,-0.0254175504220324,0.000921698718979521,0.00107017646932286,0.000420280005788083
2022-12-16,-0.0426220919745557,0.000883719091483618,0.00116852466825833,0.000517504870674035
2022-12-17,0.00864452424423057,0.000918919444773605,0.0014568046249668,0.000890333316750456
2022-12-18,-0.00228615994732273,0.0010616339056441,0.00113330688402697,0.000760789729842202
2022-12-19,-0.0180448690471717,0.00100337072810711,0.00107387358192694,0.000648942123870034
2022-12-20,0.0274016047314589,0.000947594302470826,0.00111847824176407,0.000626853148638948
2022-12-21,-0.0042046038497876,0.00093149454216934,0.00120374739366514,0.000674302535396652
2022-12-22,-0.000192592901406385,0.000933421895258884,0.00108025770285387,0.000582324816544048
2022-12-23,-0.0025553638570468,0.000878769020509104,0.00105208438214797,0.00050247962429346
2022-12-24,0.00342827355681941,0.000845589371582464,0.000819303572945188,0.000438914155701553
2022-12-25,-0.000238206761624227,0.000810980504120313,0.00102868928511769,0.000384972598031905
2022-12-26,0.00517192981368275,0.000771592930462543,0.00102219989577486,0.000339626852388526
2022-12-27,-0.0126708162731752,0.0007289034059395,0.00100944563218117,0.000304287375138208
2022-12-28,-0.00956593439752851,0.000693472856541182,0.000679121380848674,0.000310001355481427
2022-12-29,0.0051933796404473,0.000681319132959603,0.00101512234000101,0.000298004268774727
2022-12-30,-0.00156373420711731,0.000668404878878332,0.000745638595723681,0.000268962556304906
2022-12-31,-0.00392641443106534,0.000638256814019676,0.000606845746181642,0.00024285194821609
