"vol_forecast","omega","alpha1","beta1","Volume"
0.34087131588619,6.39724595294318e-05,6.33231684679738e-09,0.997725203489087,0.0525277703771976
0.303182007450945,1.74884760680962e-05,1.86130591544538e-10,0.990194705085692,0.0567339384794672
0.330360175674714,4.27279507988083e-05,3.51562146603177e-09,0.997470631038251,0.0855715358568233
0.33991605958525,0.0311070391512296,1.717562897547e-09,0.998997212102223,0.0453430364834448
0.294382711078511,8.37210598550766e-06,1.47983087590752e-10,0.991008121172448,0.0337817444207289
0.279111629195672,6.97267775778865e-06,6.54596545281805e-10,0.9877452039321,0.0392220355850894
0.240357877739546,1.77991327777412e-06,1.57960767368975e-09,0.978868449405143,0.0311955577512154
0.212577590805686,7.74504921969044e-07,2.54708848096762e-09,0.971855451953178,0.0185538055484517
0.182230986356838,1.93493945224401e-07,3.59635381264077e-09,0.963102585536635,0.0487366622709999
0.149723983149364,5.40826311310541e-07,0.0167169940512249,0.930787724527629,0.0298089058107866
0.106078641212297,1.26463015253479e-07,0.0562054471818924,0.868216021848157,0.0187145562436517
0.0303829057119217,4.85808400315044e-14,0.417272341108122,0.548018542590225,0.0130565286879093
0.0764446400380692,1.47632374317084e-07,0.0614966985675679,0.852572396929914,0.0911303345883682
0.142820928118122,6.73155296264138e-07,2.38603758234707e-09,0.972954778770698,0.110942361627644
0.193159558554816,0.000566208546323605,2.44806234371892e-08,0.998995721169029,0.13027752328892
0.218457508114522,0.0741972032580146,1.33485461772746e-08,0.998998651611391,0.0497641058678336
0.208815027131419,0.0323432483945583,1.27832192064938e-07,0.998885998520586,0.0475226684846748
0.207055673238077,0.0322928349980872,5.0775910103329e-08,0.998983615089443,0.0413923117257522
0.199609226425156,0.0462039638011322,6.28422929202639e-10,0.995897896443118,0.021744154001865
0.188476267671948,0.0525223507100657,3.89657236462042e-08,0.992110707741081,0.037638343550897
0.180806661151937,3.73857343203837e-05,1.77198087203216e-08,0.9947274379138,0.00477233942204801
0.166367723428586,5.00120283494297e-06,1.51721904914707e-09,0.990349107836701,0.0253064687905559
0.16158036768183,7.97444751239148e-06,1.26315388283662e-10,0.988009532294461,0.0164410821258234
0.151206660947315,4.28873894766069e-06,1.29917463008849e-08,0.986274048847358,0.0102049757913989
0.134883617769817,9.43020536529059e-07,3.48249607524789e-10,0.980223469584622,0.00253827332297248
0.124398482346527,5.24164436802659e-07,5.98313576276474e-09,0.979096392147561,0.00855777730972014
0.10858886835923,3.41195490793105e-07,4.0904937950615e-10,0.972694654660072,0.0947295057974752
0.155949222907924,0.000132412874661119,1.02377117599143e-09,0.998995304747368,0.00949307985551331
0.140700227703852,4.79569175343622e-06,9.77989420446761e-11,0.993171843058348,0.0414288846352422
0.133840163080407,3.48815028212899e-06,5.34862170288354e-09,0.990710601476573,0.0846699711112573
0.154500247104652,0.000118297949572979,8.72012335356426e-10,0.997464319846559,0.113008589258363
0.150395270371233,2.90529494591055e-05,7.232055914565e-10,0.996992860258938,0.087270616838011
0.160601486576406,2.31548864773521,1.08756847641425e-12,0.83906034919372,0.0870421070314305
0.460888593879377,97.0522302332881,0.998999668264913,1.40482176489694e-07,0.0519335314757176
0.140065697596156,5.77219704035507e-06,8.18003774975374e-10,0.995691770517076,0.0204836644236303
0.143456672635375,1.14559498087686e-05,2.01527085923018e-09,0.998580448893296,0.0325101979163693
0.130070378383804,7.79286374361417e-07,5.02279770354895e-10,0.993549482707246,0.137721953191144
0.254579893066607,9.07128687171231,0.69232221185153,0.252456441113277,0.162082913042561
0.146381662844517,9.3897220994826e-06,5.45372284915496e-10,0.998392784117415,0.066236657706474
0.124965327830984,1.89302722938311e-06,3.70327058902907e-09,0.989548365613557,0.0623278925658706
0.101342992208839,5.0498141856889e-07,4.40854760302576e-09,0.978299383626129,0.0590286759167663
0.0995205429342143,1.83910697729021e-06,1.41302996524808e-09,0.976557733420523,0.0340536313990301
0.0881862752774927,1.22832912033114e-06,1.12505208096556e-08,0.970375740685879,0.00388183160260686
0.0873196398122311,5.5437383441262e-07,2.53998252373672e-10,0.972713152895979,0.0309457846251639
0.0912679727093943,4.95251967868826e-07,9.86651917990226e-11,0.982711943031261,0.0308922010600973
0.0949947054350813,1.76155976457028e-06,3.13992063675571e-10,0.995675321746221,0.131569199069045
0.157231032533299,0.116522221935504,3.85832718962182e-09,0.99899991963425,0.119446271861372
0.18049204682733,0.258402036691739,3.31451352667937e-09,0.998999866003927,0.0222720513465958
0.200491221057697,2.15102489724309,1.51237412972175e-11,0.901006292679012,0.0185109953985836
0.217435124419072,4.49661152349129,4.81666947062303e-14,0.816836803172172,0.022219318314308
0.367497909782704,64.0797509196683,3.33190544494978e-20,0.00152786096830293,0.0346195192078823
0.152795431635149,2.7698029399212,6.60300710894517e-16,0.790228996052867,0.0835586082802451
0.403383422847545,9.66975804088861,1.37319909186569e-15,0.87547253473163,0.0716318706335561
0.398271171056119,25.0474811223632,2.92648559522884e-09,0.664355908012217,0.0428926515476187
0.303618608297732,31.4597366899559,2.60660114893885e-21,0.300981035233666,0.0189215192198351
0.119728344693618,3.75785687218235e-06,5.8712811246085e-10,0.989614974757829,0.0154229943895569
0.113901520813719,1.65872150641577e-05,8.40201438213714e-10,0.986447146290496,0.0314654601530326
0.158971364938059,0.116318828468463,3.25261891331702e-10,0.998999193548685,0.0351800203091351
0.139873011688554,0.0182890134071814,2.50113901236091e-10,0.99899516554965,0.0342228874220185
0.122643524718161,5.22324508976727,2.46062323210403e-18,0.426757928703269,0.0348046518427422
0.14463774766417,0.797338189151457,5.13570340929112e-10,0.935385673653936,0.0444309818336065
0.156670355351819,0.716024341579031,1.17242594796785e-13,0.951958413669749,0.0355684302781368
0.208008775884739,5.59964982505531,2.33629616897943e-18,0.752797882872858,0.00536572779074916
0.161573892608738,4.31880372662665,7.14150293797157e-21,0.702851428499279,0.0256529191424684
0.186215001806676,11.9968830281489,5.89493064011138e-17,0.355606601387647,0.026744436208641
0.131202909603239,0.0803215107473187,2.93302273516896e-15,0.992994597797925,0.0223023870157076
0.103419947505312,2.81794709364685e-06,2.77962815279935e-09,0.988002666099667,0.0552435215400205
0.258149468143007,15.1552382517519,3.3928130709234e-18,0.546601469129456,0.0313069775452429
0.116691477317368,9.6854662013663e-06,1.11939889137013e-09,0.996648698374108,0.0518289159439208
0.313557638340035,47.7656872139977,1.81640539834589e-09,1.44732106220955e-07,0.0163424203234785
0.102357851041652,4.5854904745128e-06,2.60197284854311e-09,0.988772565122608,0.00506634025259894
0.0992859828255028,1.84461803254322e-06,8.69693638804739e-09,0.988301527206171,0.0583491002264765
0.133185388573544,0.0258209446102691,6.48641125206097e-10,0.998989123847584,0.0598721209224452
0.134978375497877,0.029992639423656,3.41044534061258e-10,0.998996507005776,0.033911025403112
0.117359464981033,1.37062065529493,7.21652043291712e-11,0.838071049255288,0.0402713095232466
0.104236986697321,6.98639289378274,4.47640708974248e-15,6.43076171972102e-05,0.0278660054329993
0.117975220445775,0.0738444744115527,4.70137399608206e-09,0.998999519311502,0.00662876896732041
0.112307030587605,0.0549747224416158,5.31874560490431e-09,0.998988945674233,0.0125328840070727
0.0903897340212412,1.49475042669925e-05,8.51457493977298e-10,0.995133728265895,0.0220112212944195
0.0790068168994143,2.17058185624175e-06,1.04820164167542e-10,0.988228909685587,0.0407606493820035
0.107622946002628,0.0230788244061246,2.72844361533366e-09,0.998998594268565,0.0375566924041288
0.0850768273180965,5.06290892563635,8.97832121106624e-15,0.00221893939142081,0.0182442116169555
0.086968843141188,0.0761427773679539,2.58199806568202e-09,0.988749061461633,0.0307546982608521
0.0863084065308635,0.100071010263944,2.59271537207082e-08,0.982596035833995,0.00951547721868932
0.0853833058198238,0.134365814028606,5.12822201293497e-12,0.974443559306953,0.0520038421854347
0.088922421576346,0.0120351249748403,1.91917742935388e-10,0.998997552583577,0.0793067949188446
0.0997718493530395,0.0332681831434143,7.88020098442814e-09,0.998999770227692,0.0308128180007392
0.0993045260484332,0.0472706806634255,8.11221879593901e-11,0.998999825957557,0.0236323367708806
0.0955363235810267,0.0384806150500867,1.80281056900235e-10,0.998998613464122,0.0658247163305911
0.10555863123972,0.054024471821477,1.80717393956541e-08,0.998999813313618,0.0232887215282309
0.10342030079615,0.0445976620193982,6.63688501931153e-09,0.998999733025173,0.00548480237978618
0.100547121462896,0.038427971940856,7.16935809625145e-09,0.998998743970927,0.022378084433024
0.0993604018861772,0.0288452685297177,1.96161907493765e-10,0.998996568945414,0.0301159481439464
0.0938916571641043,0.865386063777229,2.1273016016449e-15,0.85375164185835,0.037786903276267
0.0900386105943566,0.00334434089796445,6.3923534819245e-11,0.998995614699264,0.0538282349960376
0.0914114299309553,0.00403626511801906,1.51688746118907e-09,0.998990952293416,0.052346039873453
0.0946251823740365,0.00451993635970583,2.60151722859279e-09,0.99893861989522,0.0477562814879284
0.0968063539626505,0.0155153153849691,5.82034108617135e-11,0.998957549072529,0.0260535200813
0.0910242509269576,1.26538870329533e-05,2.78472233662104e-09,0.998208104147087,0.012526079744842
0.0867534059505187,6.05156927922407e-06,4.67634687015561e-09,0.997571655617194,0.0291772434670379
0.0803933419771763,8.27833262895076e-06,1.28591035466005e-07,0.993587322856355,0.0246135680867309
0.0731786524779003,2.79626684590745e-07,1.14959957093078e-10,0.988890399807821,0.0470038434895849
0.0765656866926087,7.28723949943025e-07,1.71436806847613e-10,0.995563913230062,0.0391607972250132
0.0712326098839606,3.97081907144316e-07,6.40972883783207e-10,0.993356656852842,0.0162409234118707
0.0653327006017555,3.59899251508317e-07,6.25298849060621e-09,0.990223299975736,0.00138580140764989
0.0596540784324995,1.04156783707518e-07,5.74813698149721e-11,0.986937858973101,0.00151224728077016
0.0539754139702569,3.65576965216428e-07,5.5994073422735e-08,0.983976987848521,0.017519274178461
0.0506215072543736,3.9184385535116e-08,5.05796791684204e-09,0.980539817065276,0.0103226328258045
0.0268688417992648,9.82144386964288e-08,0.109741317738818,0.841415719946778,0.0138877827237582
0.0213740647452784,1.38829913883885e-08,0.128606270587347,0.816048783561481,0.0127806725566402
0.0166460014968725,1.68526582675878e-06,0.239218718497493,0.739383434568886,0.0465017456391455
0.0499953030023848,0.314929452112574,0.250886533852273,0.659629287473382,0.0113520609991222
0.037147384509466,0.185465664371145,0.17742133665404,0.734337865638581,0.00257172761227336
0.0310904419178724,0.120925423900721,0.13207707293455,0.782584345627307,0.0108386227116316
0.0364915141436767,0.171076314572001,0.125147339793125,0.770150072048565,0.0165119598573931
0.0239153689838891,1.35963499490957e-06,0.0298703517015889,0.924889954423403,0.0233502433992334
0.0254197792822108,2.69484585364176e-08,3.75079615729451e-07,0.97118680950811,0.0091537172767578
0.0182468051743406,4.3704761359294e-09,0.0269808211148954,0.928561175456133,0.0119190828516795
0.0116718804582506,3.16798754036208e-10,0.0442338963055417,0.897732796376148,0.00991636166844729
0.0228975635039501,4.11314012883419e-09,1.53142662429593e-10,0.977441687424621,0.0117087177443807
0.0240569305229213,6.61625115334012e-08,1.64847162255499e-09,0.979653723709776,0.0439147084368531
0.0386369503483082,0.166781989547552,1.40730104062423e-08,0.900916389010152,0.0279487906234726
0.0382207019940937,0.183056884282861,1.05275323253458e-09,0.890439200895061,0.0202752838928155
0.0352572404262614,0.210024978738221,9.79557315040867e-11,0.862143321793622,0.0117010629493712
0.0292365931573281,1.06496164086279,0.37135655650876,1.54875908537429e-11,0.0211374406196288
0.0307386023646421,0.426746866784286,7.4914740048131e-13,0.674290989005842,0.00150430897483436
0.0303342474595518,0.000300570489697435,1.08141641458036e-12,0.99652754581286,0.00770440942162149
0.0350844825279179,0.0111574943625213,4.66705423977008e-09,0.99898000231625,0.0362256086052506
0.0477246802284761,0.0288851023986217,8.95873588781937e-09,0.998999890145143,0.0503294266548331
0.0435420835133555,0.0209095333494494,2.10544391574654e-09,0.998999775288987,0.0150371360188917
0.0406148036244082,0.0978692654120519,1.34753116087417e-16,0.949187410370468,0.0108162253484556
0.0348564581741249,0.133409388683692,8.06835731241152e-12,0.912134219390086,0.00968700132908788
0.135736818790375,3.53507240842274,1.98849817750938e-19,0.672521815016874,0.00766726949027899
0.0567450179327836,1.01082364068201,2.84391205150825e-21,0.639677382681988,0.0044369459962604
0.0278410965595273,5.6102843607193e-07,5.1442150980489e-10,0.997043280804547,0.0263982693676548
0.0301051212348203,2.45541180807451e-06,2.85752412596824e-10,0.998487782964278,0.0879198568591891
0.0647783285980941,0.0339866896801528,1.0443569256087e-08,0.998999824898865,0.094288646307112
0.0723129039701503,0.0561120415921703,2.94821506191387e-10,0.998999867074932,0.0577775421990988
0.0561716021867663,0.0157969963034046,4.40238630265991e-10,0.998959101217326,0.0378895342315799
0.0706345315358296,0.0491946061913475,6.48948842336173e-09,0.998999777880107,0.028371505414554
0.0567820789616312,0.0147702988002663,9.7005595275498e-10,0.998998215175261,0
0.0716728050417455,0.808729714884594,1.25689432694059e-13,0.793646436523172,0.0201054608479746
0.0713170235784792,0.254471540225788,1.51340540341452e-10,0.938876139642544,0.0127801055347876
0.0903004377861948,0.356262923339821,1.11813301634756e-14,0.942772371666224,0.0191199768682301
0.186474510894259,1.99796442780676,5.64824567479625e-08,0.896489188586593,0.0156843914635858
0.174674762566587,5.36532754524989,1.74090820573058e-08,0.677608081508824,0.00959004059230059
0.171378764760017,10.3610766959056,4.77793787508482e-09,0.35638796930002,0.0280327098576511
0.0711690465479033,0.0430043223559856,2.49856623081605e-09,0.998999796098229,0.0128620401924821
0.0582440382721943,0.00959024102227461,4.06282078262013e-10,0.998999059106768,0.0684452078221844
0.0866254169748849,0.0793683532231718,1.35272339464549e-09,0.998999960105552,0.0962034791031978
0.112649024060604,0.167057360250802,9.33270741658023e-10,0.998999986268116,0.0465777265673882
0.180396629222335,0.502645750916178,8.26534389105432e-10,0.998999995329683,0.0310472815367717
0.299611925216108,1.39247032985159,1.26351618126913e-08,0.99899996881709,0.0239081929021497
0.196709357776693,0.600741702214788,5.16365219586254e-09,0.998999975609747,0.0142308309445553
0.311630393190003,1.50133316123938,5.27122246785833e-11,0.998999986235847,0.0951326583346434
0.225322640311599,0.769433169740681,2.21666855900332e-12,0.998999993747649,0.109304519006533
0.141681907821204,0.276949314297029,2.34276133532351e-09,0.998999973239759,0.0517597392779088
0.192809531703028,0.554333195260982,4.69907045680318e-11,0.998999984560564,0.074788197775816
0.358656717618109,1.96229226095414,2.3503541735066e-08,0.998999936047044,0.0842035956375289
0.331869414394955,2.79726263068742,6.89164020269827e-08,0.964143614555849,0.254561909107236
0.411161763363301,2.53281310134997,1.73877628952196e-10,0.998999980350154,0.0864963484983441
0.443785708356785,2.93959281966651,9.05960449009821e-12,0.998999974357519,0.129859628183585
0.23020641096473,0.72527004554643,2.23305038213198e-09,0.998999988628589,0.145874876898138
0.327265499879378,1.51392126325537,4.81600968781714e-09,0.998999986952184,0.0513900410300415
0.227865295122232,0.664602798301788,6.78286102062816e-10,0.998999993196732,0.0478728044786289
0.233851883874565,0.709514541775157,6.14292157404191e-10,0.998999987752143,0.110233867822874
0.538374301900976,4.2616042522152,9.01111062788048e-11,0.998999999734525,0.0481699239293689
0.547516407269151,4.40790049661222,1.03577669343155e-08,0.998999965782569,0.041353470728852
0.217636321723226,0.620424909527983,3.25589303579064e-08,0.998999897427725,0.0134146029877992
0.448868513277381,8.3866945827428,9.08820992528389e-08,0.916450944835201,0.0343345907269723
0.18173982172218,1.08920747240286,7.0027248048454e-13,0.947197956110259,0.0349563301883013
0.125973876996401,0.661367240304924,2.64951862416782e-13,0.933699649787787,0.0249174917997016
0.118750096550967,1.06202201028182,1.09077547084316e-12,0.877704824753621,0.0224835504975997
0.0790784257409709,3.12140998865594,0.246838169548256,0.294099052987028,0.0754096537262187
0.116624102545515,1.08105091771544,5.09412109208086e-13,0.871452596788582,0.0285248848256708
0.111024929132972,1.46841190170677,2.37714320196483e-07,0.810263043262909,0.015398612449897
0.0955303125982216,1.77754840871163e-06,1.75572962823694e-13,0.995513505850062,0.0566769527832852
0.0878828924271638,7.8622041984769e-07,1.32600712471253e-11,0.992618903610271,0.0421090273473846
0.0754224335930466,2.10318745226007e-07,3.97240182407531e-10,0.985028486982215,0.0398948070131485
0.0754383032588523,2.23073440395577e-07,3.49387556684813e-11,0.986279349957738,0.0312851472039194
0.0677301788876821,2.2649423587277e-07,1.70931624264312e-09,0.98191379137322,0.0369363704974311
0.0615525430314526,2.41377315222013e-07,3.80357832013418e-10,0.977739070331957,0.0237981906627536
0.0547425301510348,6.82445258007554e-08,2.03462014520766e-09,0.972507397435972,0.0201896635930794
0.0329993381407671,5.0569317619245e-07,0.105459734639754,0.843771477553821,0.0308267100361269
0.0245591329963566,5.11749635517398e-08,0.11504820658264,0.825615024421625,0.0320588485217338
0.0832114703808467,2.2235682938074,0.412356483602458,0.438643646710174,0.0270103694574904
0.035492769352331,1.13754556366797e-08,8.10603542790431e-09,0.958079977962061,0.0232229469933343
0.0319913174842022,1.3827220596633e-08,2.0951094180037e-08,0.954251874951724,0.0903943402237489
0.0207902827679571,4.70299424209818e-07,0.0389766746139225,0.89189131880539,0.135892740694794
0.161692589238363,1.43729051199919,0.24247121917632,0.503361731419242,0.0373914055341083
0.0654322937685587,0.490778288256511,0.014381455031369,0.822080105367459,0.0294241814838266
0.0551731195550499,0.446453464503746,1.41564584178945e-09,0.833764281138155,0.0420531756949077
0.0624494609863391,0.830044470055628,1.23082214879959e-12,0.741280585609003,0.0459698791414468
0.0790691960220409,0.035756733810076,1.59941952573943e-08,0.99899982123969,0.0484367077109971
0.0827204278077976,0.0485952733945251,3.4077722524928e-11,0.998999949698124,0.0467518022761232
0.0688200958581742,0.00901176214331681,7.26260180034709e-09,0.998998526443596,0.0247227197933482
0.0906422984791325,0.0790804713429969,3.3991431267516e-10,0.99899994899636,0.0541962321783472
0.0779096292650605,0.0385824957624169,1.036672211485e-08,0.998999710523587,0.0312343987481155
0.0821315743209927,0.0540705692168128,1.18388260329316e-09,0.99898895587853,0.0894372073366322
0.278740349897315,0.7519003386009,2.26725841083413e-08,0.998999944862283,0.142516122954515
0.398990519544287,24.057381412531,0.998999942652227,5.28497152984575e-08,0.0614484416725543
0.377987213680915,18.8672170756109,0.72825530003047,0.270744620910633,0.0356455452500846
0.246992638196417,24.8503295968974,0.901008606173442,0.0979910122540983,0.03573655225742
0.0988215183681863,5.71377289108315,0.278621075958349,0.066205946528292,0.0221300123725302
0.220235390565909,21.8883201190304,0.906008087879279,0.0929917659825415,0.137842445334812
0.418101772252377,19.4253822420034,0.939338797227872,0.0596611907684903,0.143139846992328
0.332158268818943,24.6684242274417,0.966085765055026,0.0329142349445895,0.0601244456468332
0.28613569513446,34.8171086754321,0.96613539030562,0.0328646163961539,0.0320494926611666
0.170804526843671,15.7825390343581,0.998999952449062,1.20848246902376e-08,0.0587879751403558
0.33830506645454,9.12380741189506,0.245281352360875,0.75371864956092,0.0185461507534422
0.216015786469263,23.6609861607752,0.996519038067099,0.00248092309958335,0.0249821322908931
0.206059604362351,22.0754585205653,0.998999278656425,5.35295494798602e-07,0.0286623876249159
0.247405758851564,29.9553412889287,0.97713594788483,0.0218640452595282,0.0282782303198084
0.244884466213701,29.38366812657,0.989598047049262,0.00940194266083328,0.023133074029704
0.188263511572654,18.7211784333315,0.99899878780316,3.31300132633633e-07,0.0195086703481581
0.195195801791811,19.3845027138841,0.998999827032827,1.21435960927143e-07,0.0293759846263592
0.202915643104614,19.8191180625601,0.998999480114927,3.62232603678501e-07,0.0285509678308884
0.272143546947479,32.693009971817,0.998999695249504,2.18117380302659e-07,0.0421660130435666
0.12212868008248,7.15930276215405,0.458186053253939,2.32862948128e-10,0.0300274927349475
0.153987366928643,13.3784998915252,0.998998608851955,1.15756565111458e-07,0.0461507591124126
0.221757718593225,22.5004713886919,0.975878444965679,0.0231214655388643,0.0369550822185655
0.17314977172954,11.6507570247724,0.929412079835707,3.9068662403367e-12,0.0300935507807704
0.158821213045136,13.9803214443842,0.993136250284659,0.00586273875064112,0.0244494152604156
0.177039411513844,16.3213424214921,0.983396138588964,0.0156038590269155,0.0208712238598532
0.222586501078796,21.0166904436579,0.979662848685318,0.0193370492531859,0.0223347072613034
0.18940835499637,15.0842424913978,0.998999476824359,3.12077623902382e-07,0.0294763474942618
0.175501711059673,16.6524763045921,0.993041095992953,0.00595890092246675,0.0243164486359909
0.0674829668904244,0.93064687722158,0.0859008133847371,0.705448318515158,0.0270562982275475
0.0502413076159888,0.698108592605205,0.0740120561466896,0.675011277813224,0.0236292181506916
0.0257719046301182,5.54169064906077e-08,0.0232331580160268,0.910156926017432,0.0273341389353006
0.0349200691012446,2.37047609769384e-08,3.35959590236175e-09,0.960396423295894,0.00598690023022561
0.0340850130706665,1.97570385590794e-08,0.00233911342283668,0.959383706754939,0.0108975929842976
0.0244911903859408,4.0698973606341e-08,0.0156234371938282,0.931465232577871,0.0257368383766468
0.0297578352413481,6.61280950238484e-07,1.67106762667444e-08,0.957457388882954,0.0408493883019287
0.0457235520659949,1.02234817808203,0.177875559596587,0.314618386522967,0.0188625489471691
0.028575249155418,3.97505337836574e-07,2.62002026213191e-09,0.97558140545296,0.0411002954716852
0.0356584084517982,1.63912910088466e-06,2.15931036195634e-10,0.995554283973186,0.0333485397253752
0.0333307718779116,6.42248238796032e-07,4.65840935946914e-11,0.995231380527533,0.00885461324953385
0.0298191475536432,2.00286906052216e-07,6.29772335468527e-10,0.991219207666264,0.0101468560515118
0.0307131675558002,6.02569846593318e-07,1.97466537403768e-09,0.998109441097713,0.0400093454273651
0.0402221959053874,0.00760302729399189,6.19950722153877e-10,0.998998863999336,0.0342776050307902
0.0389089182358348,0.00426025260148183,4.28051689254466e-10,0.998995796792359,0.0259202699459491
0.0357751824215056,7.70471767830414e-06,1.24791107249027e-10,0.99836592196853,0.0280332768795036
0.0332014879331766,1.26643083131067e-06,8.98218099662406e-10,0.99572928111912,0.0257342867783103
0.0295659257571131,6.10224570222366e-07,2.18742361045599e-08,0.991655190565189,0.0166755456618559
0.0268015983639956,1.42520567729415e-07,6.77729348053341e-11,0.988580074084413,0.00679887552308758
0.0236184754937232,8.18748549070816e-08,3.72894149151713e-10,0.985709230129752,0.0361051164615822
0.0233100201652669,1.57705778866127e-07,8.68967307421476e-11,0.987757098257572,0.048010307277874
0.0325785768605441,0.128450467351168,9.36082146699005e-09,0.9078012421467,0.0351505351728021
0.0323737008712748,0.233752364191235,4.753735118273e-08,0.831481594329771,0.0224381887493951
0.0308400555738714,0.296798299550117,5.08816758483368e-09,0.774279141336919,0.019143224764185
0.029637552941722,0.000196321796638136,1.41663840572794e-12,0.998993298703819,0.0150595333820677
0.0265678098778755,9.42852113262091e-07,1.77126723573738e-09,0.995199331826857,0.017652524313812
0.0252725872211181,9.79877707373009e-07,2.99265715942661e-11,0.993296282383003,0.019243020610235
0.0251892358308761,6.77818562151291e-07,3.37274388080531e-09,0.996487923975969,0.0498911187628064
0.157977258258362,2.55633737705783,2.40558381594062e-13,0.817545172908361,0.047804761856322
0.0300182561407629,0.307414413634254,2.1116213316151e-11,0.75923623303508,0.0414566687060175
0.0282081137784239,0.000993547886978212,2.83029716663666e-09,0.99897633675504,0.0717299654140485
0.0434269761811428,0.0155103441464766,2.96911392847213e-09,0.998999889068384,0.0924208763247884
0.0507105386081502,0.0211748368087623,4.44154182499408e-11,0.998999982003195,0.0335489819502542
0.0831693356048995,0.095000129517189,1.54846236190642e-08,0.998999972010598,0.0415567480629938
0.0704158180679018,0.0582854431264816,5.97848241299336e-09,0.998999975771353,0.0575212483217429
0.0607707936616929,0.0280265009232669,1.63308624375673e-08,0.998999983499896,0.0426298369189584
0.0719192162843185,0.0587842725560601,1.39277475062409e-08,0.998999978278623,0.077136802289108
0.0740828023219623,0.81045498475433,0.239988560091179,0.462994369370151,0.0534179946857124
0.0648858499093576,0.0329728095406843,3.95930651684576e-07,0.998999559978765,0.0434948287550345
0.059052278644884,0.954234581731302,0.264623894335105,0.392288999717665,0.0995582638938527
0.0647157015995592,0.0319684431151652,2.66570830430981e-09,0.998999995451841,0.0609772465130793
0.0626101202979807,0.0264688922243842,1.49730448133741e-13,0.998999931236124,0.101301005557687
0.0680372707030844,0.031414202474952,2.77679244494216e-09,0.998999981959847,0.113991805150697
0.121204107978631,0.706835536554246,0.445271075049728,0.441316756855049,0.152798213717862
0.116967349522848,0.874438704392671,0.450140700480809,0.394397865101894,0.191948521038603
0.160822277112775,1.04090865592201,0.52895331407558,0.336110271158669,0.10772621367994
0.167862034888095,1.27846269923589,0.546862462334849,0.281371241083578,0.0748474515594082
0.14200431796258,1.46405773215961,0.503915796609086,0.270739016078932,0.258893956060774
0.383093800289596,0.932669551518317,0.565763512963841,0.433236492274187,0.554437086050658
0.486436871129555,1.17957871723311,0.66665770109769,0.332342304863283,0.718130624665407
0.272267966728281,1.32401593497975,0.706977576969777,0.292022430077265,0.40038573135777
0.285000528051665,1.47176686104584,0.729130593527211,0.269869392715789,0.31777634033958
0.188462034846789,1.68085667264785,0.748067353941737,0.250932653562037,0.130483635732325
0.157293831528954,1.94265630414941,0.770269468825795,0.228730538924575,0.11685384795148
0.161789745919257,2.14764532370581,0.769262736208319,0.229737271050473,0.163368918604161
0.7978347143726,9.03856811071185,1.05807486018169e-09,0.998999997360288,0.241542815202033
0.376038238795811,1.81205512224577,0.360973634465126,0.638026363930512,0.273500438982648
0.375160572259905,1.73747100897213,0.352854164870926,0.646145838244705,0.192438427919213
0.384525325689596,1.81628484731098,0.359113698847505,0.639886304326691,0.1173794772088
0.310033785385077,1.96895800934738,0.36392704074337,0.635072959169894,0.0794145290708305
0.405716657758475,1.82168327901087,1.47854962251986e-09,0.998999994097988,0.0952942595626222
0.463110315616696,2.55908872250501,7.52215643694935e-09,0.998999988974186,0.105974116155538
0.535169863280042,3.6196921908147,7.14962046304593e-10,0.998999998935084,0.114540398793046
1,24.3459489725574,1.62791353123546e-07,0.960052945921465,0.0940771471561081
0.454268054686909,7.03580961528314,7.44368600891717e-11,0.933721355201603,0.0975566767543256
0.574210887492581,16.801860380832,1.44930471444989e-12,0.890517935513851,0.120639569350078
0.143486870367719,7.21274630514563,0.672709808812909,0.24968941303577,0.049896788981332
0.143881201437276,7.14289390795425,0.745135956615043,0.253864004272051,0.0363985502702806
0.189483361063824,1.42981713710476e-06,9.30263141218122e-11,0.992806762287984,0.0478509741373055
0.114894155551726,5.3005942167012,0.688257001625358,0.310742993971999,0.0531914694556158
0.0262723083664972,1.12773662078674e-06,0.429626554092645,0.56937343732705,0.088075504357716
0.105321721355259,1.76690626814787,0.520524012101931,0.478475965563622,0.270764558544059
0.160398202045477,9.64447815644225e-07,5.28845724333476e-09,0.981173052764406,0.126384067738336
0.143465180549213,3.93338973159558e-07,2.19980959575702e-09,0.97540784907857,0.0743243739004241
0.122411836903346,1.00155332676575e-07,3.71470058167705e-09,0.967171091223211,0.0845100709488361
0.12570977595645,1.59974834412728e-07,4.24681858534508e-09,0.968808382539713,0.173227160532721
0.112640075491292,2.81665024025867e-08,5.32826868952809e-09,0.963688864744781,0.141333882391934
0.116663226083626,4.27584565243075e-07,4.87122563494501e-08,0.965372648293992,0.123496225443262
0.110149203937327,6.4385863260463e-07,7.32526826907284e-09,0.9675404509689,0.113727572967406
0.105379944908346,5.47728368006729e-07,3.43336265722146e-09,0.972350671678515,0.0713971235865974
0.090243267962138,3.1808812480272e-07,1.47980345107219e-08,0.96464756639776,0.157862569393977
0.130354240019757,0.365711731292931,1.68732419993386e-09,0.95414591597217,0.19040905670891
0.113898479176324,0.109121519929336,4.94804676982604e-09,0.967098009282716,0.149849416573638
0.109868573715414,0.255849684710099,4.58396769911673e-09,0.950925952533388,0.13381857475814
0.172656832079441,5.79963629588556,0.167813390960894,0.477190799610366,0.227705486082715
0.125605395110207,3.92077452212935,0.1093018360516,0.493668270039095,0.117764768557613
0.112983009341694,2.0073736200728,5.17109477746725e-13,0.747843229025248,0.284483652266682
0.185678364590883,0.242052712752083,4.54661525790333e-09,0.998999909198325,0.344091824516762
0.24835834628122,0.729514769193979,4.9487204963653e-09,0.998999978480661,0.126019756198068
0.186184044797194,0.305339171127072,1.65771496077811e-08,0.998999888079943,0.339915708572677
0.171198874591924,0.214608120357272,6.24670052080751e-10,0.998999957928687,0.205602702099545
0.234028321948235,0.610466975348227,1.86511289499315e-08,0.998999950826391,0.275978324478323
0.339693855490939,1.54429861959743,5.70596466632094e-10,0.998999980619635,0.105969296469791
0.466751020482442,16.2195594023981,9.25126950891842e-09,0.839697577635521,0.140675853532041
0.202137642511142,0.957835098731656,5.059287250196e-11,0.965281563063839,0.10572632760597
0.251429846464331,4.55081838536927,2.57552219736185e-12,0.858169195797373,0.183739178657279
0.274075786658405,4.45602965730088,6.0570477277323e-14,0.882530461253666,0.190062311505634
0.434047335910813,24.3580572222325,6.90198363831393e-17,0.722461447874675,0.114083379179885
0.425907117342142,54.9626629456336,4.34015614194675e-16,0.350920602925429,0.103653012202095
0.118348176879178,1.52539531572381e-06,3.09375625963828e-10,0.993535694427496,0.131992197371053
0.112982452545984,2.26457703926272e-06,1.0580931283016e-08,0.990289239480147,0.0807371075419202
0.102578560574816,9.4270323986255e-07,3.12805455500838e-09,0.985797635009311,0.299288592836951
0.216446635662371,7.94208569865217,1.91956687778604e-20,0.673391015927168,0.121882197739957
0.429353868777323,85.9762019185006,9.47921057345746e-09,3.07425912813605e-07,0.110676144867869
0.131608502097409,1.14897599646657e-05,1.98413875161909e-09,0.996760668991486,0.116227005293478
0.176874757011094,6.0951274602132,6.06672742265336e-18,0.641676885401059,0.102881862482617
0.134002994466744,1.17680617157291e-05,2.2439269287446e-09,0.998634403639824,0.100350676932801
0.351346522001185,17.8247244306256,3.62703954435541e-12,0.697941141782875,0.072799935649824
0.115718669685964,1.27992010561359e-06,2.94960802758785e-10,0.992126383429291,0.0552724396545009
0.0875093905864213,2.89930307089668e-07,3.4437651426918e-09,0.977508060835938,0.0823114437155454
0.0709174990643922,4.13715225446995e-07,1.78457337199939e-08,0.967176381013162,0.0790332068749857
0.0704454639164112,2.29613604889997e-07,1.41595287150381e-09,0.972019071278032,0.0678206332515926
0.0533409855539795,1.93144920061429e-07,9.18155841917738e-09,0.959355952781355,0.0664594972945289
0.0439322369408731,1.06584446443515e-07,5.9019495281596e-09,0.951551288329883,0.218193694506067
0.08888352962903,9.48942028782599e-07,3.36300883568597e-09,0.981620313305291,0.131526672430104
0.0732403503875959,1.24064475655445e-06,8.22230251429297e-10,0.971933169640219,0.0614569470003427
0.0644067720032071,1.56341958711637e-05,5.86227653302624e-09,0.965723194519433,0.0719975997284555
0.0596570266770809,4.49077855164464e-07,1.87454829507498e-09,0.971377224888144,0.0846254598958315
0.0540304791507993,4.30223530598449e-07,3.72489216904372e-09,0.969215523819889,0.297703766759054
0.067495616312244,0.00588646365754266,2.54223798829451e-09,0.976891621100014,0.462936769703496
0.0640057513776395,2.11028336045374e-06,1.32077493914815e-09,0.976381104753223,0.0945355843239007
0.0650526712350117,8.47595901179177e-07,1.52967426050805e-09,0.980749377006527,0.40471215345453
0.214380960882429,0.310929998762936,8.77233167025593e-09,0.998999321890046,0.311156360210974
0.265028090327501,20.3232871764151,0.386721130951551,6.28778971693473e-10,0.0984313079618952
0.261554541921507,33.1955928799188,0.560675158951905,3.78136927580683e-08,0.124186291037824
0.128419447213036,9.53817133680654,0.186340894956717,1.24995805351088e-11,0.102684538877927
0.310343519278827,1.0619959853443,3.29471386983286e-08,0.998999958875126,0.315034789682466
0.435019043820303,14.9229623787489,0.42372565982294,0.575272533245346,0.163690987016413
0.30663631477197,2.14630795215545,0.18839650872548,0.806867705048837,0.229489903852713
0.311779101148992,1.84617862738754,0.210363751638833,0.788636209618985,0.12941281496377
0.302759056406848,3.24865267362984,0.225444320335502,0.773555665622094,0.125379588526531
0.264544510994025,1.91932008921277,0.232895963852625,0.766103992850832,0.137393647538513
0.260516776888943,2.12540728320153,0.203853771543832,0.795146229914015,0.134798388519359
0.244999012223842,2.81665518778888,0.221804797720895,0.777195201807804,0.104398645938208
0.194285471927239,2.55077946754437,0.275437053494931,0.723562940057827,0.13791956030676
0.555874299488568,4.1192866329395,8.78807546744541e-08,0.998999911181231,0.214119914665933
0.546673705598867,3.97244253788855,1.99551289053678e-07,0.998999785401032,0.0558048731740521
0.3356198391707,8.42312093605625,0.190343234755861,0.808656763251263,0.0773797711529288
0.404551462301441,9.16544521041403,0.140148870677513,0.858851093985761,0.116397678871098
0.372630705012208,11.3573322222353,0.194179666790481,0.804820320155196,0.0844233166053949
0.338823840366514,13.3251262139113,0.259298972529236,0.739700982032234,0.100171498027393
0.340413249548943,17.0114613374529,0.31853024002749,0.680469731281379,0.16637726438334
0.338094491509832,12.3978435102091,0.271915795759237,0.727084206454119,0.0941939536577349
0.195642441073027,3.29342910447518,0.177868354043157,0.773556284812757,0.109572436831866
0.319565860637448,11.2949483628185,0.265126358143124,0.733873641459505,0.0750606517759697
0.297584516210157,10.8702351459824,0.282499991346923,0.716500010986944,0.105098067393337
0.367083139002907,21.6850232061269,0.355356472076637,0.643643501215717,0.126779281969568
0.379930511402362,58.7747858575278,0.865950556537823,0.133049452173523,0.211300682015018
0.0763900550660176,5.51169789824256e-07,0.0752427499974711,0.87927640966659,0.180808242701411
0.0768009671979044,1.07190866466405e-06,0.128553254177671,0.858047778347742,0.160018953499252
0.0488665128025388,3.13618252664015e-07,0.0447502202007383,0.879938899081696,0.14547172436097
0.0514250530149921,0.115896410744457,0.0283809755614693,0.878412131568213,0.181075309993965
0.0750868228253157,0.00262820014584119,2.11979550737036e-09,0.970242926334072,0.179943239524898
0.080132608162706,8.15745164633497e-06,2.06602864891316e-09,0.977761284118821,0.177172226412325
0.0767322065182171,0.112277670116321,2.98880422600471e-09,0.956791870686553,0.20580823618066
0.0763599089869623,0.299202381184068,1.35826352297097e-07,0.921941934454813,0.187547297419054
0.0784139304361315,0.995509541118774,0.0432837032114389,0.739957526997354,0.127892912887991
0.0633355101232661,4.426877846474e-06,9.18247609398333e-09,0.98082615170792,0.236423152214419
0.0778827780459369,0.902635297476841,6.28337395968454e-10,0.796382304822479,0.224596800116507
0.0748447805669331,0.304369204309201,1.24032660637891e-10,0.926482992407774,0.212021661640982
0.0686464071316726,1.42463632857663e-05,6.50497443920263e-09,0.99359775122502,0.211623884470976
0.0827950774205468,0.0178815983928343,1.53648132245224e-09,0.998999374008525,0.162006070241102
0.0991349073027178,0.0790217621324704,2.90091676345949e-09,0.998999574448549,0.170665355802867
0.0783505054332555,0.0548477671782115,1.90861484197885e-11,0.989241000292852,0.144264818347802
0.0720898001694506,3.70420896746483,2.0522198611469e-18,0.0625347151322316,0.0887182236275897
0.199589185070352,6.3476710962906,4.354776671074e-22,0.698380717019421,0.120300773793175
0.0671826331589367,2.87840766435526e-06,4.60217430718478e-09,0.997455724525407,0.142021396388159
0.0604371715338017,7.31494695909053e-07,3.23924856947761e-09,0.99220337005239,0.182283066539912
0.0576710073250565,4.8668384355205e-07,4.08687799944651e-09,0.991821598917139,0.182451744200611
0.0633181254203989,1.20838879707631e-06,4.0567351439948e-09,0.994596355759958,0.254828409377938
0.0555764444383734,7.50765096365566e-07,8.31163393175951e-12,0.988513022829394,0.227532249566322
0.0595388832672225,2.39923049386569e-06,2.81487743519306e-09,0.990223980411039,0.353776535077565
0.0674758290166282,0.431662845517324,2.04821122989436e-09,0.87980171712318,0.228542682507579
0.0672740469626101,0.505569382103472,6.34479114110936e-12,0.858461948519442,0.213091064854905
0.06757611913858,0.758689369926942,1.71798725490034e-09,0.788908974917999,0.169286630827937
0.0622032995827181,6.70613283040916e-06,4.70379557183656e-09,0.99895015162142,0.168437821795533
0.0571452720801298,8.11204023862303e-07,1.42731984740631e-09,0.995224879840901,0.199654053163493
0.0520918091552062,3.84154835513556e-07,4.79310879547751e-09,0.991101820147213,0.179657460511209
0.0488512844554553,3.20830881823548e-07,8.00945783665443e-09,0.988628073018482,0.232796480445463
0.0523423777049073,1.44766676967278e-06,2.69277053918516e-08,0.989817352734697,0.180658548932336
0.047584348140552,2.59798108721112e-07,2.54039636518996e-10,0.986015793583482,0.240016097523585
0.0433359176803523,1.40697152689035e-07,4.02494188374376e-11,0.983234438855137,0.159278706470739
0.0417613526120608,1.43216734170052e-07,8.2269362193738e-09,0.987094614225943,0.154754155598258
0.0371533844562083,2.49988706179101e-07,2.57129280373529e-08,0.983651407695183,0.206757997783693
0.0345379618686298,3.94551197404526e-08,1.54748855960901e-10,0.981904625530078,0.267461656252913
0.0452754885268211,9.03855138025074e-07,2.07678295733454e-09,0.991693661867079,0.135580878675888
0.0425298675878031,6.14159482980552e-07,2.38437765808245e-09,0.989927130896989,0.100212607111704
0.0363972302936906,2.12830098094983e-07,4.38619658961746e-10,0.983491535176091,0.144745085856918
0.038049751213405,2.02524636836114e-07,4.07550961101141e-10,0.99199107465326,0.159368295923443
0.0342368584199501,1.44888096935885e-07,4.89731851947532e-09,0.987296599729371,0.144146310780618
0.0282378045005513,5.73071638895432e-08,1.72721358979882e-09,0.980371756988811,0.163715663807436
0.0291098040037566,7.73666301975173e-08,6.64730626341507e-11,0.990410098101355,0.118958633068172
0.0240041354117836,2.5486703753661e-08,1.02956150851619e-09,0.984580716568368,0.0965340528432387
0.0181864422906851,1.1515750405471e-08,1.94717378044457e-09,0.976374731910434,0.171888421938833
0.0285060608072269,1.31784830153977e-07,2.70163727089542e-09,0.989494959881268,0.164214915208176
0.0248729505301055,7.92063819530351e-08,2.29764306079073e-09,0.984674321084086,0.183745143727168
0.0295487032940387,2.8895174274269e-06,9.15379989769235e-09,0.988413561679316,0.15715917878588
0.0262176481250923,1.23920349060716e-06,3.08834319645856e-09,0.984772205193838,0.140661961496653
0.0228071739979385,8.18363355795735e-07,6.72437750773086e-09,0.980379582095831,0.115204097871465
0.0194470742223418,1.47418961437185e-07,8.04398057399242e-10,0.980069395332263,0.0994564834713187
0.0173821119842967,7.0390268154344e-08,7.07115253183449e-11,0.976869242261105,0.0778316875694169
0.0145547431320343,1.36515626295436e-07,5.8292949671885e-09,0.977470076530424,0.113499063160825
0.0129419329190595,5.17747775872844e-08,3.48111059785807e-11,0.980672377864838,0.142087454433982
0.015231683462581,1.67204845123718e-07,1.02707581083264e-09,0.987331996554236,0.137474731663429
0.0159161405253767,1.19956750766951e-07,5.14599798389662e-09,0.991366748835002,0.133980743007971
0.00858623222219419,1.71937937611321e-08,1.23472464233147e-09,0.978521863766506,0.149846297953449
0.00685376136154509,1.79364721049244e-08,4.42926640514813e-09,0.974790288268503,0.111113035205264
0.00339986004228291,2.27832584600866e-09,1.64322595067339e-09,0.967745353962549,0.178265149692692
0.00444423682429653,9.1696239602139e-09,4.0558250687996e-09,0.971139895567249,0.113819997529372
0.00501736427529852,8.89532293183763e-09,2.19399374530642e-09,0.980312581892616,0.170469166241882
0.00701265395715542,6.13899926956407e-08,4.58132539402042e-09,0.98438243114466,0.16573906994785
0.00563405605256844,2.06414943145928e-08,5.14324220001944e-09,0.981861235316114,0.0983218727443516
0,1.78322166445771e-09,9.15056221432821e-09,0.968822539289703,0.125313530480708
0.00534127865638162,0.00872742836097471,9.20635750265808e-10,0.962133003423235,0.0816281823832139
0.00361207644608551,6.11292024246125e-07,2.85948534748385e-09,0.976049812799954,0.117727912137197
0.00850060646960124,4.23932954698294e-06,5.76616998914856e-09,0.998140440278997,0.127778374473774
0.00455629552803777,8.85783448800804e-07,4.2931427425058e-11,0.989884926743332,0.1196688279385
0.0205693919461216,0.0110032953484627,5.12758109305014e-09,0.998999791516672,0.176596676551105
0.0212761780618278,0.0099691048095435,6.60331765137924e-09,0.998999915661345,0.163313078292121
0.0749631652638282,0.118846883197207,3.10068278228893e-11,0.998999992743787,0.136662189348714
0.0389407861556049,0.0346856312217503,2.11978014390171e-09,0.998999981254925,0.113076915391596
0.0383610094558156,0.0326859308841014,1.03188446891924e-09,0.998999985198658,0.163295205763328
0.0373608648186888,0.121183456119535,0.236132497910244,0.623321554781865,0.216860059108853
0.0256923076736418,0.134976997961301,0.249023511670717,0.553983995291883,0.193839266746392
0.0255340604201719,0.109116744748326,0.219771245032901,0.63458591733966,0.235211993537357
0.127780894655243,0.127236836206414,0.39191797606354,0.607082013245432,0.179926818572048
0.0972558346386306,0.139333801951682,0.341610066367377,0.657389936510066,0.109598519837084
0.0834351897832283,0.158832254262776,0.343340606348423,0.655659368122711,0.166482435596552
0.0749399141418537,0.17625933196168,0.349966784165698,0.649033218825514,0.0852211163519429
0.0614483976021114,0.213851039101265,0.362847760102885,0.636152184839201,0.231135401268834
0.0654646712182939,0.247025580415204,0.325037968846598,0.673962033879301,0.1382555207544
0.248274784504503,0.998506908336116,9.53757507098666e-10,0.998999998683909,0.112855493358173
0.220560399121963,0.795342433429836,4.9526264829539e-09,0.998999990701686,0.112950469518476
0.258242809384483,1.07625984254113,1.47399757822484e-08,0.998999973636961,0.176332172197324
0.28457621021382,1.28888801566124,9.09296675835277e-09,0.998999988203622,0.0787128395282909
0.197996855702745,0.639573002599003,2.34095362394857e-10,0.998999995822857,0.0842427201453554
0.253261960451857,1.83945545857351,4.01376165837409e-08,0.958144744978683,0.127274292046851
0.13365522825355,0.890586140158276,2.53193501021022e-13,0.921374670688758,0.137092275423879
0.244907199429597,3.03357859327139,6.58423127451341e-11,0.90478204942675,0.113416561481278
0.05736661558903,0.32225871794184,1.24320863169613e-13,0.887779415624394,0.1396245950174
0.0541574176360315,0.454455530421783,3.76928926063971e-11,0.827429820734791,0.142447513310356
0.0403124620195724,8.3429080606365e-07,7.58194274005228e-11,0.9960867872797,0.0754368707751414
0.0334720533653049,8.6933682692288e-08,1.04790040392057e-09,0.988823416557638,0.0507855957352154
0.0290117009118444,6.09829364748423e-08,1.22675968875982e-11,0.984435452939746,0.137702957959083
0.0253848441575357,4.5808305435415e-08,2.22992959534491e-09,0.979633689343214,0.151676644493504
0.019266777883535,1.9178311442657e-08,5.86341553263907e-09,0.971580406871964,0.2161748018596
0.0131471111356022,5.89836685647165e-10,2.01013907636715e-09,0.96210666744884,0.242193461437405
0.0304149293816198,2.44748432431843e-07,4.23009867493721e-09,0.980960067855374,0.202389956282955
0.0295162071357035,3.52914118176014e-07,1.07301132691211e-09,0.980370333632403,0.091181083044172
0.0236950168954932,6.73792025916087e-08,1.56870147236286e-09,0.97465582273798,0.0823789193159997
0.0232464144465558,1.17182586269648e-07,6.22602923091457e-11,0.97401540750922,0.113352204501013
0.0255477233385851,0.0155027792605778,3.74487334706881e-09,0.966536183553734,0.156447566360921
0.022462322691612,1.36658416389421e-06,1.68979028051751e-08,0.974482046475468,0.154882302536936
0.022426353476507,0.0381893698461401,2.49849442137787e-08,0.945178582546825,0.154805187564989
0.0231275526754389,0.0863734039107342,1.22520046503004e-08,0.906068635528479,0.437117406966428
0.0446144933269634,0.00472459564003502,1.97870822661673e-09,0.998999672237583,0.4836642762046
0.120286807289703,0.095861080918853,5.65729351852066e-09,0.998999992441268,0.391630913954286
0.126547850030404,0.123476629804951,3.99429990801212e-09,0.998999985534632,0.219317826669199
0.155745969895083,0.260417603201288,2.21698542010028e-08,0.998999962869809,0.362466167648879
0.149016485982297,0.227221736155108,1.10138764653729e-08,0.998999967266337,0.213939896568183
0.189203580896635,0.448684230245658,8.74282880085863e-09,0.998999977582439,0.141124084306487
0.188565805035371,0.446533970165653,1.35087502446275e-12,0.998999986069856,0.315885322461302
0.224663719029481,0.647928499936607,4.93105280025329e-09,0.998999980615972,0.239068876178451
0.219881926477034,0.614292053503388,3.53355191045743e-10,0.998999995085343,0.165210877751756
0.215464195120612,0.59111169460666,3.44861569446837e-08,0.998999872928467,0.1744669424729
0.237746377703837,0.745447302509639,1.06270662612339e-08,0.998999982340352,0.275485015466598
0.252230156172414,0.852983381679327,4.30833839334299e-10,0.99899998024819,0.197507603281074
0.252163512418991,0.851825818980229,2.74796457459733e-09,0.998999984465503,0.172091415762049
0.263626547198785,0.946377349411742,2.18319304608144e-08,0.998999951939016,0.159874646437776
0.261903843287778,0.932351555642628,1.67206161238742e-08,0.998998989812047,0.203436383771413
0.307110737256786,1.29979719725351,4.41494697911857e-08,0.998999845432922,0.755511517614369
0.36414604663148,1.76203300481635,2.83437148424219e-08,0.998999944526695,0.659713220986572
0.419638142044231,2.39015935109559,6.33253018259421e-10,0.998999996714992,0.499243178922736
0.451428534064175,2.79438039727246,3.74148499315328e-09,0.998999989784711,0.251255604684975
0.458040250804119,2.88243449708069,3.17936012816687e-10,0.998999993788752,0.740057314342048
0.531053022263735,3.84396029843825,1.32421837557321e-09,0.998999994429633,1
0.493649807222657,3.27262660289868,1.63916796712158e-10,0.998999997598617,0.686428432888932
0.537390995574048,3.95080454971415,7.08036719066102e-09,0.998999978751791,0.356044622487794
0.538957509844289,3.97543532732404,7.15161426751784e-10,0.99899995395449,0.464703065455086
0.577370305639411,4.59210230581719,3.08947251430026e-09,0.998999973416682,0.848670395561135
0.660807640037067,5.9943184670929,1.59569825160382e-11,0.998999995850102,0.725198529376659
0.764055559085839,8.00099775282986,4.35599894835524e-11,0.998999995867485,0.688537754180445
0.809360894129248,9.01298006454674,3.54977215096564e-10,0.998999995526001,0.605908472035667
0.653335870662101,5.64850734332691,6.20124146059674e-10,0.99899999459371,0.329028889003579
0.468837879879243,2.60650665260245,3.64776866731062e-09,0.998999982765375,0.279610099443952
0.704962243301922,6.65924634497912,1.03395780886369e-08,0.99899997481583,0.316208524917259
0.899467351345498,11.3074917483507,3.58457158344109e-10,0.998999995966344,0.362281862865924
0.899163586592898,11.29839660092,7.87782781613617e-09,0.998999985573026,0.3738236153556
0.910143000401022,11.5864848660657,3.62140007365952e-08,0.998999937236123,0.363968775558156
0.964953814637636,13.0425019475727,5.31405950988026e-09,0.998999986244036,0.351071886202615
0.88383566914518,17.1878758330779,5.03462246832622e-08,0.968103169744322,0.28848115632721
0.39490428220164,3.30027409525585,1.73650163380353e-09,0.968380014424142,0.337125961058096
0.973108642562621,20.5650130153952,2.62481613376702e-07,0.968968468269277,0.230799157310267
0.916033054816335,32.6027895294246,1.65826833605911e-08,0.917874043712494,0.339859006387422
0.233331183304146,5.03269592126414,2.49489418734534e-17,0.819225715423621,0.352574448750144
0.204200927920882,6.0760483029982e-06,2.9064263980669e-10,0.996749401362607,0.701661497638757
0.20399910836709,4.88112926499851e-06,9.61607468832613e-13,0.995398227442324,0.372445752253886
0.196744869238478,4.01019798507019e-06,6.38166266875547e-09,0.992614911549216,0.481784576082499
0.183751880002462,1.42645672406842e-06,1.54377495048343e-09,0.988459065471064,0.260634713148124
0.166817845148541,5.21383129016985e-07,1.25379643892707e-09,0.982918661540648,0.275881930763388
0.151920022409868,2.29827161748632e-07,4.00805103370712e-09,0.9786908549445,0.361680819702213
0.151767127689861,7.03069249964296e-07,9.44195312337852e-09,0.983333812173451,0.342617567700113
0.139525790854144,3.20242178546844e-07,3.31936289428057e-09,0.979607857683693,0.249235872846166
0.123902499922454,4.78450378468791e-07,1.95644985815214e-07,0.973493995255854,0.20149746388703
0.0763662542074162,2.96107931394812e-08,0.0964663187773487,0.844451189389081,0.112636906434012
0.0431567309612911,6.82152234906945e-07,0.304900528773753,0.694099313827563,0.180899828071036
0.0742760105122459,2.35455872421291e-07,0.0964630951944609,0.85088654290919,0.166886155155573
0.0586744795403113,1.04624038415983e-08,0.103401178955662,0.830253025128976,0.143463332959212
0.0434717866174423,1.13379422815661e-08,0.117915803068834,0.803019474886667,0.23824982445287
0.0361410464563536,4.69986686355105e-09,0.114720709200523,0.797734208514788,0.14144615271874
0.030505560612191,1.32992498398187e-08,0.105125466555309,0.807792440672015,0.350329064894891
0.0457376393424219,0.0262335434588305,0.137938243840316,0.806026364460068,0.167076674498032
0.037939141984799,1.17035966670026e-07,0.119348172487835,0.820068198416552,0.305009843329254
0.0342159722666039,2.86311530719002e-07,0.1304278773173,0.814036591060326,0.191584198157898
0.0297982379404895,8.88408436143712e-08,0.133433549975943,0.804783105360395,0.608227636774375
0.0240002015235872,5.41347653095159e-08,0.147280663740809,0.793828147132167,0.388013314534971
0.0185547888932906,8.06054927549644e-08,0.138386257123886,0.796829527847669,0.21497924762392
0.0107947705591093,5.29212993417436e-10,0.13346584225209,0.786057134763681,0.142046345349672
0.00483424285076695,1.65411516393159e-09,0.131806646721019,0.775017131296873,0.0789725355367621
0.000963793761019873,8.12717334870054e-11,0.144751617171547,0.763151658040861,0.284126428499571
0.100418436257244,0.447028191015836,0.227389033008484,0.667308349664875,0.315508252929351
0.108462408433598,0.556830642221852,0.251966233250235,0.635606100687196,0.908176481196881
0.354763548605267,1.14830479709417,0.507368352996502,0.491631650679696,0.559596984908929
0.188843886943273,4.50176277660194,0.966191207703394,0.0328084053371233,0.325161799969138
0.130646724256215,5.30455036339437,0.968127155799209,0.030872453154489,0.157425112034729
0.0583820673642106,2.66768667403532,0.707586588799246,0.00455118667903085,0.199014452513808
0.0902480302186726,2.90248645230869,0.516764206161035,0.0528966487469515,0.203553757294892
0.0808883469442377,2.31815341776967,0.505316243223494,0.304903798312503,0.143437249953995
0.111677276802541,6.31467707811799,0.836359732484479,0.162640196310999,0.231422019474865
0.105017052832216,5.89948952775827,0.869356188860301,0.129643819617094,0.261692208903144
0.0530540681994492,1.60151566634776,0.555434809932524,0.268775008080083,0.181201755867086
0.0592724949369255,1.86093224611342,0.699781596648586,0.299218384509126,0.166185883167665
0.0628557489483004,2.12508166860842,0.687342328833679,0.311657617711207,0.0934511550308849
0.0498902088873059,1.44956481501351,0.650376669776926,0.34862332410357,0.142464807476859
0.115024842306049,2.38260038532784,0.685762147899978,0.313237556152305,0.132290167354572
0.0657555483993597,1.38551357804505,0.593965663148174,0.307901040153399,0.13553041373101
0.092094298234345,2.07633770376218,0.684455440998062,0.314544494567374,0.124297143809999
0.0845364445284863,2.56662927431111,0.676544029504581,0.322455967846996,0.13975869568553
0.057151120519537,1.60844555180539,0.669929336885148,0.329070643605505,0.113491408365815
0.0463055617455346,1.26370386470719,0.650629189021742,0.348370798978877,0.0983797089733125
0.0502191083261557,1.09933198546422,0.703584792388011,0.295415023191698,0.0785282739152835
0.0450404175225754,1.21358939978452,0.673172401709266,0.325827534452089,0.176465989354528
0.0541251459408879,1.35142719372656,0.691824838683402,0.30717509558164,0.211919597707522
0.0515228626539676,1.4495432105402,0.712691982175894,0.286307824502996,0.129641891792203
0.0608307782504148,1.94419125966995,0.706666415858992,0.292333562295996,0.355888714159215
0.0615373438158731,2.06668692710148,0.707207834797457,0.291792171049941,0.108459656446223
0.010675387804872,3.73970674884469e-08,0.0152745087862061,0.901408880166529,0.139196493518719
0.0182096403417105,0.0184827113513855,1.47237538495554e-08,0.925189253801509,0.214619755769399
0.0585750824391318,1.2176822855785,0.609366232366688,0.378462037501953,0.2829356826092
0.0249101905202739,0.544043005131362,0.297939739700926,0.376961606814797,0.169373680022742
0.023897863456637,0.493120946772103,0.152506361432162,0.452086259799723,0.184962516963735
0.0205908940764693,0.460787728849609,0.103299301788949,0.447241832981406,0.188031534081138
0.00838919031645562,6.36163572964397e-10,1.11748880208974e-06,0.965378521387869,0.196501139492785
0.0096553079322041,1.93928823427776e-08,5.68304721105617e-10,0.978093597686088,0.420767354528814
0.0349871917343929,0.0071074338886319,7.75390843386177e-09,0.998999430527868,0.247624101889835
0.0430015182138863,0.0187018950161446,8.62989530315877e-09,0.998999963154105,0.203690976583211
0.0491256705576117,0.0361339269019443,9.93185260679485e-10,0.998999959323707,0.19258388036483
0.0550557541512574,0.0493767439698024,1.70706259615561e-09,0.998999846481788,0.182670342465209
0.0437584190120374,0.0252032535249552,6.53263096800103e-11,0.998999869588953,0.215786119720109
0.055454526748515,0.0462669314103788,1.09518333665345e-10,0.998999984901835,0.152952160150831
0.056259262315733,0.0483527303862287,1.76925129754593e-10,0.998999970078104,0.0975728368771235
0.0456945529987991,0.0259302410657902,4.26083512881145e-09,0.998999760526694,0.178639951137232
0.0579407137975317,0.0444461024334504,1.80237836154745e-08,0.998999948858721,0.176376127731334
0.0463928642143383,0.0193129655176731,1.4850014739321e-08,0.998999845812542,0.216374688403064
0.0504990011856544,0.0352913915499927,5.67199791679898e-09,0.99899983124962,0.105683800967029
0.0421369966951636,0.0573268331165668,1.26246380066181e-10,0.975795785905738,0.138533928484006
0.0581392615026712,0.280157720349607,2.18678600393207e-11,0.906311343267979,0.154123627298215
0.117097940388647,2.60758478095039,8.02374074649345e-10,0.691118285833068,0.075242098768788
0.0286273408748749,1.51433714978157e-06,2.41170724984202e-10,0.998463772328553,0.107956708063004
0.0244657893683183,2.64567529874471e-07,2.62751680519615e-10,0.992834623326253,0.125299071423467
0.0210038290549841,1.06486474932643e-07,5.41901291895811e-11,0.98902872461579,0.176088624971214
0.0119862085943971,2.65471207834601e-08,8.81450084245463e-12,0.974867710064032,0.204624861574373
0.0291612024006441,1.00744367936149e-06,3.58321910075552e-09,0.99754313648137,0.160139445642921
0.0209818153847861,1.02772126492715e-07,1.13165008002375e-10,0.98705298735581,0.114725814938833
0.0283994096821687,7.50883330957477e-07,6.31081300647571e-09,0.99613240147594,0.0701933361936184
0.0187742121334971,1.78117305153439e-07,2.61673184944885e-10,0.983268304153003,0.0662760657252267
0.0124069998195344,2.78805891514988e-08,1.11386609928563e-09,0.973132101164007,0.137652776525132
0.0258383656091743,9.76740663202213e-07,6.27321739958775e-09,0.994244815677216,0.110063194245254
0.0222097960270459,2.35444236172454e-07,8.27351307497209e-10,0.989716611349691,0.108079184783157
0.013267800636105,9.10205119509685e-08,2.65139515747525e-10,0.976038558048981,0.127743502629842
0.00803216995699353,1.73712720402349e-08,2.10024960008312e-09,0.966887707798256,0.129058426305922
0.008313634782439,2.88430130497748e-07,1.86364052627744e-09,0.967160965481003,0.129723542938972
0.0104345095378895,0.0306183636080884,2.56692702689314e-09,0.929941952899496,0.0812227617586355
0.00981497161766909,0.057794038696749,4.63218963080133e-11,0.883527372834487,0.102623584028777
0.00664709750259675,1.1208512798103e-06,7.61095728994219e-11,0.979526987907872,0.111138267677703
0.00872056619551635,3.11834480076614e-07,1.09746406189738e-09,0.98787035888595,0.162952452393894
0.0057541964864829,3.60380465095454e-07,1.70975763604564e-09,0.981852687061312,0.131013801164466
0.00341487574510194,7.95495502048494e-08,1.4437174075053e-09,0.977372471351244,0.151594709835809
0.00897859326885499,0.145620567261682,2.56130119107975e-12,0.70362766255952,0.0900005435471479
0.0157902602611596,0.060397551591053,4.76345515503172e-11,0.915618336442157,0.0812046170593537
0.0441955378680585,1.84418332586952,6.70370081952776e-21,0.0841565509231626,0.161261593229569
0.00895872796241302,8.38969807602019e-07,3.16072367904541e-09,0.995151675692226,0.263634258748152
0.074807570455429,0.117265020511109,2.97818427858717e-13,0.998999953159241,0.231824899841543
0.0861988116072618,0.150618325127667,4.22294683456944e-10,0.998999966008032,0.144646707565499
0.0520671008659608,0.129741197350287,1.28287237950401e-12,0.959573515591625,0.134791584257128
0.0441563900157448,0.0432692500890806,3.43066436578248e-10,0.998999798227339,0.0806149143326941
0.074292608325909,1.1194085807777,2.5384481389744e-07,0.729097150525755,0.0841948067988143
0.0736125671965263,4.07570376045969,1.2033909290725e-07,5.71831384012794e-08,0.134561940406842
0.0190366729496204,0.00295353549520518,3.19223804396053e-09,0.998969347000432,0.155777346531198
0.070759086700722,2.99894105250116,0.0847519304879259,0.218474281443727,0.166649979213546
0.0233117146899428,0.00744270141725958,7.1059074392535e-09,0.998999549592994,0.131425459029422
0.0104200598530447,0.200867955868296,7.33485727871816e-13,0.623431239611955,0.12857248857828
0.0713010993350088,3.88762797962366,2.97977261412321e-08,2.12179321354405e-08,0.192661539677757
0.0470768567772627,0.0358851032683178,2.40523766287317e-09,0.998999979120556,0.124386733262703
0.0742123613925306,3.42506712056887,8.99050891366622e-09,0.169727612600539,0.146340685350014
0.0427365128187642,0.0283296360277503,8.06353831296808e-09,0.998999223133109,0.226179063255631
0.039663229673563,0.0222984073794319,8.06422714458295e-09,0.998999666719971,0.221921591016142
0.112675041796703,0.221864802304175,1.89311462587786e-09,0.998999986676909,0.242414305108539
0.137930895791244,0.326651214640494,8.57110880711345e-09,0.998999981069508,0.200001660239984
0.100439515347486,0.17424061876047,3.00567340763425e-09,0.998999995622219,0.352007426897587
0.117010341612379,0.223082818567211,5.40845449627114e-09,0.998999990887229,0.255341564154502
0.158047820238647,0.408112264236078,6.87826740194832e-10,0.998999999244921,0.245133469742914
0.172436127341211,0.485756019570167,1.27726461935153e-09,0.998999997403004,0.340003596959824
0.205584743211122,0.668135473203828,1.68901071283719e-09,0.998999997950418,0.210547404824333
0.224443549853697,0.793211206497096,2.75116207202952e-09,0.998999988208961,0.459874851699687
0.26633298622817,1.05405211348619,5.68452039171374e-11,0.998999994936641,0.253194524569357
0.294170622126194,1.28870033340015,1.23676294309506e-09,0.998999998260533,0.122338933842192
0.286225744969443,1.21819889148399,9.54439276675137e-10,0.99899999597596,0.139774572297401
0.295564695421899,1.30031285295253,7.84856571956821e-10,0.998999997062169,0.15436092594351
0.302976521945302,1.36655497897046,2.78968547631871e-09,0.998999992951832,0.195792362177089
0.30308352725087,1.36671330607223,1.13979937736011e-09,0.99899999475642,0.345395974777643
0.251781190737103,0.926141139283334,1.48858865786805e-10,0.99899999647522,0.16502292134807
0.319857718017465,1.53408788045911,1.00127656650577e-08,0.998999980952399,0.148896536350416
0.321302045105407,1.54876344626942,2.98326115217949e-08,0.998999929106818,0.153157138550531
0.337345118461964,1.70600665265289,4.92573751281039e-09,0.998999975053633,0.197655868155081
0.304651517427546,2.50948785603157,3.89252501512064e-08,0.959469940239076,0.148537328006821
0.27575297027616,3.57603686744182,6.83694503838639e-08,0.910168533040177,0.174182297502916
0.266614518974086,4.87698093541576,1.32255939372124e-07,0.863931282242647,0.370529218392243
0.298231943307276,6.6977165680286,3.27529873230539e-09,0.847122353558406,0.277778618860192
0.170132995813175,2.92025447365012,2.6000387483913e-12,0.81656648066722,0.217629235592284
0.284766511402033,10.8845966880169,5.80020660307821e-11,0.727874115056808,0.283531055554386
0.0690156182950784,4.68421214690446e-07,2.13634787312648e-10,0.989410839743158,0.406880989359688
0.0742128202581166,3.18321549548775e-06,5.06698541797782e-11,0.991344217869398,0.142326737655761
0.0818626407563883,0.000416607845013089,4.17567748539152e-11,0.998998728562508,0.338242994107634
0.0725102805362862,3.01198666860888e-06,7.62095111330314e-10,0.992440169645732,0.186955326604984
0.0627797055270483,1.29039513893928e-06,1.87880961968894e-09,0.98541670286855,0.213535882157799
0.0536335699594447,6.21632397164338e-07,3.82092276260234e-11,0.978250151303062,0.162187245063431
0.0493190442724602,2.24878518750038e-07,1.88109935637666e-09,0.976733848556489,0.125770550093869
0.0443579236423033,1.93698887416344e-07,1.32624379778609e-09,0.972599510665382,0.119077140635357
0.0355828517724945,1.37824195116128e-07,1.30852420357207e-09,0.963882250435896,0.145406233337
0.0331899889701954,5.80793196999851e-08,1.26442538394251e-09,0.96425408565399,0.164181755770238
0.0266620875833984,4.08619386996796e-09,3.2905698629663e-11,0.957493499808631,0.208295194025976
0.026919814659431,6.21633634816043e-08,5.85918061002144e-09,0.957340501328031,0.198063579547944
0.0339467347547524,8.77157160102174e-07,3.57435920435344e-09,0.969223411073408,0.331719407693963
0.0540320469257636,2.36157316935092,0.0343551036243974,3.01303109546673e-07,0.167119473307463
0.0456386203012407,0.029250070977714,1.96252402081101e-09,0.985160764326368,0.14163355344101
0.0495252803472035,2.30922260701005,3.30577214650966e-15,0.0105621348121871,0.271496016733858
0.0473479726950205,0.00359962267334126,2.6341799500784e-09,0.998975044276094,0.299436018518616
0.0446803564636975,2.55074410110238e-05,1.60391112612996e-09,0.998531901496418,0.243323808160041
0.0414198194852932,2.93208534944091e-06,5.71388216847161e-09,0.995976455560588,0.197071291305968
0.0367755542005892,6.68548915675463e-07,6.29777794785163e-09,0.991620048865655,0.164732311308197
0.0353087523074612,4.12888098614379e-07,3.37501793041316e-09,0.99192925391346,0.122596361763253
0.0307012916554249,9.03448901278113e-08,4.35545706482305e-09,0.987346762601574,0.1324350414379
0.0252575785002032,4.24729609763655e-08,3.76292738731836e-09,0.980429643730279,0.187032441576932
0.029997454928681,1.61348950541881e-07,1.10498141648341e-09,0.986732104253348,0.201419487041867
0.0230684292806674,3.46796942985582e-08,2.12851437845692e-10,0.978084694692546,0.185354056893362
0.0169969816087119,4.83997210317421e-09,3.25363916353092e-09,0.969491256215139,0.201233776044717
0.0132024949975142,1.1596878693508e-09,1.46463167548152e-08,0.963836079568069,0.206983672481011
0.0173962172614584,3.33796148251591e-08,3.46018489536698e-09,0.984197345413547,0.193890003861759
0.0156478958066539,3.05998614374436e-08,7.87579010481398e-10,0.981131463959141,0.141538577280707
0.0127343375597892,8.70200799592733e-09,6.85375872079977e-10,0.9781447506976,0.182256416512842
0.00889161963069945,3.18447028338245e-09,5.66427179759177e-09,0.971173008168016,0.252405230150598
0.0130621689921602,4.55926732980261e-08,1.1737747050798e-10,0.985490136089284,0.411020248883355
0.0325943110314402,0.110626328278403,2.94700651815873e-13,0.920520501277561,0.537043713404339
0.0706452789205852,0.0705042941870674,3.84133955741803e-09,0.998999987273918,0.751199339106546
0.292710913327798,0.72841872798885,0.998999939760819,1.86357204620554e-10,0.360416406332759
0.107138668055409,0.836211793956447,0.998999931445206,1.17596629739012e-08,0.377251239773435
0.0223682231214868,0.862251889741987,0.998999882230595,9.09247803421395e-11,0.32084959878044
0.0542530294776231,1.03398141690218,0.998999917608001,6.78302714229439e-09,0.444281750754363
0.119206707193175,0.9714755873921,0.998999942894947,1.13830806352383e-09,0.640817195069228
0.199270861131975,0.967082433238194,0.99899996529787,1.21101382294876e-08,0.535039268474675
0.0211553644904687,0.839279997308115,0.998999997038958,2.01033775619715e-09,0.50145456414771
0.0502566035829142,0.776853623160858,0.963407036241161,0.0355929733693627,0.251004141833803
