"Date","Sigma_GARCH"
2017-08-18,0.0018745901968348
2017-08-19,0.001890404973859
2017-08-20,0.00176697616847467
2017-08-21,0.0016646298974078
2017-08-22,0.00158751721555097
2017-08-23,0.0014866144140574
2017-08-24,0.00141343377585845
2017-08-25,0.00148642809533974
2017-08-26,0.00139559973082571
2017-08-27,0.00131501410823323
2017-08-28,0.00123639244468815
2017-08-29,0.00117674187163092
2017-08-30,0.00124939284609291
2017-08-31,0.00117528204101355
2017-09-01,0.00118542005229605
2017-09-02,0.00115595943299627
2017-09-03,0.00154061440216925
2017-09-04,0.00144231307803741
2017-09-05,0.00199666004431066
2017-09-06,0.00207579633578774
2017-09-07,0.00221269225561465
2017-09-08,0.00208161789968159
2017-09-09,0.00256204250252547
2017-09-10,0.00240211953649893
2017-09-11,0.00230777614167174
2017-09-12,0.00216782671137883
2017-09-13,0.00203079895301886
2017-09-14,0.00213407544650285
2017-09-15,0.00542545346554887
2017-09-16,0.00633610872355782
2017-09-17,0.00590605960097856
2017-09-18,0.00549461112221432
2017-09-19,0.00564706139071482
2017-09-20,0.00530246416058885
2017-09-21,0.00493227387541717
2017-09-22,0.00502301956614248
2017-09-23,0.00467766259474139
2017-09-24,0.00452955089561232
2017-09-25,0.0042816822557412
2017-09-26,0.00427847231716883
2017-09-27,0.00398105642389854
2017-09-28,0.00408568273955619
2017-09-29,0.00380004308858614
2017-09-30,0.00353663572796142
2017-10-01,0.003450533320692
2017-10-02,0.00321173769544997
2017-10-03,0.00299080862466686
2017-10-04,0.00280776636604006
2017-10-05,0.00266801557344666
2017-10-06,0.00250726370134298
2017-10-07,0.00236060167192279
2017-10-08,0.0022109603039581
2017-10-09,0.00222242363935611
2017-10-10,0.00215062879105243
2017-10-11,0.00200751656678483
2017-10-12,0.00187728345025909
2017-10-13,0.00276237026667164
2017-10-14,0.00272669531713909
2017-10-15,0.00263762348852491
2017-10-16,0.00251036721772844
2017-10-17,0.00234194260072445
2017-10-18,0.00224649192920315
2017-10-19,0.00212278437670959
2017-10-20,0.00204204039223471
2017-10-21,0.00213622417966687
2017-10-22,0.00199508993431538
2017-10-23,0.00187982786866114
2017-10-24,0.00176111219709612
2017-10-25,0.00209926903417798
2017-10-26,0.00203081190544985
2017-10-27,0.00197272634231231
2017-10-28,0.001863981033892
2017-10-29,0.00175143347575167
2017-10-30,0.00203444055692171
2017-10-31,0.00190122625359681
2017-11-01,0.00196066448752569
2017-11-02,0.00199076107805927
2017-11-03,0.00196602155260505
2017-11-04,0.00185033484243161
2017-11-05,0.00180316655933429
2017-11-06,0.00168555997166477
2017-11-07,0.00180738627516254
2017-11-08,0.00169631191672428
2017-11-09,0.00166912248081835
2017-11-10,0.00163194965327057
2017-11-11,0.00209815408520172
2017-11-12,0.0021231977888195
2017-11-13,0.0023884769091535
2017-11-14,0.00296217808850949
2017-11-15,0.00280047009694563
2017-11-16,0.00323344915295829
2017-11-17,0.00357579498526518
2017-11-18,0.00335620768295917
2017-11-19,0.00312534289232053
2017-11-20,0.00299766456969421
2017-11-21,0.00282593450178603
2017-11-22,0.0026438205979472
2017-11-23,0.00246873279452413
2017-11-24,0.002342246060643
2017-11-25,0.00219363035273212
2017-11-26,0.00237057334675455
2017-11-27,0.00239466278904091
2017-11-28,0.00245942535304507
2017-11-29,0.00234510575764277
2017-11-30,0.00222395254523204
2017-12-01,0.00208593846591448
2017-12-02,0.00255582035215174
2017-12-03,0.00239664199022123
2017-12-04,0.00227035017205966
2017-12-05,0.00221669978571291
2017-12-06,0.0020764608475501
2017-12-07,0.00346909092999798
2017-12-08,0.00646597833064616
2017-12-09,0.00609741270620914
2017-12-10,0.00623224286452585
2017-12-11,0.00579852777813191
2017-12-12,0.00623090860645345
2017-12-13,0.00579415326935725
2017-12-14,0.00542639014514622
2017-12-15,0.0050624620204352
2017-12-16,0.00506881935657148
2017-12-17,0.00527324924198889
2017-12-18,0.00490778150103907
2017-12-19,0.00456296597435754
2017-12-20,0.00479539511947744
2017-12-21,0.00468176552095555
2017-12-22,0.00466009572195782
2017-12-23,0.00610178582984761
2017-12-24,0.00567930492068682
2017-12-25,0.0052954295376554
2017-12-26,0.00493294827444342
2017-12-27,0.00590609509182519
2017-12-28,0.00549063430071059
2017-12-29,0.00571660836531305
2017-12-30,0.00531521009503942
2017-12-31,0.00644527416577215
2018-01-01,0.00651375614764901
2018-01-02,0.00606842830512529
2018-01-03,0.00616630431756311
2018-01-04,0.00576576852132168
2018-01-05,0.00535907837767755
2018-01-06,0.00599717774202719
2018-01-07,0.00558202662107165
2018-01-08,0.00544156907596041
2018-01-09,0.00558146310485
2018-01-10,0.00530434613323862
2018-01-11,0.00500392284738347
2018-01-12,0.00565708491597809
2018-01-13,0.00530675029852297
2018-01-14,0.00503379970563584
2018-01-15,0.00489385136243039
2018-01-16,0.00454877552317106
2018-01-17,0.00764522438394839
2018-01-18,0.00710340803148206
2018-01-19,0.00659595047906888
2018-01-20,0.00625262435388978
2018-01-21,0.0067090691487708
2018-01-22,0.00695773335007776
2018-01-23,0.00692549983778213
2018-01-24,0.00643092839162228
2018-01-25,0.00614569017837528
2018-01-26,0.00572289930119925
2018-01-27,0.00532653292477146
2018-01-28,0.00503414769169434
2018-01-29,0.00476231110079365
2018-01-30,0.00464359800917519
2018-01-31,0.00504693141574861
2018-02-01,0.00469085896049724
2018-02-02,0.00521490250049407
2018-02-03,0.00501793387005375
2018-02-04,0.00475092307456609
2018-02-05,0.00539660981164177
2018-02-06,0.00724868632295365
2018-02-07,0.00729023569986602
2018-02-08,0.00676886134964973
2018-02-09,0.00631088933807968
2018-02-10,0.00675012281241534
2018-02-11,0.00628015362338639
2018-02-12,0.00610995719805178
2018-02-13,0.00632537002932029
2018-02-14,0.00596734565995454
2018-02-15,0.00618562480030378
2018-02-16,0.00603974398980319
2018-02-17,0.0056265602345097
2018-02-18,0.00571718493799313
2018-02-19,0.00555235215701841
2018-02-20,0.00545398200017782
2018-02-21,0.00507428977469532
2018-02-22,0.00511775589030676
2018-02-23,0.00508840381397995
2018-02-24,0.0047842942127144
2018-02-25,0.00457887822248976
2018-02-26,0.00427700538790314
2018-02-27,0.00436131459212891
2018-02-28,0.00410649622759387
2018-03-01,0.00386451003020983
2018-03-02,0.00379602110957838
2018-03-03,0.00354487906301689
2018-03-04,0.00338973757326412
2018-03-05,0.00315753084015787
2018-03-06,0.00294447929043612
2018-03-07,0.00308209264226762
2018-03-08,0.00338744943297767
2018-03-09,0.00352980763075422
2018-03-10,0.00329195044799022
2018-03-11,0.00325852296756594
2018-03-12,0.00347572833265908
2018-03-13,0.00333886605948193
2018-03-14,0.0031099932339996
2018-03-15,0.00382255057653738
2018-03-16,0.00355642124828032
2018-03-17,0.00331095325913036
2018-03-18,0.00331716489052662
2018-03-19,0.00320777276191837
2018-03-20,0.00317850399765821
2018-03-21,0.00305136408763443
2018-03-22,0.00284237031499557
2018-03-23,0.00267995070594855
2018-03-24,0.00251924205965347
2018-03-25,0.00246656859495254
2018-03-26,0.00231435268750637
2018-03-27,0.00228475602915572
2018-03-28,0.00229308508286171
2018-03-29,0.00215785700236239
2018-03-30,0.00295887744377431
2018-03-31,0.00290996953733263
2018-04-01,0.00271956679292741
2018-04-02,0.00255589046996266
2018-04-03,0.00245724763613237
2018-04-04,0.00246890926087836
2018-04-05,0.00282951519257279
2018-04-06,0.00264685717609828
2018-04-07,0.00251235609010795
2018-04-08,0.00245572894385443
2018-04-09,0.00231813201698393
2018-04-10,0.00225622439756496
2018-04-11,0.00210701544010023
2018-04-12,0.00198469994678165
2018-04-13,0.00306859045239932
2018-04-14,0.002857888724472
2018-04-15,0.00267016716527513
2018-04-16,0.00262964630368793
2018-04-17,0.00253926797619582
2018-04-18,0.00242195601535627
2018-04-19,0.00234136352716204
2018-04-20,0.00219760502616494
2018-04-21,0.00236584969114105
2018-04-22,0.00221326445968521
2018-04-23,0.00208722688802494
2018-04-24,0.00196349377483333
2018-04-25,0.00222728213024569
2018-04-26,0.00252335098565466
2018-04-27,0.0024409658943889
2018-04-28,0.00236440774003983
2018-04-29,0.0023284928924989
2018-04-30,0.00218039061094291
2018-05-01,0.00206812326598597
2018-05-02,0.00196482483131722
2018-05-03,0.00185514342901199
2018-05-04,0.00193623673887085
2018-05-05,0.00180915772029744
2018-05-06,0.00170205004223232
2018-05-07,0.00162441667334801
2018-05-08,0.00160652179563876
2018-05-09,0.00153921322154174
2018-05-10,0.00144930569453965
2018-05-11,0.00144221405189679
2018-05-12,0.00174450709197905
2018-05-13,0.00163152785858197
2018-05-14,0.00157212228820503
2018-05-15,0.001471887568373
2018-05-16,0.00142651734842256
2018-05-17,0.00136229999969948
2018-05-18,0.00137921093066509
2018-05-19,0.00132313350129687
2018-05-20,0.00124075461646832
2018-05-21,0.00124079756229525
2018-05-22,0.00118362710051461
2018-05-23,0.00131709204507277
2018-05-24,0.00154875171834214
2018-05-25,0.00145140090119639
2018-05-26,0.00137725643868049
2018-05-27,0.00131999228606831
2018-05-28,0.00123801920022496
2018-05-29,0.00124932769021635
2018-05-30,0.00132421181091662
2018-05-31,0.00124763395616187
2018-06-01,0.00117918207755871
2018-06-02,0.00110912271260143
2018-06-03,0.00105614010272779
2018-06-04,0.000999471835836954
2018-06-05,0.00101222307589926
2018-06-06,0.000967874855957628
2018-06-07,0.000913245558154266
2018-06-08,0.000861350713116404
2018-06-09,0.000824719824598208
2018-06-10,0.000801038825493983
2018-06-11,0.00154839133276345
2018-06-12,0.00145331078721749
2018-06-13,0.0015380980254951
2018-06-14,0.00157627996732827
2018-06-15,0.00166044754185083
2018-06-16,0.00164584864610109
2018-06-17,0.00154578271648797
2018-06-18,0.00144858118369734
2018-06-19,0.0014566728912285
2018-06-20,0.00136683123076295
2018-06-21,0.00128125626852897
2018-06-22,0.0012060891857276
2018-06-23,0.00197849684895818
2018-06-24,0.00185320316497534
2018-06-25,0.00173182651973988
2018-06-26,0.00163677081574382
2018-06-27,0.00159388892496211
2018-06-28,0.001494214221908
2018-06-29,0.00155799854714051
2018-06-30,0.00165207610062995
2018-07-01,0.00162945781166796
2018-07-02,0.00152773990361721
2018-07-03,0.00153352577886225
2018-07-04,0.00145047067880901
2018-07-05,0.00136272008736318
2018-07-06,0.00128335361313057
2018-07-07,0.00121039784304543
2018-07-08,0.00117001880032258
2018-07-09,0.00110275928881888
2018-07-10,0.00104384515918952
2018-07-11,0.00122864949785211
2018-07-12,0.00115715131432126
2018-07-13,0.00111518614946763
2018-07-14,0.00105479589573677
2018-07-15,0.000993733894395249
2018-07-16,0.000951105648245595
2018-07-17,0.00112331175458275
2018-07-18,0.00159847903348584
2018-07-19,0.00150562236721379
2018-07-20,0.00141528493047449
2018-07-21,0.00134955577536768
2018-07-22,0.0012670832398087
2018-07-23,0.00118891997212038
2018-07-24,0.00123872557838785
2018-07-25,0.00169116705375574
2018-07-26,0.00162284083151764
2018-07-27,0.00161718567423296
2018-07-28,0.00158151693589244
2018-07-29,0.00148220454077356
2018-07-30,0.0013892865150443
2018-07-31,0.00130476515811768
2018-08-01,0.00146582533256384
2018-08-02,0.00140756878049279
2018-08-03,0.00132936676642278
2018-08-04,0.00126693579828042
2018-08-05,0.00144220575456622
2018-08-06,0.00135183536617559
2018-08-07,0.0012798119563231
2018-08-08,0.00128704384392997
2018-08-09,0.00156592634749197
2018-08-10,0.00154255966194891
2018-08-11,0.00169339953599401
2018-08-12,0.00158739516660052
2018-08-13,0.00149843485633349
2018-08-14,0.00141317894159261
2018-08-15,0.00133406740488398
2018-08-16,0.00125900473258517
2018-08-17,0.00118432188629897
2018-08-18,0.00123261002998297
2018-08-19,0.00121863802270341
2018-08-20,0.00115007237630653
2018-08-21,0.00116768711101572
2018-08-22,0.00116468528610994
2018-08-23,0.00111438833417316
2018-08-24,0.00108032981563969
2018-08-25,0.00105979057918566
2018-08-26,0.00100011249048909
2018-08-27,0.000944495563019362
2018-08-28,0.000949062096543558
2018-08-29,0.000937742597926889
2018-08-30,0.000887491810226842
2018-08-31,0.000843098737473919
2018-09-01,0.000796294971414328
2018-09-02,0.000798773874488937
2018-09-03,0.000769332813290775
2018-09-04,0.000730941354334964
2018-09-05,0.000700836387175047
2018-09-06,0.00131177672020513
2018-09-07,0.0013257882788732
2018-09-08,0.00127196217865492
2018-09-09,0.00129049873161997
2018-09-10,0.00121418266782331
2018-09-11,0.00114621023689582
2018-09-12,0.00107813474463662
2018-09-13,0.00101557620657785
2018-09-14,0.000991147694510112
2018-09-15,0.000933477362289217
2018-09-16,0.000880715226880441
2018-09-17,0.000831385457533149
2018-09-18,0.000914494405103308
2018-09-19,0.000868912713784299
2018-09-20,0.000825671504063145
2018-09-21,0.000793697398153741
2018-09-22,0.000864587011781857
2018-09-23,0.000817526928840905
2018-09-24,0.000774252475512261
2018-09-25,0.000762729478667596
2018-09-26,0.000762099941964808
2018-09-27,0.000721001165235393
2018-09-28,0.000761341400188005
2018-09-29,0.000724650115337699
2018-09-30,0.000691887781486552
2018-10-01,0.000656577684195643
2018-10-02,0.000624217307426298
2018-10-03,0.000609623936924525
2018-10-04,0.000581497595542445
2018-10-05,0.000562801876194844
2018-10-06,0.000538531785020036
2018-10-07,0.000518307537767112
2018-10-08,0.000495219250468555
2018-10-09,0.000477706338945046
2018-10-10,0.000458523848165797
2018-10-11,0.000442266577308059
2018-10-12,0.000691130566730729
2018-10-13,0.000655435777498352
2018-10-14,0.000624538293941139
2018-10-15,0.000593626186484092
2018-10-16,0.000840377059694452
2018-10-17,0.000794427468718916
2018-10-18,0.000753409417723628
2018-10-19,0.000740959539922158
2018-10-20,0.000721762243878962
2018-10-21,0.000687103034191507
2018-10-22,0.000651552804623106
2018-10-23,0.000619377607530966
2018-10-24,0.000591318587506441
2018-10-25,0.000562786179741663
2018-10-26,0.000540099173505807
2018-10-27,0.000515355440016834
2018-10-28,0.000495465305108034
2018-10-29,0.000475483213912131
2018-10-30,0.00049857464441762
2018-10-31,0.000478966326291476
2018-11-01,0.000460629548166818
2018-11-02,0.000443224353191033
2018-11-03,0.000425983319770994
2018-11-04,0.000415311252972633
2018-11-05,0.000412182278625798
2018-11-06,0.00039751010653603
2018-11-07,0.000385365561777776
2018-11-08,0.000376750086779139
2018-11-09,0.000383618659121663
2018-11-10,0.000381037974028116
2018-11-11,0.000367976587149564
2018-11-12,0.000355967227543874
2018-11-13,0.000344835682449149
2018-11-14,0.000334507513013685
2018-11-15,0.00088908038680326
2018-11-16,0.000935557136111557
2018-11-17,0.000907064281078742
2018-11-18,0.000859697701588092
2018-11-19,0.000812794992072259
2018-11-20,0.00226905213229159
2018-11-21,0.00265031020818605
2018-11-22,0.00249606574668596
2018-11-23,0.00262562959212388
2018-11-24,0.00244903170110179
2018-11-25,0.00326303397773977
2018-11-26,0.00309368109237519
2018-11-27,0.00307952760338746
2018-11-28,0.00286915532810274
2018-11-29,0.00334687710547078
2018-11-30,0.00312482089930779
2018-12-01,0.0032096813011331
2018-12-02,0.0030573956385819
2018-12-03,0.00284917541934518
2018-12-04,0.00303441677788825
2018-12-05,0.00283572585543264
2018-12-06,0.00279700513512502
2018-12-07,0.00304286075757321
2018-12-08,0.00292585970024425
2018-12-09,0.00272556794584782
2018-12-10,0.00264158266520339
2018-12-11,0.00253406295105175
2018-12-12,0.00239206501959478
2018-12-13,0.00225263737391082
2018-12-14,0.00223476138110579
2018-12-15,0.00214588666489154
2018-12-16,0.00200561015044433
2018-12-17,0.00187388907071079
2018-12-18,0.00223877330850182
2018-12-19,0.00222963718270243
2018-12-20,0.00208075559693822
2018-12-21,0.00265035043402991
2018-12-22,0.00263980524131363
2018-12-23,0.00249133812193918
2018-12-24,0.00232347764630411
2018-12-25,0.00218679101876951
2018-12-26,0.0023707185872164
2018-12-27,0.00221143009426476
2018-12-28,0.00229480375685611
2018-12-29,0.00246559739451595
2018-12-30,0.0023795677082981
2018-12-31,0.00225408297221687
2019-01-01,0.00214658025532147
2019-01-02,0.00203375655097013
2019-01-03,0.00192036840199914
2019-01-04,0.00184176750255503
2019-01-05,0.0017220196888015
2019-01-06,0.00161310314509411
2019-01-07,0.00171654648010662
2019-01-08,0.0016052561994058
2019-01-09,0.0015072848273814
2019-01-10,0.00141150436911791
2019-01-11,0.00208498727405738
2019-01-12,0.00194789558776182
2019-01-13,0.00182074729106782
2019-01-14,0.00178125495298157
2019-01-15,0.00177411024253977
2019-01-16,0.00168373271126207
2019-01-17,0.001577974456393
2019-01-18,0.00148010111180633
2019-01-19,0.00139050023469767
2019-01-20,0.00132499358658869
2019-01-21,0.00133259214974782
2019-01-22,0.00125425407930239
2019-01-23,0.00118650008634455
2019-01-24,0.00111696592068454
2019-01-25,0.00105020114550701
2019-01-26,0.000988321184698212
2019-01-27,0.0009308573446623
2019-01-28,0.000879662163765014
2019-01-29,0.000920946416429808
2019-01-30,0.00087633092583338
2019-01-31,0.000837849452584703
2019-02-01,0.000795651275989066
2019-02-02,0.000754402402123687
2019-02-03,0.000723267924047282
2019-02-04,0.000700387936397443
2019-02-05,0.00066395527336035
2019-02-06,0.000630181687561343
2019-02-07,0.000630667692146519
2019-02-08,0.000601090033085034
2019-02-09,0.000953493753352895
2019-02-10,0.000900049117262698
2019-02-11,0.000848841663269043
2019-02-12,0.000816143959010291
2019-02-13,0.000771629418053605
2019-02-14,0.000733763643622367
2019-02-15,0.000698820642171708
2019-02-16,0.000662530771285322
2019-02-17,0.000629410555799233
2019-02-18,0.000608532921447834
2019-02-19,0.00084207895409479
2019-02-20,0.000796574282247569
2019-02-21,0.000764926638949653
2019-02-22,0.000728762491920768
2019-02-23,0.000690996736950191
2019-02-24,0.000758078726995814
2019-02-25,0.00136712062712092
2019-02-26,0.00129434652140478
2019-02-27,0.00121455404993462
2019-02-28,0.00114025470543413
2019-03-01,0.00107164537665018
2019-03-02,0.00100778176389251
2019-03-03,0.00094896099932109
2019-03-04,0.000895957916527435
2019-03-05,0.000895736859718365
2019-03-06,0.000930247300865123
2019-03-07,0.000877224602473812
2019-03-08,0.000827662923356104
2019-03-09,0.000782576905451618
2019-03-10,0.000763421779865403
2019-03-11,0.000725665927498077
2019-03-12,0.000702032684068095
2019-03-13,0.000665390292760596
2019-03-14,0.000633732192929567
2019-03-15,0.000602119494687111
2019-03-16,0.000580949313982775
2019-03-17,0.000581450756417883
2019-03-18,0.000556947132567384
2019-03-19,0.000530994404825843
2019-03-20,0.000509202583120234
2019-03-21,0.000488876640748412
2019-03-22,0.000488609971178985
2019-03-23,0.00046775447642257
2019-03-24,0.000449250516591373
2019-03-25,0.000432990226547249
2019-03-26,0.000434970312199246
2019-03-27,0.000417965701696886
2019-03-28,0.000434905102771584
2019-03-29,0.000418485683974715
2019-03-30,0.000421765843731873
2019-03-31,0.000405741986807858
2019-04-01,0.000391466204025643
2019-04-02,0.000382588124123291
2019-04-03,0.00217253267803812
2019-04-04,0.00207034535638046
2019-04-05,0.00194213790977747
2019-04-06,0.00184387467824707
2019-04-07,0.00172711113792209
2019-04-08,0.00165382161676552
2019-04-09,0.00155893891084069
2019-04-10,0.0014830764799048
2019-04-11,0.00144314438599185
2019-04-12,0.0015760073576279
2019-04-13,0.00147502915067605
2019-04-14,0.00138147701591441
2019-04-15,0.00131000867296659
2019-04-16,0.00126130224352296
2019-04-17,0.00123091792307794
2019-04-18,0.00115844866705626
2019-04-19,0.00109330614080765
2019-04-20,0.00102787683946313
2019-04-21,0.000968537008444475
2019-04-22,0.00091678768334059
2019-04-23,0.00088453248177071
2019-04-24,0.000879506338889914
2019-04-25,0.000845828093388089
2019-04-26,0.000913387638698415
2019-04-27,0.000875747799427721
2019-04-28,0.000827053099327803
2019-04-29,0.000781184003922226
2019-04-30,0.000753704669314108
2019-05-01,0.000725315559106608
2019-05-02,0.000696343797151499
2019-05-03,0.000685644212687795
2019-05-04,0.000826282898116544
2019-05-05,0.000789281496012313
2019-05-06,0.000755495393178826
2019-05-07,0.000718470199283359
2019-05-08,0.000697246041999549
2019-05-09,0.000700441156894153
2019-05-10,0.000757381743346873
2019-05-11,0.000767418898884755
2019-05-12,0.00151062946366065
2019-05-13,0.00142240432875343
2019-05-14,0.00215760434650123
2019-05-15,0.00206677227778291
2019-05-16,0.00197217004693573
2019-05-17,0.00194171134390598
2019-05-18,0.00219353027592885
2019-05-19,0.00207183274876863
2019-05-20,0.0028837430930178
2019-05-21,0.00271577335151385
2019-05-22,0.00253874408363334
2019-05-23,0.0024610817418851
2019-05-24,0.00233771654954096
2019-05-25,0.00219833455811121
2019-05-26,0.00205402214987752
2019-05-27,0.00227008783866823
2019-05-28,0.0021449811434692
2019-05-29,0.00200553926045335
2019-05-30,0.00188005985683558
2019-05-31,0.0019148094514185
2019-06-01,0.00185159944289778
2019-06-02,0.00173034493532473
2019-06-03,0.00164188333389371
2019-06-04,0.00191568724947763
2019-06-05,0.00206464363805537
2019-06-06,0.00193249985379396
2019-06-07,0.00180535945777038
2019-06-08,0.00172423041107135
2019-06-09,0.00162086283519716
2019-06-10,0.00161744586142944
2019-06-11,0.00164081861430085
2019-06-12,0.00154276302740693
2019-06-13,0.00149515610061337
2019-06-14,0.00141097516430866
2019-06-15,0.00149819129404759
2019-06-16,0.00143207372171867
2019-06-17,0.00135712891487583
2019-06-18,0.0013820753982704
2019-06-19,0.00133951796215151
2019-06-20,0.00127174653966027
2019-06-21,0.00125145778675959
2019-06-22,0.00147909294565506
2019-06-23,0.00162021987022436
2019-06-24,0.00153677862370777
2019-06-25,0.00144969799058074
2019-06-26,0.00167384546225303
2019-06-27,0.0023632775572282
2019-06-28,0.00364546972235626
2019-06-29,0.00382103875101934
2019-06-30,0.00363117852830008
2019-07-01,0.00410894788028191
2019-07-02,0.00387489637235972
2019-07-03,0.00362979791617693
2019-07-04,0.0040477589581139
2019-07-05,0.00406659895706538
2019-07-06,0.00382522688749239
2019-07-07,0.00360522376841041
2019-07-08,0.00336686411971934
2019-07-09,0.00348150872437172
2019-07-10,0.00329535243427234
2019-07-11,0.00316685969215793
2019-07-12,0.00329858702132692
2019-07-13,0.00313875488419021
2019-07-14,0.00300062780311723
2019-07-15,0.00375817006320488
2019-07-16,0.00371920891304544
2019-07-17,0.00475310770253238
2019-07-18,0.00442646934274211
2019-07-19,0.00482099919717044
2019-07-20,0.00448696614096666
2019-07-21,0.00419578359190728
2019-07-22,0.00391529040441985
2019-07-23,0.00369616767517203
2019-07-24,0.00361891682596567
2019-07-25,0.003383732744241
2019-07-26,0.00315768624420234
2019-07-27,0.00294354454493259
2019-07-28,0.00284861047552701
2019-07-29,0.00265460796087777
2019-07-30,0.00247543269055167
2019-07-31,0.00230981270633229
2019-08-01,0.00234026267062099
2019-08-02,0.00224990828092849
2019-08-03,0.00211230473337131
2019-08-04,0.00202266272198322
2019-08-05,0.001896468475653
2019-08-06,0.00220823400099294
2019-08-07,0.00211036816070034
2019-08-08,0.00206675012092649
2019-08-09,0.00193117719676575
2019-08-10,0.00181642001883992
2019-08-11,0.00188759978303905
2019-08-12,0.00178248703872866
2019-08-13,0.00167772517866646
2019-08-14,0.00174121007449887
2019-08-15,0.00214777648447891
2019-08-16,0.00202728291355573
2019-08-17,0.00189504597050155
2019-08-18,0.00178444125784276
2019-08-19,0.00167136954993113
2019-08-20,0.00179465152022513
2019-08-21,0.00168867635804774
2019-08-22,0.00186812449595468
2019-08-23,0.00175172747920702
2019-08-24,0.00169239096984128
2019-08-25,0.00162797190149227
2019-08-26,0.00152387416295268
2019-08-27,0.00146035619900612
2019-08-28,0.00139320554531323
2019-08-29,0.00148705677230216
2019-08-30,0.00144728518802695
2019-08-31,0.00135898653043519
2019-09-01,0.00127399088176504
2019-09-02,0.00120615762787065
2019-09-03,0.00139970537465543
2019-09-04,0.00137013248974597
2019-09-05,0.00128672604969324
2019-09-06,0.00120744582218513
2019-09-07,0.00118658643586692
2019-09-08,0.00112413241525689
2019-09-09,0.00106017463533787
2019-09-10,0.0010048483356856
2019-09-11,0.000980803117216552
2019-09-12,0.000924235549095142
2019-09-13,0.000913430167285649
2019-09-14,0.000865093454140619
2019-09-15,0.000817224963643354
2019-09-16,0.000773608675107325
2019-09-17,0.000735164156611553
2019-09-18,0.000700846187660404
2019-09-19,0.000666118771956438
2019-09-20,0.000635414395388359
2019-09-21,0.00060888015302915
2019-09-22,0.000609530848815137
2019-09-23,0.000579835766561463
2019-09-24,0.000636917536789929
2019-09-25,0.00197245319554307
2019-09-26,0.00186411044581776
2019-09-27,0.00188104438740916
2019-09-28,0.00176290022730617
2019-09-29,0.00164888253084191
2019-09-30,0.00157578087159861
2019-10-01,0.00152886822681093
2019-10-02,0.00143143920723192
2019-10-03,0.00134336424684847
2019-10-04,0.00128111774501939
2019-10-05,0.00121547970238069
2019-10-06,0.00114179907358487
2019-10-07,0.00116548359260595
2019-10-08,0.00119876811798267
2019-10-09,0.00112557514975537
2019-10-10,0.00119678068985329
2019-10-11,0.0011239031719523
2019-10-12,0.00116447465281475
2019-10-13,0.00109390390884442
2019-10-14,0.00102938239906973
2019-10-15,0.000971729130055315
2019-10-16,0.000956281542529349
2019-10-17,0.000943662226521771
2019-10-18,0.000893123393891902
2019-10-19,0.000861404329318278
2019-10-20,0.000813626697208777
2019-10-21,0.000847043091300675
2019-10-22,0.000800233158749418
2019-10-23,0.000799961817935403
2019-10-24,0.00115719032917902
2019-10-25,0.0011001292584783
2019-10-26,0.00276309788107454
2019-10-27,0.00295928564039121
2019-10-28,0.00282680377740365
2019-10-29,0.0027201146846713
2019-10-30,0.00255605372476667
2019-10-31,0.00243361995261973
2019-11-01,0.00227209614964475
2019-11-02,0.00212581504774192
2019-11-03,0.00198614465336614
2019-11-04,0.00186485006584926
2019-11-05,0.00176848193183645
2019-11-06,0.00165924258105866
2019-11-07,0.00155214232978478
2019-11-08,0.0014677381602581
2019-11-09,0.00157111745290144
2019-11-10,0.00147051759533101
2019-11-11,0.00142407221647797
2019-11-12,0.00142244927255524
2019-11-13,0.0013350501721916
2019-11-14,0.00125370489009101
2019-11-15,0.00119889181553249
2019-11-16,0.00116348906668843
2019-11-17,0.00109287959916235
2019-11-18,0.00102744486353015
2019-11-19,0.00108050045547743
2019-11-20,0.00102441781160118
2019-11-21,0.000966334646789188
2019-11-22,0.00118893653095966
2019-11-23,0.00132714483750321
2019-11-24,0.00124486448498211
2019-11-25,0.00141310491468404
2019-11-26,0.00136409504753987
2019-11-27,0.001283728682106
2019-11-28,0.00135518247733706
2019-11-29,0.00127783367407018
2019-11-30,0.00130645189649354
2019-12-01,0.00126711389624274
2019-12-02,0.00123394105730476
2019-12-03,0.00117485311766451
2019-12-04,0.0011039092431812
2019-12-05,0.00105403786783704
2019-12-06,0.00103323970518935
2019-12-07,0.000998494635016952
2019-12-08,0.000942989494669325
2019-12-09,0.000888615309584056
2019-12-10,0.000881445432873391
2019-12-11,0.000858109169360076
2019-12-12,0.00081118284452452
2019-12-13,0.000767270291360421
2019-12-14,0.000728891824692143
2019-12-15,0.000748099845749967
2019-12-16,0.00070915622600656
2019-12-17,0.00075025225257765
2019-12-18,0.000850372283763609
2019-12-19,0.00139965912338396
2019-12-20,0.00132273229823028
2019-12-21,0.00124038354665656
2019-12-22,0.00116846940901004
2019-12-23,0.00126202453383518
2019-12-24,0.00122178793099341
2019-12-25,0.00115936590308434
2019-12-26,0.00109402664951581
2019-12-27,0.00102903626689073
2019-12-28,0.000970738604107254
2019-12-29,0.000918007451404673
2019-12-30,0.000870724708224186
2019-12-31,0.000852480337498956
2020-01-01,0.00081232246280702
2020-01-02,0.000767582431808132
2020-01-03,0.000814261278055128
2020-01-04,0.000943944485312853
2020-01-05,0.000890592389140308
2020-01-06,0.000840494712542337
2020-01-07,0.000987498242300819
2020-01-08,0.00111431304067212
2020-01-09,0.001055440767581
2020-01-10,0.00107275766898433
2020-01-11,0.00115030793960514
2020-01-12,0.00110903546942319
2020-01-13,0.00106070948999983
2020-01-14,0.00100288672183301
2020-01-15,0.00140408125428991
2020-01-16,0.00131812208860505
2020-01-17,0.00125309763197331
2020-01-18,0.0012053441890964
2020-01-19,0.00113163285005514
2020-01-20,0.00111441247112805
2020-01-21,0.00105467059084381
2020-01-22,0.000998100498299482
2020-01-23,0.000943338428777966
2020-01-24,0.000977234412570739
2020-01-25,0.000920318594947869
2020-01-26,0.00087884552359143
2020-01-27,0.000892504926549329
2020-01-28,0.000927172246447214
2020-01-29,0.00106072696392241
2020-01-30,0.00100070705408405
2020-01-31,0.000968910176319043
2020-02-01,0.000932631953123003
2020-02-02,0.00087898746957342
2020-02-03,0.000832341266685908
2020-02-04,0.000789239451200895
2020-02-05,0.000756665236767071
2020-02-06,0.000842520176687493
2020-02-07,0.000819139489024146
2020-02-08,0.000774319283631418
2020-02-09,0.000735724221734367
2020-02-10,0.000739689257567525
2020-02-11,0.000766009892716822
2020-02-12,0.000802268584866756
2020-02-13,0.000768284261769988
2020-02-14,0.000736528699719119
2020-02-15,0.000703180074610318
2020-02-16,0.000808241037328251
2020-02-17,0.000764739627122128
2020-02-18,0.000758588655056566
2020-02-19,0.000849420201915033
2020-02-20,0.00102711907898039
2020-02-21,0.000969747111548158
2020-02-22,0.000918632295018241
2020-02-23,0.000867470658920021
2020-02-24,0.000872724478759785
2020-02-25,0.000881490873471
2020-02-26,0.00094903467255358
2020-02-27,0.00117183825411976
2020-02-28,0.0011006424339265
2020-02-29,0.00105113293778936
2020-03-01,0.00102680669162535
2020-03-02,0.000966400271286573
2020-03-03,0.00104199637176579
2020-03-04,0.000999792608741911
2020-03-05,0.000942972157413879
2020-03-06,0.000968195204461014
2020-03-07,0.000917646216072122
2020-03-08,0.00092639858940751
2020-03-09,0.00166498627419768
2020-03-10,0.00158912262248658
2020-03-11,0.00148889429054323
2020-03-12,0.00139481074075808
2020-03-13,0.0197208079988421
2020-03-14,0.01923243333928
2020-03-15,0.0180534667986256
2020-03-16,0.0167733235172172
2020-03-17,0.015804882943871
2020-03-18,0.0148134151634585
2020-03-19,0.0137657786745054
2020-03-20,0.0140051266715616
2020-03-21,0.0130063673049629
2020-03-22,0.0120689241646431
2020-03-23,0.0114818108141788
2020-03-24,0.0113772654182108
2020-03-25,0.0107298403064046
2020-03-26,0.00996564474125272
2020-03-27,0.0092505596927672
2020-03-28,0.00883458981842315
2020-03-29,0.00824618363951962
2020-03-30,0.00791741717101771
2020-03-31,0.00779018363373157
2020-04-01,0.00723650420312611
2020-04-02,0.006791668508476
2020-04-03,0.00634881996704172
2020-04-04,0.00590414849598396
2020-04-05,0.00550247391306232
2020-04-06,0.0051240474013019
2020-04-07,0.00518119251422904
2020-04-08,0.00482938800053978
2020-04-09,0.00451140176266443
2020-04-10,0.0042011878511374
2020-04-11,0.0041988844216019
2020-04-12,0.00390540416501015
2020-04-13,0.00363397712335964
2020-04-14,0.00339117684729813
2020-04-15,0.00315699546737723
2020-04-16,0.00304383767274319
2020-04-17,0.00314833828419905
2020-04-18,0.00293476510403045
2020-04-19,0.00278508465777192
2020-04-20,0.00261477968432159
2020-04-21,0.00259169542102173
2020-04-22,0.00241617499025493
2020-04-23,0.00236841158656822
2020-04-24,0.00238830779562589
2020-04-25,0.00222859896611875
2020-04-26,0.00207992685923295
2020-04-27,0.00196838198436807
2020-04-28,0.00184584122507043
2020-04-29,0.00172760556449657
2020-04-30,0.00273018233745618
2020-05-01,0.00255340452129941
2020-05-02,0.00240340534937213
2020-05-03,0.00226429285120869
2020-05-04,0.00212049112016343
2020-05-05,0.00198111502330437
2020-05-06,0.00186686390568495
2020-05-07,0.00175629886835578
2020-05-08,0.00219219537269999
2020-05-09,0.00206159757962732
2020-05-10,0.00199897617045336
2020-05-11,0.00247944404509314
2020-05-12,0.00236179642079766
2020-05-13,0.00225896049514571
2020-05-14,0.00232753726419957
2020-05-15,0.00236751588682931
2020-05-16,0.00238357310048764
2020-05-17,0.00222324930363836
2020-05-18,0.00214705228290034
2020-05-19,0.0020061020181625
2020-05-20,0.00187390394492211
2020-05-21,0.00181098251469648
2020-05-22,0.00188403146853304
2020-05-23,0.00176380622432701
2020-05-24,0.00164906849116605
2020-05-25,0.00175024743737997
2020-05-26,0.0016537188949293
2020-05-27,0.00154947994499087
2020-05-28,0.00155085000163069
2020-05-29,0.00157434695710515
2020-05-30,0.00149155604260323
2020-05-31,0.00144213551194885
2020-06-01,0.00139734625328768
2020-06-02,0.00168890860049268
2020-06-03,0.00188480770164362
2020-06-04,0.00176457675102907
2020-06-05,0.00166468057129098
2020-06-06,0.00158428969880696
2020-06-07,0.00148296489932861
2020-06-08,0.00139269809878876
2020-06-09,0.00130555758119655
2020-06-10,0.00122494169160996
2020-06-11,0.00115654083205963
2020-06-12,0.00138361884992491
2020-06-13,0.00130990420688552
2020-06-14,0.0012288190676704
2020-06-15,0.00117339214504384
2020-06-16,0.00110522470612653
2020-06-17,0.00104561498583773
2020-06-18,0.000987883562909355
2020-06-19,0.000938385957231082
2020-06-20,0.000891867213515589
2020-06-21,0.000841916372192467
2020-06-22,0.000799684853430343
2020-06-23,0.000865465027755394
2020-06-24,0.000818551876042513
2020-06-25,0.000877494079045003
2020-06-26,0.000833281362091514
2020-06-27,0.000795534024931393
2020-06-28,0.000778100072630437
2020-06-29,0.000741642303383508
2020-06-30,0.000706364673540581
2020-07-01,0.000673338673505488
2020-07-02,0.000643429549402475
2020-07-03,0.000631358545377522
2020-07-04,0.00060265755574942
2020-07-05,0.00057690483692171
2020-07-06,0.000554635034273183
2020-07-07,0.000583655633708813
2020-07-08,0.000561268399382524
2020-07-09,0.000553529217069515
2020-07-10,0.000562010443437323
2020-07-11,0.000535995880328582
2020-07-12,0.000514520587674244
2020-07-13,0.000493396466333533
2020-07-14,0.000476040617552603
2020-07-15,0.000456057604479418
2020-07-16,0.000441737932704696
2020-07-17,0.000430370492111335
2020-07-18,0.000413684015454159
2020-07-19,0.00039822624368622
2020-07-20,0.000384370635148942
2020-07-21,0.000374290594498557
2020-07-22,0.000398684469766203
2020-07-23,0.000397941312048504
2020-07-24,0.000387706265370745
2020-07-25,0.000378832336742092
2020-07-26,0.000381340010732089
2020-07-27,0.000407396756472313
2020-07-28,0.00118233889191285
2020-07-29,0.00111314126258401
2020-07-30,0.00105819814666732
2020-07-31,0.000995330710710113
2020-08-01,0.000961995613661364
2020-08-02,0.00102390923230034
2020-08-03,0.00125519174968805
2020-08-04,0.00118091864370081
2020-08-05,0.00110916816647614
2020-08-06,0.00119232249757501
2020-08-07,0.00112043534178915
2020-08-08,0.00107462072378912
2020-08-09,0.00102106456966857
2020-08-10,0.000964805799336711
2020-08-11,0.000925907534699516
2020-08-12,0.00100820071520764
2020-08-13,0.000956049477426136
2020-08-14,0.000926888188136543
2020-08-15,0.00087425961303561
2020-08-16,0.000827353267275585
2020-08-17,0.00078253548433456
2020-08-18,0.000801069985732832
2020-08-19,0.000811618878646877
2020-08-20,0.000796958950112276
2020-08-21,0.000756359936252008
2020-08-22,0.000775124204360569
2020-08-23,0.000737215282109103
2020-08-24,0.000698102952437798
2020-08-25,0.00066454829467948
2020-08-26,0.000736372636262847
2020-08-27,0.000701872688395084
2020-08-28,0.000674579002046107
2020-08-29,0.000654314972354726
2020-08-30,0.000623219760935182
2020-08-31,0.000617275254329769
2020-09-01,0.000588800082185774
2020-09-02,0.00059080703037315
2020-09-03,0.000712969113622
2020-09-04,0.00174697289774973
2020-09-05,0.00166666211994897
2020-09-06,0.00160264256652511
2020-09-07,0.0015007086023237
2020-09-08,0.0014147429849024
2020-09-09,0.00137323247586623
2020-09-10,0.00128953420377497
2020-09-11,0.00121834602636459
2020-09-12,0.00114461065324625
2020-09-13,0.00107631105567804
2020-09-14,0.0010222472515217
2020-09-15,0.00102636591164035
2020-09-16,0.000975188093054197
2020-09-17,0.000932001774635059
2020-09-18,0.000878655577049218
2020-09-19,0.000829536633460718
2020-09-20,0.000793592125831997
2020-09-21,0.000767404423139115
2020-09-22,0.000908435176893145
2020-09-23,0.000859431819962027
2020-09-24,0.000867079107855521
2020-09-25,0.000952581879326666
2020-09-26,0.00089783914682217
2020-09-27,0.000846769665247477
2020-09-28,0.000800288273711983
2020-09-29,0.000762239584400522
2020-09-30,0.000730268306139943
2020-10-01,0.000694600594808364
2020-10-02,0.000679918159010217
2020-10-03,0.000648445933100617
2020-10-04,0.000617138341678421
2020-10-05,0.000593803688993857
2020-10-06,0.000573652499966897
2020-10-07,0.000573172166633908
2020-10-08,0.000546709165746565
2020-10-09,0.000560606345157318
2020-10-10,0.000543115941427722
2020-10-11,0.000548141449054179
2020-10-12,0.000525719756074014
2020-10-13,0.000512802265004054
2020-10-14,0.00049749032674371
2020-10-15,0.000476469258272096
2020-10-16,0.000459208509501205
2020-10-17,0.000462801648182756
2020-10-18,0.000443755360997377
2020-10-19,0.000435656375678071
2020-10-20,0.00044841527223086
2020-10-21,0.000442551792982789
2020-10-22,0.000774156992196872
2020-10-23,0.000754401236430787
2020-10-24,0.000716331306025142
2020-10-25,0.000690444191666119
2020-10-26,0.000658218907760302
2020-10-27,0.000624796027272519
2020-10-28,0.000724684756893689
2020-10-29,0.000736725050295423
2020-10-30,0.000704206760142581
2020-10-31,0.00067199927996343
2020-11-01,0.000653933841637031
2020-11-02,0.000621296728279749
2020-11-03,0.000613534445242305
2020-11-04,0.00065695250001059
2020-11-05,0.000630133133495897
2020-11-06,0.00125802110349158
2020-11-07,0.00118182978297466
2020-11-08,0.00132305291959196
2020-11-09,0.0013516282231117
2020-11-10,0.00127110211094054
2020-11-11,0.00119492284807774
2020-11-12,0.00116323432145925
2020-11-13,0.00119643089351749
2020-11-14,0.0011237042928915
2020-11-15,0.00107884703227197
2020-11-16,0.00102116166219655
2020-11-17,0.00110433468687854
2020-11-18,0.00127026303503433
2020-11-19,0.00119587437791185
2020-11-20,0.00112289022081805
2020-11-21,0.00120458555250414
2020-11-22,0.00113207235515442
2020-11-23,0.0010877546468276
2020-11-24,0.00102448425680389
2020-11-25,0.00108376192821221
2020-11-26,0.00105456420205991
2020-11-27,0.00160412251995549
2020-11-28,0.00150497100476748
2020-11-29,0.00148980388611985
2020-11-30,0.00144377336606159
2020-12-01,0.00180890680180806
2020-12-02,0.00183841514459098
2020-12-03,0.00173765330310744
2020-12-04,0.00163686218044709
2020-12-05,0.00166318142315912
2020-12-06,0.00159088847929117
2020-12-07,0.00149926076317021
2020-12-08,0.00141416505901633
2020-12-09,0.00148729051268019
2020-12-10,0.00139664252606819
2020-12-11,0.00132626201038174
2020-12-12,0.00126085519457649
2020-12-13,0.00129913998932607
2020-12-14,0.00124909129183849
2020-12-15,0.00117315491531523
2020-12-16,0.0011048513514529
2020-12-17,0.00165947578014714
2020-12-18,0.00191593681497579
2020-12-19,0.00180449951307531
2020-12-20,0.0017471084088432
2020-12-21,0.00165019311508345
2020-12-22,0.00163432668798121
2020-12-23,0.00166737964639508
2020-12-24,0.00159655535294455
2020-12-25,0.00151377425395308
2020-12-26,0.00154161110498185
2020-12-27,0.0017966784205929
2020-12-28,0.00168177566375696
2020-12-29,0.00162300936447266
2020-12-30,0.00152943962100551
2020-12-31,0.00162156682051775
2021-01-01,0.00151818780919899
2021-01-02,0.00143048539135672
2021-01-03,0.00195831888672136
2021-01-04,0.00189169193286952
2021-01-05,0.00184715349015342
2021-01-06,0.00195212086284564
2021-01-07,0.00232145769360173
2021-01-08,0.00254183712108301
2021-01-09,0.00243731815157839
2021-01-10,0.00228560444601356
2021-01-11,0.00233129427801464
2021-01-12,0.00263193011126209
2021-01-13,0.00259828736226551
2021-01-14,0.00301126348701319
2021-01-15,0.00299652476407248
2021-01-16,0.00309042152099536
2021-01-17,0.00293022955836918
2021-01-18,0.00273233235255606
2021-01-19,0.00257552322255511
2021-01-20,0.00243137370433441
2021-01-21,0.00228492167941571
2021-01-22,0.00358118009538285
2021-01-23,0.00354882264785718
2021-01-24,0.0033335537389355
2021-01-25,0.00310327523010341
2021-01-26,0.00288991874073581
2021-01-27,0.00269354865924082
2021-01-28,0.00284520292829649
2021-01-29,0.00320896297743197
2021-01-30,0.00306503633631835
2021-01-31,0.00285491250541915
2021-02-01,0.00275420351376978
2021-02-02,0.00257218230450381
2021-02-03,0.00262798515279023
2021-02-04,0.00271474301853149
2021-02-05,0.00255122096541935
2021-02-06,0.00245302562237647
2021-02-07,0.00233172047760913
2021-02-08,0.0021843654044281
2021-02-09,0.00428460029040715
2021-02-10,0.00399426420625143
2021-02-11,0.00383919844265668
2021-02-12,0.00388372904618747
2021-02-13,0.00362182367463719
2021-02-14,0.0033741038347483
2021-02-15,0.00320103568271981
2021-02-16,0.00299421102806131
2021-02-17,0.00282383342423573
2021-02-18,0.00288849269128344
2021-02-19,0.00269736520703517
2021-02-20,0.00294988849289752
2021-02-21,0.00274860857018498
2021-02-22,0.00260234200964677
2021-02-23,0.00267531929456056
2021-02-24,0.00333496958699016
2021-02-25,0.00311058000338161
2021-02-26,0.00309777710582933
2021-02-27,0.0029246382750125
2021-02-28,0.00272618624304652
2021-03-01,0.00258026412534329
2021-03-02,0.00300717328703198
2021-03-03,0.00282503690935709
2021-03-04,0.00271110311435602
2021-03-05,0.00262981107171223
2021-03-06,0.00245157145526233
2021-03-07,0.00228679102866033
2021-03-08,0.00224768662499113
2021-03-09,0.0021561652404151
2021-03-10,0.00216539413035909
2021-03-11,0.0020463550299129
2021-03-12,0.0019865216146459
2021-03-13,0.00186127546616242
2021-03-14,0.00203564265581993
2021-03-15,0.0019827822640674
2021-03-16,0.00215555417519974
2021-03-17,0.00203766513418452
2021-03-18,0.00199414712815091
2021-03-19,0.00189715518509653
2021-03-20,0.00177315405283456
2021-03-21,0.00165769872839371
2021-03-22,0.001567062479373
2021-03-23,0.00173808177433427
2021-03-24,0.00162520359694147
2021-03-25,0.00162700666268123
2021-03-26,0.00156530165039462
2021-03-27,0.00180374428933718
2021-03-28,0.0017080723270827
2021-03-29,0.00159807694280643
2021-03-30,0.00156644138484011
2021-03-31,0.00149391593165737
2021-04-01,0.0013990846413186
2021-04-02,0.00131147982530591
2021-04-03,0.00123032640644078
2021-04-04,0.00123953323501284
2021-04-05,0.00118177470608668
2021-04-06,0.00112903897022558
2021-04-07,0.00109239886975864
2021-04-08,0.00113681702349751
2021-04-09,0.00115023908808202
2021-04-10,0.0010810820891906
2021-04-11,0.0010613613621189
2021-04-12,0.000999671283179698
2021-04-13,0.000942617158719289
2021-04-14,0.00113689882452875
2021-04-15,0.00107213060896489
2021-04-16,0.00100824565810654
2021-04-17,0.00101469686886955
2021-04-18,0.00100372044749346
2021-04-19,0.00128842706382362
2021-04-20,0.00122541280096784
2021-04-21,0.00116305685843949
2021-04-22,0.0012660203036183
2021-04-23,0.00133440792748312
2021-04-24,0.00126581698453216
2021-04-25,0.00122679170317956
2021-04-26,0.00118942704565653
2021-04-27,0.00174816280880025
2021-04-28,0.00167513700847023
2021-04-29,0.00156931911161956
2021-04-30,0.00151542233355329
2021-05-01,0.00178549892103865
2021-05-02,0.00167152957091955
2021-05-03,0.00160853046032033
2021-05-04,0.00150966722250669
2021-05-05,0.00179679771576029
2021-05-06,0.00203201673648594
2021-05-07,0.00190971835728057
2021-05-08,0.00179267335895915
2021-05-09,0.00172994501266866
2021-05-10,0.00162694056808929
2021-05-11,0.00167101706568194
2021-05-12,0.00157177158419518
2021-05-13,0.00274355715145149
2021-05-14,0.00256477733311804
2021-05-15,0.00239296682713829
2021-05-16,0.00255192378710193
2021-05-17,0.00239103975454128
2021-05-18,0.00253795849262634
2021-05-19,0.00240234263268843
2021-05-20,0.00401453011884256
2021-05-21,0.00428375217039466
2021-05-22,0.00439678484628952
2021-05-23,0.00409067532428355
2021-05-24,0.0042197522683793
2021-05-25,0.00471912058106552
2021-05-26,0.00438802666801219
2021-05-27,0.00410279439026731
2021-05-28,0.00383663757387997
2021-05-29,0.0040493388949219
2021-05-30,0.00386182376221096
2021-05-31,0.0036467696000423
2021-06-01,0.00353865703579198
2021-06-02,0.00330876207361947
2021-06-03,0.00310953399591485
2021-06-04,0.00303774083211531
2021-06-05,0.00311805747368897
2021-06-06,0.0030388012679555
2021-06-07,0.00283241668465714
2021-06-08,0.00295165242439634
2021-06-09,0.00275905695497669
2021-06-10,0.00349694744090801
2021-06-11,0.00326819178021124
2021-06-12,0.00305351820541146
2021-06-13,0.00301227482637005
2021-06-14,0.00335937816495016
2021-06-15,0.00326591587435148
2021-06-16,0.00304950719510261
2021-06-17,0.00300741150847906
2021-06-18,0.00281038033570413
2021-06-19,0.0029035881622665
2021-06-20,0.00272235350075426
2021-06-21,0.00253746359617611
2021-06-22,0.0034228890164209
2021-06-23,0.00321045274029859
2021-06-24,0.00309581930443444
2021-06-25,0.00293948533701075
2021-06-26,0.00336605773189446
2021-06-27,0.00314618945985366
2021-06-28,0.00333124399946336
2021-06-29,0.00310232297485845
2021-06-30,0.00298795966020932
2021-07-01,0.00282088607056365
2021-07-02,0.00280579380440111
2021-07-03,0.00261586419288396
2021-07-04,0.00248513197793946
2021-07-05,0.00233887471311175
2021-07-06,0.00234375527005478
2021-07-07,0.00219429146376067
2021-07-08,0.00205502067015848
2021-07-09,0.00199664906997589
2021-07-10,0.00191011420895247
2021-07-11,0.00178986354354634
2021-07-12,0.00169974503438352
2021-07-13,0.00167596261560532
2021-07-14,0.00158531123014515
2021-07-15,0.00148378217660609
2021-07-16,0.00145791134239779
2021-07-17,0.00139287232611316
2021-07-18,0.00130573448749756
2021-07-19,0.00122808634629426
2021-07-20,0.00122370344106584
2021-07-21,0.00125616865496051
2021-07-22,0.00156302811484085
2021-07-23,0.00146821192224748
2021-07-24,0.00147703932113858
2021-07-25,0.00141251703734016
2021-07-26,0.00139167881120294
2021-07-27,0.00149758747953077
2021-07-28,0.00165451523117319
2021-07-29,0.00156502860747109
2021-07-30,0.00146510025948915
2021-07-31,0.00156556883085996
2021-08-01,0.00148365582431128
2021-08-02,0.00152950296478559
2021-08-03,0.00146456650553393
2021-08-04,0.00142305053349946
2021-08-05,0.00142613724225301
2021-08-06,0.00140034175503354
2021-08-07,0.0014679824966729
2021-08-08,0.00149660779957089
2021-08-09,0.00142400898893074
2021-08-10,0.00152411167061485
2021-08-11,0.00143725740992501
2021-08-12,0.00134893568312031
2021-08-13,0.00131249969787619
2021-08-14,0.00158825453481308
2021-08-15,0.00149584297799818
2021-08-16,0.00140404959411709
2021-08-17,0.00135709115430575
2021-08-18,0.00133837753097443
2021-08-19,0.00125538175210623
2021-08-20,0.00131639196908588
2021-08-21,0.00145050145658851
2021-08-22,0.00136500741025173
2021-08-23,0.00128152160300706
2021-08-24,0.00120367217527859
2021-08-25,0.0012410813698176
2021-08-26,0.00120205104921549
2021-08-27,0.00126558015248876
2021-08-28,0.00130807179156235
2021-08-29,0.00122683929314407
2021-08-30,0.00115426799904086
2021-08-31,0.00119204189915571
2021-09-01,0.00111956440972098
2021-09-02,0.001141403595177
2021-09-03,0.00107858923047997
2021-09-04,0.00102716763676037
2021-09-05,0.000966948859648411
2021-09-06,0.00099489038410509
2021-09-07,0.000960987657046668
2021-09-08,0.00191779786040719
2021-09-09,0.00184563112584781
2021-09-10,0.00172878854202268
2021-09-11,0.00170850021162998
2021-09-12,0.00159850638438118
2021-09-13,0.00152006990067109
2021-09-14,0.0014675419128847
2021-09-15,0.0015123242377546
2021-09-16,0.00145570680304863
2021-09-17,0.00137026580931467
2021-09-18,0.0012939941717035
2021-09-19,0.001239005765088
2021-09-20,0.00119838942593274
2021-09-21,0.00181437624320411
2021-09-22,0.00197344235120294
2021-09-23,0.00213366913275787
2021-09-24,0.00207232691980773
2021-09-25,0.00210433543130464
2021-09-26,0.00210433543130464
2021-09-27,0.00197117861786058
2021-09-28,0.00184467031170005
2021-09-29,0.00176647848987902
2021-09-30,0.00171697628838649
2021-10-01,0.00160960008017643
2021-10-02,0.00171311615948769
2021-10-03,0.00225849702910393
2021-10-04,0.00210689561694925
2021-10-05,0.00196882107620297
2021-10-06,0.00186869659449687
2021-10-07,0.00188342459254502
2021-10-08,0.00214448938993657
2021-10-09,0.002047284315739
2021-10-10,0.00191364826826706
2021-10-11,0.00181064529234125
2021-10-12,0.00169694572408155
2021-10-13,0.0017493397417858
2021-10-14,0.00167802751536854
2021-10-15,0.00160102112988216
2021-10-16,0.00150447066958171
2021-10-17,0.00175614581639275
2021-10-18,0.00165348215881827
2021-10-19,0.0015492292267276
2021-10-20,0.0014552171915626
2021-10-21,0.00144479753874001
2021-10-22,0.00140640759514818
2021-10-23,0.00157763631821342
2021-10-24,0.0015395441823393
2021-10-25,0.00144837507008584
2021-10-26,0.00135918987446217
2021-10-27,0.00135207128520957
2021-10-28,0.00140547242762877
2021-10-29,0.00142018148853884
2021-10-30,0.0014094703107707
2021-10-31,0.00138144077183427
2021-11-01,0.00129621367183
2021-11-02,0.00122638332868553
2021-11-03,0.00115746403756642
2021-11-04,0.00117733282214517
2021-11-05,0.00110533916865763
2021-11-06,0.00109327062555495
2021-11-07,0.0010321854800064
2021-11-08,0.000972882345690551
2021-11-09,0.000978502417109653
2021-11-10,0.00121984466097735
2021-11-11,0.00114648841838634
2021-11-12,0.00116235997987807
2021-11-13,0.00109281239771363
2021-11-14,0.00103513617545059
2021-11-15,0.000972137032694961
2021-11-16,0.00093333248824339
2021-11-17,0.000951268122635159
2021-11-18,0.00116029051394584
2021-11-19,0.00109055642113318
2021-11-20,0.00126969211674432
2021-11-21,0.00121048878883149
2021-11-22,0.00119812208851112
2021-11-23,0.00115167467402386
2021-11-24,0.00122289706961917
2021-11-25,0.00116994091071081
2021-11-26,0.001103337127918
2021-11-27,0.00109903299286895
2021-11-28,0.00163224329493021
2021-11-29,0.0015427425182597
2021-11-30,0.00159939487404056
2021-12-01,0.00150027589849172
2021-12-02,0.00142052744992628
2021-12-03,0.0013348299882035
2021-12-04,0.00126776138410206
2021-12-05,0.00140786713712131
2021-12-06,0.00190762062816968
2021-12-07,0.0017810048966527
2021-12-08,0.00169922904158658
2021-12-09,0.00158797707256541
2021-12-10,0.00149289988485949
2021-12-11,0.00166560469622006
2021-12-12,0.00157630922524558
2021-12-13,0.00162141066271105
2021-12-14,0.00153617853368432
2021-12-15,0.00179215887882589
2021-12-16,0.00173545677039763
2021-12-17,0.0016334655755258
2021-12-18,0.00158233516848875
2021-12-19,0.00156965944501281
2021-12-20,0.00148249215026694
2021-12-21,0.00139305145421758
2021-12-22,0.00131190664753667
2021-12-23,0.00134898184122699
2021-12-24,0.00126749696281196
2021-12-25,0.00132118827708559
2021-12-26,0.00124290759646531
2021-12-27,0.00117543841830186
2021-12-28,0.00110400109115334
2021-12-29,0.00104534290102084
2021-12-30,0.0012905192314511
2021-12-31,0.00126822573159913
2022-01-01,0.00119847081605715
2022-01-02,0.0011540813633743
2022-01-03,0.00114130600718031
2022-01-04,0.00108001466157392
2022-01-05,0.00104799017539923
2022-01-06,0.00101096252532698
2022-01-07,0.00116656668846961
2022-01-08,0.001109574264739
2022-01-09,0.00113616241619561
2022-01-10,0.00107256832627567
2022-01-11,0.00100742358838907
2022-01-12,0.000949262956596405
2022-01-13,0.000925446357810303
2022-01-14,0.000923493444900802
2022-01-15,0.000938584764983334
2022-01-16,0.00088230052115787
2022-01-17,0.000832863271688417
2022-01-18,0.000789442660851341
2022-01-19,0.000775286084326
2022-01-20,0.000733993590743758
2022-01-21,0.00071485348143173
2022-01-22,0.000739207284379315
2022-01-23,0.00161022370174681
2022-01-24,0.00167156158687409
2022-01-25,0.0016338297876642
2022-01-26,0.00153608992446221
2022-01-27,0.00143721466191382
2022-01-28,0.00135057138786954
2022-01-29,0.0012751788874709
2022-01-30,0.00121657571247347
2022-01-31,0.00116003691474364
2022-02-01,0.00109179039996283
2022-02-02,0.00103712150448797
2022-02-03,0.000978887107119579
2022-02-04,0.00109439889515104
2022-02-05,0.00103946082506549
2022-02-06,0.00182849407062395
2022-02-07,0.00170745832130466
2022-02-08,0.00162854110092558
2022-02-09,0.00161179144243368
2022-02-10,0.00151052599776076
2022-02-11,0.00142466169197748
2022-02-12,0.00136522286174456
2022-02-13,0.00133777213348661
2022-02-14,0.00126126485079422
2022-02-15,0.00118328138768295
2022-02-16,0.0011234641757923
2022-02-17,0.00121081905996979
2022-02-18,0.00115720883835585
2022-02-19,0.00157609294748451
2022-02-20,0.00150479571229075
2022-02-21,0.00141619699987408
2022-02-22,0.00146998190413931
2022-02-23,0.00150335039701727
2022-02-24,0.00146922376402308
2022-02-25,0.00142892235636729
2022-02-26,0.00137893779804882
2022-02-27,0.00133166820868546
2022-02-28,0.00125072660984163
2022-03-01,0.00129458360529787
2022-03-02,0.00250936367857134
2022-03-03,0.00244311302965468
2022-03-04,0.00228634522525819
2022-03-05,0.00223485884783305
2022-03-06,0.00261045672187567
2022-03-07,0.00242497592310973
2022-03-08,0.00230373955396239
2022-03-09,0.00216314716348201
2022-03-10,0.00204628450298538
2022-03-11,0.00239090947081568
2022-03-12,0.00247491699706082
2022-03-13,0.00234785199044188
2022-03-14,0.00219012109594544
2022-03-15,0.00210258028935464
2022-03-16,0.00211981583773325
2022-03-17,0.00198196655664258
2022-03-18,0.00198970716744127
2022-03-19,0.00185312792647456
2022-03-20,0.00175289058912187
2022-03-21,0.00164688813301144
2022-03-22,0.00157923944099362
2022-03-23,0.00148621869077752
2022-03-24,0.00146667270007748
2022-03-25,0.00138835507299011
2022-03-26,0.00134687161249444
2022-03-27,0.00126995811448987
2022-03-28,0.00119358428557318
2022-03-29,0.0013086860578014
2022-03-30,0.00123597767189189
2022-03-31,0.00116597669700343
2022-04-01,0.00109965445711768
2022-04-02,0.00113350527888234
2022-04-03,0.00108147147248088
2022-04-04,0.00102497900880241
2022-04-05,0.000975288023755605
2022-04-06,0.000919452276817476
2022-04-07,0.000928959591545418
2022-04-08,0.00110536747184415
2022-04-09,0.00104125525625988
2022-04-10,0.00104383802568381
2022-04-11,0.000984588925113865
2022-04-12,0.000953110467839534
2022-04-13,0.00123094428242105
2022-04-14,0.00115846291894103
2022-04-15,0.00114950451011071
2022-04-16,0.00115149224406144
2022-04-17,0.00109909483697083
2022-04-18,0.00103221893873592
2022-04-19,0.00100738185256797
2022-04-20,0.0010033449861287
2022-04-21,0.000974829722395859
2022-04-22,0.00091813465370443
2022-04-23,0.000910247215672366
2022-04-24,0.000891369728105656
2022-04-25,0.00084304064385054
2022-04-26,0.000803677519174945
2022-04-27,0.000814519791571131
2022-04-28,0.00103243955078683
2022-04-29,0.00101723997679023
2022-04-30,0.000973648089109178
2022-05-01,0.000988634674377014
2022-05-02,0.000993358021368613
2022-05-03,0.000970021967347928
2022-05-04,0.000913639473620216
2022-05-05,0.000912031642719615
2022-05-06,0.00104883099818439
2022-05-07,0.00146623457326329
2022-05-08,0.00141361425025629
2022-05-09,0.00135270237714083
2022-05-10,0.00142917172091851
2022-05-11,0.00258094683975776
2022-05-12,0.00245510184727928
2022-05-13,0.00256443999483645
2022-05-14,0.00240139901532672
2022-05-15,0.00223875491412844
2022-05-16,0.00214392507490692
2022-05-17,0.00213791061529685
2022-05-18,0.00215625818005499
2022-05-19,0.00203080649386618
2022-05-20,0.0021434415240077
2022-05-21,0.00217139624896548
2022-05-22,0.00211067873418236
2022-05-23,0.00196478228087683
2022-05-24,0.00189419838544915
2022-05-25,0.00189189445114635
2022-05-26,0.00178532270847386
2022-05-27,0.00166927248303046
2022-05-28,0.0015783602379577
2022-05-29,0.00150998873677269
2022-05-30,0.00143036819246874
2022-05-31,0.0013587752442861
2022-06-01,0.0016945963240544
2022-06-02,0.00158590814628136
2022-06-03,0.00184014446349791
2022-06-04,0.00173895698877951
2022-06-05,0.00167380366356472
2022-06-06,0.0015726754066599
2022-06-07,0.00148003231247969
2022-06-08,0.00154941657005397
2022-06-09,0.00145384243223879
2022-06-10,0.00144675898894613
2022-06-11,0.0013585518140178
2022-06-12,0.00137675812836246
2022-06-13,0.0013469476848438
2022-06-14,0.00164597234669506
2022-06-15,0.00385216957050309
2022-06-16,0.0036345234405528
2022-06-17,0.00343330535815176
2022-06-18,0.00398134488289712
2022-06-19,0.00371463973446163
2022-06-20,0.00391116106462971
2022-06-21,0.00404133274739221
2022-06-22,0.00374407399619184
2022-06-23,0.00346582716731476
2022-06-24,0.00332109349853141
2022-06-25,0.00328302554428145
2022-06-26,0.00306041773600469
2022-06-27,0.00285041795420492
2022-06-28,0.00268074680115391
2022-06-29,0.00251693324012793
2022-06-30,0.00238806937285574
2022-07-01,0.00223777002455998
2022-07-02,0.00209567286049781
2022-07-03,0.00205150529649692
2022-07-04,0.00191289446047782
2022-07-05,0.00178935250654079
2022-07-06,0.00183292248888211
2022-07-07,0.00171354437864614
2022-07-08,0.0016323652032265
2022-07-09,0.00173420816666815
2022-07-10,0.00161820078100804
2022-07-11,0.00151342168039758
2022-07-12,0.00151991512588631
2022-07-13,0.00160108561087418
2022-07-14,0.0016043974650856
2022-07-15,0.00164724196441253
2022-07-16,0.00156824542389983
2022-07-17,0.0014722995950098
2022-07-18,0.00139964579258682
2022-07-19,0.00134609238111501
2022-07-20,0.00167606774319206
2022-07-21,0.00173485857646261
2022-07-22,0.00163545422803071
2022-07-23,0.00153687056925444
2022-07-24,0.00148222750848903
2022-07-25,0.0014083970164655
2022-07-26,0.00132505394909884
2022-07-27,0.0015098417020925
2022-07-28,0.00143039944537428
2022-07-29,0.00179428949136403
2022-07-30,0.0018075021636666
2022-07-31,0.00168778217944553
2022-08-01,0.00158592841050409
2022-08-02,0.00150536020299175
2022-08-03,0.00140734271679742
2022-08-04,0.00133193901266331
2022-08-05,0.00125928993401895
2022-08-06,0.00118842412952078
2022-08-07,0.00118723692103642
2022-08-08,0.00114248136417713
2022-08-09,0.00108374427578871
2022-08-10,0.00107801171739399
2022-08-11,0.00108500791115788
2022-08-12,0.00109730645793176
2022-08-13,0.00103228729986503
2022-08-14,0.000994426626671848
2022-08-15,0.000936265408006286
2022-08-16,0.000888656391027224
2022-08-17,0.000844956875205418
2022-08-18,0.00081020227855162
2022-08-19,0.000815742880513162
2022-08-20,0.000798124065740502
2022-08-21,0.0016801234417138
2022-08-22,0.00157037883707745
2022-08-23,0.00149323555134924
2022-08-24,0.00139962088009341
2022-08-25,0.00132066173254131
2022-08-26,0.001255542501892
2022-08-27,0.00118566144206819
2022-08-28,0.00142499815008323
2022-08-29,0.00135369378865758
2022-08-30,0.00131596014664171
2022-08-31,0.00132031289707995
2022-09-01,0.00128071329955193
2022-09-02,0.00121131496952078
2022-09-03,0.0011441947238475
2022-09-04,0.00108917791405619
2022-09-05,0.00103541242622628
2022-09-06,0.000976523406214229
2022-09-07,0.000933837336008088
2022-09-08,0.00110728040780046
2022-09-09,0.00108882272448567
2022-09-10,0.00103966093611206
2022-09-11,0.00173919633152929
2022-09-12,0.00165163138791171
2022-09-13,0.00155456765894487
2022-09-14,0.00151555326219744
2022-09-15,0.00227003044734855
2022-09-16,0.00212043638643367
2022-09-17,0.00202599911436081
2022-09-18,0.00189872569251332
2022-09-19,0.00180185109265695
2022-09-20,0.00178527818613726
2022-09-21,0.00166910621663487
2022-09-22,0.00165461890077429
2022-09-23,0.00160103255567526
2022-09-24,0.00167900435829303
2022-09-25,0.00157007422771755
2022-09-26,0.00151354418641853
2022-09-27,0.00142858573173388
2022-09-28,0.00137471780970567
2022-09-29,0.00130097039675423
2022-09-30,0.00124713746468387
2022-10-01,0.00118198830228946
2022-10-02,0.00112378097303826
2022-10-03,0.00106733038684767
2022-10-04,0.00102530539930558
2022-10-05,0.00103325663055024
2022-10-06,0.00108945173620544
2022-10-07,0.00103699119403081
2022-10-08,0.000991309089281797
2022-10-09,0.000978898631635979
2022-10-10,0.000927017634119475
2022-10-11,0.000882844816561526
2022-10-12,0.000857939847339502
2022-10-13,0.000811944089627469
2022-10-14,0.000770910072315448
2022-10-15,0.000742759632008717
2022-10-16,0.000720733162786643
2022-10-17,0.000694070551715335
2022-10-18,0.00067847445556573
2022-10-19,0.000666768200368102
2022-10-20,0.000649521288333165
2022-10-21,0.000631323625185623
2022-10-22,0.00060411940638432
2022-10-23,0.000581540366729537
2022-10-24,0.000563291680188782
2022-10-25,0.000569914728189469
2022-10-26,0.000576036228567282
2022-10-27,0.000686348393456855
2022-10-28,0.000774608181962246
2022-10-29,0.000783767186038586
2022-10-30,0.000760858863108878
2022-10-31,0.000744140452677938
2022-11-01,0.000718043064480009
2022-11-02,0.000690070835661176
2022-11-03,0.000669908111115675
2022-11-04,0.000671620591483513
2022-11-05,0.000663366332279393
2022-11-06,0.000826742975512477
2022-11-07,0.000800604945877337
2022-11-08,0.000802235401500856
2022-11-09,0.00082362957729824
2022-11-10,0.00185763887157207
2022-11-11,0.0042137428141736
2022-11-12,0.00461511005742409
2022-11-13,0.00425391825944572
2022-11-14,0.00392783040300324
2022-11-15,0.00367909498823804
2022-11-16,0.00339319840257981
2022-11-17,0.00314571133814486
2022-11-18,0.00291426236333208
2022-11-19,0.00268698029004472
2022-11-20,0.00249150660131573
2022-11-21,0.00230208464031103
2022-11-22,0.00219390995117616
2022-11-23,0.00213899417115089
2022-11-24,0.00204711673086293
2022-11-25,0.00195935329161973
2022-11-26,0.00182295751785671
2022-11-27,0.00170889235699451
2022-11-28,0.00160190467661919
2022-11-29,0.00150187902142658
2022-11-30,0.00142912817175904
2022-12-01,0.00136936342039805
2022-12-02,0.00146867423671264
2022-12-03,0.00138751665993965
2022-12-04,0.001309006981183
2022-12-05,0.00124911556213465
2022-12-06,0.00119085651800493
2022-12-07,0.00113067835692657
2022-12-08,0.001084227806129
2022-12-09,0.00105650638634858
2022-12-10,0.00104271931131039
2022-12-11,0.00099012753162909
2022-12-12,0.000938484349577189
2022-12-13,0.000892728105371279
2022-12-14,0.000870321210464956
2022-12-15,0.000921698718979521
2022-12-16,0.000883719091483618
2022-12-17,0.000918919444773605
2022-12-18,0.0010616339056441
2022-12-19,0.00100337072810711
2022-12-20,0.000947594302470826
2022-12-21,0.00093149454216934
2022-12-22,0.000933421895258884
2022-12-23,0.000878769020509104
2022-12-24,0.000845589371582464
2022-12-25,0.000810980504120313
2022-12-26,0.000771592930462543
2022-12-27,0.0007289034059395
2022-12-28,0.000693472856541182
2022-12-29,0.000681319132959603
2022-12-30,0.000668404878878332
2022-12-31,0.000638256814019676
2023-01-01,0.000618480575324585
2023-01-02,0.000588823856881625
2023-01-03,0.000562713860330821
2023-01-04,0.000542978320590922
2023-01-05,0.000531979080501216
2023-01-06,0.000510259295149856
2023-01-07,0.000497131919374167
2023-01-08,0.000472507064596384
2023-01-09,0.000462738419985354
2023-01-10,0.000454663574747104
2023-01-11,0.000441194185311007
2023-01-12,0.000467736067313287
2023-01-13,0.00054793369973245
2023-01-14,0.000777408705863132
2023-01-15,0.00107048425274898
2023-01-16,0.00125229756776698
2023-01-17,0.00116284003069848
2023-01-18,0.00110506492721453
2023-01-19,0.00105095937524646
2023-01-20,0.00103803701496796
2023-01-21,0.0010203587482622
2023-01-22,0.00145909979245289
2023-01-23,0.00136699082582781
2023-01-24,0.00127190494649514
2023-01-25,0.0011917540349731
2023-01-26,0.00113540420539913
2023-01-27,0.00109939558893264
2023-01-28,0.00102979820763341
2023-01-29,0.000966726856441858
2023-01-30,0.000925625479310783
2023-01-31,0.000962588752019546
2023-02-01,0.00103393415831003
2023-02-02,0.000987202562819943
2023-02-03,0.000995219651875528
2023-02-04,0.00094695030754839
2023-02-05,0.000905058480215385
2023-02-06,0.000867297396832989
2023-02-07,0.0008609262336343
2023-02-08,0.000835442384517731
2023-02-09,0.000833338529261281
2023-02-10,0.0008284093622169
2023-02-11,0.00104010455888628
2023-02-12,0.00100400157178279
2023-02-13,0.000956533453183432
2023-02-14,0.000906515498859131
2023-02-15,0.000876008358858827
2023-02-16,0.000883717489199551
2023-02-17,0.001559933101932
2023-02-18,0.00154340804277184
2023-02-19,0.00155844703811487
2023-02-20,0.00146206148019651
2023-02-21,0.00139529832360505
2023-02-22,0.00135743267872654
2023-02-23,0.00130910604160706
2023-02-24,0.00125562421422305
2023-02-25,0.00120103303197591
2023-02-26,0.00123274455181929
2023-02-27,0.00116568964376524
2023-02-28,0.00112866038567598
2023-03-01,0.00108364555980459
2023-03-02,0.00105220945611616
2023-03-03,0.0010305296194907
2023-03-04,0.000992833768650392
2023-03-05,0.00116085080858322
2023-03-06,0.00109862698026329
2023-03-07,0.0010398597746381
2023-03-08,0.000986290616335346
2023-03-09,0.000964462964778356
2023-03-10,0.000984108583532376
2023-03-11,0.00131703652429992
2023-03-12,0.00126242812947509
2023-03-13,0.00122040105872602
2023-03-14,0.00162837600855064
2023-03-15,0.00232192953774855
2023-03-16,0.00221270635701124
2023-03-17,0.00207989096393984
2023-03-18,0.0020212548311819
2023-03-19,0.00264180736182693
2023-03-20,0.00249131132741601
2023-03-21,0.002417991126557
2023-03-22,0.00224294793019323
2023-03-23,0.00209786504621551
2023-03-24,0.00203472194415291
2023-03-25,0.00199740122686988
2023-03-26,0.00193376804895816
2023-03-27,0.00179846873803766
2023-03-28,0.00169915167704426
2023-03-29,0.001673513814967
2023-03-30,0.00157377178528843
2023-03-31,0.00160587011407618
2023-04-01,0.0015113116806721
2023-04-02,0.00142898950989542
2023-04-03,0.00133461586898229
2023-04-04,0.0012764031801674
2023-04-05,0.00121138718957974
2023-04-06,0.00115841296279957
2023-04-07,0.00109209803534977
2023-04-08,0.00103364184803804
2023-04-09,0.000978751906591261
2023-04-10,0.000927639352119057
2023-04-11,0.000914000066794862
2023-04-12,0.00107009807335196
2023-04-13,0.00106152620332646
2023-04-14,0.0010318970256694
2023-04-15,0.000999635908340605
2023-04-16,0.000951278225980714
2023-04-17,0.000909845221398646
2023-04-18,0.000886269816303496
2023-04-19,0.00095013731615641
2023-04-20,0.00100756104692106
2023-04-21,0.00123556155658771
2023-04-22,0.00122750055606156
2023-04-23,0.00129528662253166
2023-04-24,0.00124965583399673
2023-04-25,0.001192201846356
2023-04-26,0.00113355267470276
2023-04-27,0.00114238974012902
2023-04-28,0.0010891824110057
2023-04-29,0.00115109228350863
2023-04-30,0.00109587284055413
2023-05-01,0.00103728855160666
2023-05-02,0.000993401347788577
2023-05-03,0.00110899911648071
2023-05-04,0.0010822468366734
2023-05-05,0.00103622509152719
2023-05-06,0.000996873136220645
2023-05-07,0.000988462221686774
2023-05-08,0.000990205158523243
2023-05-09,0.00096754523575246
2023-05-10,0.000989169918000649
2023-05-11,0.000934120687860886
2023-05-12,0.000883966822822866
2023-05-13,0.00089721830880594
2023-05-14,0.000856382348656923
2023-05-15,0.000817933121867267
2023-05-16,0.000778466060774226
2023-05-17,0.00075399983253047
2023-05-18,0.000723405706766348
2023-05-19,0.000714802181805835
2023-05-20,0.000734458555871908
2023-05-21,0.000716585620455819
2023-05-22,0.000691824667289378
2023-05-23,0.000675809097716323
2023-05-24,0.000651935077887197
2023-05-25,0.000662513509524092
2023-05-26,0.000749777307262347
2023-05-27,0.000712290272414863
2023-05-28,0.000683499344002961
2023-05-29,0.000673364209204522
2023-05-30,0.000815837713973449
2023-05-31,0.000778266826194057
2023-06-01,0.000747565358076862
2023-06-02,0.000750213614705054
2023-06-03,0.000741422843523234
2023-06-04,0.000732483232919288
2023-06-05,0.000699555484793126
2023-06-06,0.000685999147761865
2023-06-07,0.000924955181819749
2023-06-08,0.00113058758072971
2023-06-09,0.00113662811337412
2023-06-10,0.00105981381362426
2023-06-11,0.00100201652667994
2023-06-12,0.00101198020663614
2023-06-13,0.000946977982239949
2023-06-14,0.000889118413511486
2023-06-15,0.000843314099690375
2023-06-16,0.000890730826598473
2023-06-17,0.000870054203193487
2023-06-18,0.000907249172838914
2023-06-19,0.000863998678585943
2023-06-20,0.000829301657834577
2023-06-21,0.000825320540703188
2023-06-22,0.00105027457702892
2023-06-23,0.00130977586238487
2023-06-24,0.00122948637986326
2023-06-25,0.00121939416030167
2023-06-26,0.00116287833343383
2023-06-27,0.00109095990583224
2023-06-28,0.00103677486412521
2023-06-29,0.000998550933725399
2023-06-30,0.000970806277190352
2023-07-01,0.000934435297109747
2023-07-02,0.000888460072967277
2023-07-03,0.000839054150493597
2023-07-04,0.000792251994047466
2023-07-05,0.000792280001513623
2023-07-06,0.000765132404473061
2023-07-07,0.000736313923715773
2023-07-08,0.000738609425491352
2023-07-09,0.000724416474628996
2023-07-10,0.000694287207721178
2023-07-11,0.000658075372273354
2023-07-12,0.000632008485102491
2023-07-13,0.000617015414585336
2023-07-14,0.00061902051413414
2023-07-15,0.000704696803184292
2023-07-16,0.000778810930425549
2023-07-17,0.000740166926326917
2023-07-18,0.000698644084972864
2023-07-19,0.000670892386524259
2023-07-20,0.000653198294196962
2023-07-21,0.000618196915352272
2023-07-22,0.000593760310763558
2023-07-23,0.000562690823322274
2023-07-24,0.000548005957711773
2023-07-25,0.000544899665505211
2023-07-26,0.000603339549727554
2023-07-27,0.000578223090598354
2023-07-28,0.000553296545194191
2023-07-29,0.000528272902046574
2023-07-30,0.000505308460974402
2023-07-31,0.000488318472287666
2023-08-01,0.000474570789394268
2023-08-02,0.000461093007891912
2023-08-03,0.00046852654262207
2023-08-04,0.000478297762016052
2023-08-05,0.000461152721699801
2023-08-06,0.000438213897420501
2023-08-07,0.000420139290492408
2023-08-08,0.000405865962848759
2023-08-09,0.000408004258082411
2023-08-10,0.000420327098227327
2023-08-11,0.000404285790972418
2023-08-12,0.000389339136678512
2023-08-13,0.000376631401672704
2023-08-14,0.000358447278874769
2023-08-15,0.000345031527600311
2023-08-16,0.000331368696574709
2023-08-17,0.000340186869725777
2023-08-18,0.000392037799625288
2023-08-19,0.000877911011011244
2023-08-20,0.000876883859973996
2023-08-21,0.000823381370165366
2023-08-22,0.000777415722066385
2023-08-23,0.000724433639510839
2023-08-24,0.000695650881106074
2023-08-25,0.000669768363727166
2023-08-26,0.000642780344369225
2023-08-27,0.000617847676870436
2023-08-28,0.000584717316388214
2023-08-29,0.000556060949896258
2023-08-30,0.000553118306064919
2023-08-31,0.00078358457990815
2023-09-01,0.000783360487254332
2023-09-02,0.000944408577492753
2023-09-03,0.000890156295535166
2023-09-04,0.000835699785959215
2023-09-05,0.000796016935238353
2023-09-06,0.00075167049621192
2023-09-07,0.000708877115580253
2023-09-08,0.000675192049125623
2023-09-09,0.000672407407928687
2023-09-10,0.000652614925702984
2023-09-11,0.000619819397864968
2023-09-12,0.000601491988408736
2023-09-13,0.000629996657785779
2023-09-14,0.000645017639405275
2023-09-15,0.000637991867808709
2023-09-16,0.000623001479856493
2023-09-17,0.000590686923127606
2023-09-18,0.000561139156115532
2023-09-19,0.00054054256401975
2023-09-20,0.00052668500941651
2023-09-21,0.000521573471641802
2023-09-22,0.000511081239444052
2023-09-23,0.000521589511856395
2023-09-24,0.000500226082876605
2023-09-25,0.000479037374614539
2023-09-26,0.000467292898121345
2023-09-27,0.000444453130143782
2023-09-28,0.000429316590311018
2023-09-29,0.000424691455417367
2023-09-30,0.000452365626055018
2023-10-01,0.000430546447764275
2023-10-02,0.000433372675712951
2023-10-03,0.000520737868236766
2023-10-04,0.00051218380898296
2023-10-05,0.00049554746836868
2023-10-06,0.000489211353773358
2023-10-07,0.00049296931364626
2023-10-08,0.000494328046140877
2023-10-09,0.000470391444734479
2023-10-10,0.000452020823019137
2023-10-11,0.000444566194804985
2023-10-12,0.000447986288628964
2023-10-13,0.000460503555317145
2023-10-14,0.000440266503252394
2023-10-15,0.000418333124779474
2023-10-16,0.000407346429215343
2023-10-17,0.000423267958048557
2023-10-18,0.000566747919768231
2023-10-19,0.000536215257567392
2023-10-20,0.000517339551215827
2023-10-21,0.000518443672143082
2023-10-22,0.000573635401311299
2023-10-23,0.000548263697265104
2023-10-24,0.000550576152819485
2023-10-25,0.00117809503094453
2023-10-26,0.00117142271129377
2023-10-27,0.00111540644209319
2023-10-28,0.00105132309471376
2023-10-29,0.000992271637878563
2023-10-30,0.000938348674711449
2023-10-31,0.000897512870576184
2023-11-01,0.000847210960338097
2023-11-02,0.000812676584156573
2023-11-03,0.000811485357844687
2023-11-04,0.000778464465676499
2023-11-05,0.00074910148773893
2023-11-06,0.000716060961086305
2023-11-07,0.000678041676528011
2023-11-08,0.000646159930437904
2023-11-09,0.000624878048953573
2023-11-10,0.000601018839752249
2023-11-11,0.000628888803336165
2023-11-12,0.000619146076377012
2023-11-13,0.00058972923254815
2023-11-14,0.000563448650811809
2023-11-15,0.000565325170750942
2023-11-16,0.000604808827282981
2023-11-17,0.00082448180514102
2023-11-18,0.000904627893278408
2023-11-19,0.000856116130575915
2023-11-20,0.000819871291778743
2023-11-21,0.000801996778873717
2023-11-22,0.000768799109465917
2023-11-23,0.000883870158049747
2023-11-24,0.000952691677459339
2023-11-25,0.000902021171157546
2023-11-26,0.000858386550547601
2023-11-27,0.000814386730232547
2023-11-28,0.00077662177131055
2023-11-29,0.000745071284230051
2023-11-30,0.000719069632221188
2023-12-01,0.00068484980354762
2023-12-02,0.000660999271091435
2023-12-03,0.000667952421697142
2023-12-04,0.000659325209102997
2023-12-05,0.000653215269174584
2023-12-06,0.000797124974867496
2023-12-07,0.000936512712674137
2023-12-08,0.000889049711212058
2023-12-09,0.000858214327524531
2023-12-10,0.000834242202414134
2023-12-11,0.000795222906050175
2023-12-12,0.000761571018510718
2023-12-13,0.000959964619402132
2023-12-14,0.00091476900906822
2023-12-15,0.000932836802636696
2023-12-16,0.000884994469372506
2023-12-17,0.000882506600608081
2023-12-18,0.00084676025408282
2023-12-19,0.000834143266843044
2023-12-20,0.000844947916916209
2023-12-21,0.000812149583060884
2023-12-22,0.00083103204773353
2023-12-23,0.000788743474409005
2023-12-24,0.000749238781475598
2023-12-25,0.00071737346679408
2023-12-26,0.000700653490676412
2023-12-27,0.000674868743145963
2023-12-28,0.000687302989709396
2023-12-29,0.000675830500931598
2023-12-30,0.00066614409601267
2023-12-31,0.00065093035635101
2024-01-01,0.000624177832297303
2024-01-02,0.000600644419384761
2024-01-03,0.00070024498253857
2024-01-04,0.000701641859597813
2024-01-05,0.000818356718997868
2024-01-06,0.000823310634372004
2024-01-07,0.000780595761663275
2024-01-08,0.000747902070913778
2024-01-09,0.000724772265496265
2024-01-10,0.000975479598893421
2024-01-11,0.000934768287091703
2024-01-12,0.000887842298075649
2024-01-13,0.000856902265964445
2024-01-14,0.00124786083049518
2024-01-15,0.00118388032835296
2024-01-16,0.00116202796802715
2024-01-17,0.00111120568732278
2024-01-18,0.0010686134448593
2024-01-19,0.00102030823218846
2024-01-20,0.00104724321411493
2024-01-21,0.000990284129338814
2024-01-22,0.000936906876415238
2024-01-23,0.000896804492204021
2024-01-24,0.0010137958179149
2024-01-25,0.000966186612926138
2024-01-26,0.000923295365280972
2024-01-27,0.000888316537568266
2024-01-28,0.000972579026509692
2024-01-29,0.000924916999098674
2024-01-30,0.000877399487328196
2024-01-31,0.000892464352978508
2024-02-01,0.000854048027803865
2024-02-02,0.00081691010892027
2024-02-03,0.000781090940659547
2024-02-04,0.000740679691363246
2024-02-05,0.000704875937320338
2024-02-06,0.000677249008467061
2024-02-07,0.000643203303273075
2024-02-08,0.000622484986794742
2024-02-09,0.000644672080680361
2024-02-10,0.000647764862574595
2024-02-11,0.000723580902129362
2024-02-12,0.000707957465721535
2024-02-13,0.000682374928808995
2024-02-14,0.000714948138258325
2024-02-15,0.000690716244149692
2024-02-16,0.000761983571633174
2024-02-17,0.000724431384946739
2024-02-18,0.000693759386443932
2024-02-19,0.000672194577205874
2024-02-20,0.000645778949110015
2024-02-21,0.000620017134386747
2024-02-22,0.000594070079663574
2024-02-23,0.000578410745935582
2024-02-24,0.000561511578717516
2024-02-25,0.000546835095706205
2024-02-26,0.000536135412745142
2024-02-27,0.000521840939446635
2024-02-28,0.000674635254215344
2024-02-29,0.000807523678723305
2024-03-01,0.00132165855880625
2024-03-02,0.00125784680171219
2024-03-03,0.00120505033755176
2024-03-04,0.00113637095998227
2024-03-05,0.00110611804928766
2024-03-06,0.00148125145790429
2024-03-07,0.00168313286231369
2024-03-08,0.00164934636888963
2024-03-09,0.00155353227255592
2024-03-10,0.00147991199286766
2024-03-11,0.00139003493404942
2024-03-12,0.00131451462812246
2024-03-13,0.00136199694503694
2024-03-14,0.00128379638947172
2024-03-15,0.00123699781615456
2024-03-16,0.00120969204415159
2024-03-17,0.00120507831050685
2024-03-18,0.0014230511564385
2024-03-19,0.00144632471276265
2024-03-20,0.00137721376558441
2024-03-21,0.0018706337948912
2024-03-22,0.00224027538111272
2024-03-23,0.0021542281373343
2024-03-24,0.00207553555110388
2024-03-25,0.00194908775443372
2024-03-26,0.00199751699471184
2024-03-27,0.00198669329187848
2024-03-28,0.00186212153414412
2024-03-29,0.00175476084509563
2024-03-30,0.00167184879485
2024-03-31,0.00157890903798374
2024-04-01,0.00148285287500065
2024-04-02,0.00142610306938681
2024-04-03,0.00137775136316317
2024-04-04,0.00159469786132204
2024-04-05,0.00149967805126528
2024-04-06,0.00151125898773682
2024-04-07,0.00142255495247634
2024-04-08,0.00135052560706007
2024-04-09,0.00127403099726598
2024-04-10,0.00126406068584818
2024-04-11,0.00127429993832384
2024-04-12,0.0012201067355541
2024-04-13,0.00115120789070406
2024-04-14,0.00122602067149195
2024-04-15,0.00134976288495357
2024-04-16,0.00130436735617538
2024-04-17,0.00131250688671113
2024-04-18,0.00123461690926287
2024-04-19,0.00127554827826502
2024-04-20,0.0012635864298863
2024-04-21,0.00115016277779511
2024-04-22,0.00110231320191002
2024-04-23,0.00104640670682833
2024-04-24,0.00103725346679818
2024-04-25,0.000989312547084563
2024-04-26,0.00101274226829514
2024-04-27,0.000958429093817291
2024-04-28,0.000919766083495543
2024-04-29,0.000872218674899592
2024-04-30,0.000827069476275853
2024-05-01,0.000803326542590894
2024-05-02,0.000924415434852117
2024-05-03,0.000991743828996398
2024-05-04,0.000947374403788658
2024-05-05,0.00112169395406243
2024-05-06,0.00108930961252407
2024-05-07,0.00103574205935726
2024-05-08,0.000999616663550559
2024-05-09,0.000967382366575297
2024-05-10,0.000941968085989514
2024-05-11,0.000943200431249682
2024-05-12,0.000969369014611964
2024-05-13,0.000921754916770221
2024-05-14,0.000882147101813004
2024-05-15,0.000868739490515732
2024-05-16,0.000858597196698434
2024-05-17,0.00108900796466547
2024-05-18,0.00104180358584907
2024-05-19,0.00102301089595287
2024-05-20,0.000977814605042904
2024-05-21,0.000938210608549154
2024-05-22,0.00119006065382049
2024-05-23,0.00114051117401776
2024-05-24,0.00109864157908182
2024-05-25,0.00106900815173758
2024-05-26,0.00102017710663693
2024-05-27,0.00097565267414025
2024-05-28,0.000938137481197496
2024-05-29,0.000900364732026978
2024-05-30,0.000873791055902816
2024-05-31,0.000840231494020933
2024-06-01,0.000806784616456277
2024-06-02,0.0007803574036527
2024-06-03,0.000741088561257831
2024-06-04,0.000704599222993315
2024-06-05,0.000685686739215326
2024-06-06,0.000687171466334101
2024-06-07,0.000656326515914723
2024-06-08,0.000626290456411052
2024-06-09,0.000624375000032649
2024-06-10,0.000595224467258586
2024-06-11,0.000565561351191012
2024-06-12,0.000544969258721379
2024-06-13,0.000585049330867725
2024-06-14,0.000565363041137323
2024-06-15,0.000566723099175496
2024-06-16,0.000553322492244361
2024-06-17,0.000527380621029845
2024-06-18,0.000505129048521545
2024-06-19,0.000494289154565852
2024-06-20,0.00049632245005077
2024-06-21,0.000475798683811797
2024-06-22,0.000460730234651005
2024-06-23,0.000450850047796533
2024-06-24,0.00043838866666904
2024-06-25,0.000446023487268308
2024-06-26,0.000562564788460796
2024-06-27,0.000558644065950552
2024-06-28,0.000544242364598579
2024-06-29,0.000531162460415441
2024-06-30,0.000534307458758345
2024-07-01,0.000517071848921518
2024-07-02,0.000537901338990042
2024-07-03,0.000518126651402882
2024-07-04,0.000510769836509192
2024-07-05,0.000557469387516997
2024-07-06,0.000714169070040721
2024-07-07,0.000696803447892929
2024-07-08,0.000712927850440017
2024-07-09,0.000773680969174929
2024-07-10,0.000751741214417744
2024-07-11,0.000746218434879198
2024-07-12,0.000717421999523182
2024-07-13,0.000689450554800007
2024-07-14,0.000664201254435481
2024-07-15,0.000666857043773339
2024-07-16,0.000686791815656391
2024-07-17,0.000882121030245866
2024-07-18,0.00084362192489188
2024-07-19,0.000815320933606052
2024-07-20,0.000783908736403443
2024-07-21,0.000842474192243237
2024-07-22,0.000808978328895866
2024-07-23,0.000781292233660955
2024-07-24,0.000752689868787857
2024-07-25,0.000755200185855176
2024-07-26,0.000727029600051811
2024-07-27,0.000697462180161523
2024-07-28,0.000719731040029969
2024-07-29,0.000686850780971422
2024-07-30,0.000657883209014309
2024-07-31,0.000656758015457986
2024-08-01,0.000641492086514811
2024-08-02,0.000649744756030993
2024-08-03,0.000638551237574884
2024-08-04,0.000821958486077836
2024-08-05,0.000808307879187515
2024-08-06,0.000899596066877254
2024-08-07,0.00121945068587813
2024-08-08,0.00120200126941581
2024-08-09,0.00118027050904104
2024-08-10,0.00182337989746129
2024-08-11,0.00170511943949553
2024-08-12,0.00161984125647846
2024-08-13,0.00159904281647682
2024-08-14,0.00151354741945571
2024-08-15,0.00147147501848926
2024-08-16,0.00144917594405066
2024-08-17,0.00140452114085167
2024-08-18,0.00135912083419916
2024-08-19,0.00129353713471655
2024-08-20,0.00124561184983685
2024-08-21,0.00119469815050488
2024-08-22,0.001140083192661
2024-08-23,0.00114563267330706
2024-08-24,0.00110044438110594
2024-08-25,0.00121660966468586
2024-08-26,0.00115943306693334
2024-08-27,0.00110483175265341
2024-08-28,0.00108227123279233
2024-08-29,0.00120803815628403
2024-08-30,0.00116157150335289
2024-08-31,0.00110964329384797
2024-09-01,0.00105985745385403
2024-09-02,0.00101140083381168
2024-09-03,0.00101291637292584
2024-09-04,0.00101030045214146
2024-09-05,0.00100101188778788
2024-09-06,0.000957318104833318
2024-09-07,0.000967024667542521
2024-09-08,0.00101892510467565
2024-09-09,0.000974616178327438
2024-09-10,0.000943521468993557
2024-09-11,0.000983016765097647
2024-09-12,0.000946729752866895
2024-09-13,0.000905030769150752
2024-09-14,0.000878522575707388
2024-09-15,0.000921278942570702
2024-09-16,0.000883174526033918
2024-09-17,0.000857258632350268
2024-09-18,0.000835712693797067
2024-09-19,0.000858243389227158
2024-09-20,0.0008566465704603
2024-09-21,0.000839163439827661
2024-09-22,0.000803838242396649
2024-09-23,0.000766854624010592
2024-09-24,0.00073187363302175
2024-09-25,0.00069921277076854
2024-09-26,0.000680953578841492
2024-09-27,0.000673940109194293
2024-09-28,0.000691354639102819
2024-09-29,0.000664630802288167
2024-09-30,0.000636580133700111
2024-10-01,0.000615643868224535
2024-10-02,0.000664311812953687
2024-10-03,0.000736330525531599
2024-10-04,0.000709023398894202
2024-10-05,0.000678426537959112
2024-10-06,0.000671832733254972
2024-10-07,0.000642670083127883
2024-10-08,0.000619955441647202
2024-10-09,0.000598030810951309
2024-10-10,0.000573444606263676
2024-10-11,0.000585818549709495
2024-10-12,0.000572916617829142
2024-10-13,0.000611767278224719
2024-10-14,0.000594386828563543
2024-10-15,0.000579560147070525
2024-10-16,0.000689496819686768
2024-10-17,0.00067294120617283
2024-10-18,0.000648347919361364
2024-10-19,0.000620015306084876
2024-10-20,0.000602846905342607
2024-10-21,0.000575351296600909
2024-10-22,0.000556128805289091
2024-10-23,0.000565934264968439
2024-10-24,0.000545634503610239
2024-10-25,0.00053259106998843
2024-10-26,0.000537955483214366
2024-10-27,0.000540414961470602
2024-10-28,0.000517736321264067
2024-10-29,0.00050915198039036
2024-10-30,0.000536853582265319
2024-10-31,0.000604749675296014
