"Index","Forecasts"
"2017-08-17",NA
"2017-08-18",NA
"2017-08-19",NA
"2017-08-20",NA
"2017-08-21",NA
"2017-08-22",NA
"2017-08-23",NA
"2017-08-24",NA
"2017-08-25",NA
"2017-08-26",0.833109437290287
"2017-08-27",0.812572964955249
"2017-08-28",0.772993796785203
"2017-08-29",0.760377604575905
"2017-08-30",0.764899902406603
"2017-08-31",0.758714612093966
"2017-09-01",0.514568886595075
"2017-09-02",0.646668289963459
"2017-09-03",0.674707543015074
"2017-09-04",0.771020690722558
"2017-09-05",1.01583527458419
"2017-09-06",1.03690566886867
"2017-09-07",1.04411580256392
"2017-09-08",1.13540257054694
"2017-09-09",1.14179082113924
"2017-09-10",1.19232842912388
"2017-09-11",1.1954000484878
"2017-09-12",1.14319665674006
"2017-09-13",1.15109520245803
"2017-09-14",1.29263767034712
"2017-09-15",1.46479360658037
"2017-09-16",1.5009340305558
"2017-09-17",1.49767674667176
"2017-09-18",1.45389273778966
"2017-09-19",1.45427897042929
"2017-09-20",1.4185428806718
"2017-09-21",1.43598101107062
"2017-09-22",1.42779268306972
"2017-09-23",1.41153233649575
"2017-09-24",1.22689307736708
"2017-09-25",0.805915238590913
"2017-09-26",0.708814235072812
"2017-09-27",0.734173080899113
"2017-09-28",0.666721998834144
"2017-09-29",0.677096659864469
"2017-09-30",0.676553335232489
"2017-10-01",0.626566238503925
"2017-10-02",0.607569085868766
"2017-10-03",0.598503385500299
"2017-10-04",0.605581376630595
"2017-10-05",0.574105653042644
"2017-10-06",0.572239284326944
"2017-10-07",0.509911698556144
"2017-10-08",0.513467610025369
"2017-10-09",0.508183381138572
"2017-10-10",0.50942064033023
"2017-10-11",0.507553431347602
"2017-10-12",0.616786604961934
"2017-10-13",0.635626388041742
"2017-10-14",0.636835649913319
"2017-10-15",0.6738339031342
"2017-10-16",0.677022509567813
"2017-10-17",0.682452247329294
"2017-10-18",0.737928316921419
"2017-10-19",0.714342053865961
"2017-10-20",0.741618954377481
"2017-10-21",0.751494090879963
"2017-10-22",0.673811488945894
"2017-10-23",0.668574735234132
"2017-10-24",0.695210973722512
"2017-10-25",0.676519009615803
"2017-10-26",0.684934076821346
"2017-10-27",0.691799580272497
"2017-10-28",0.623596890881919
"2017-10-29",0.67315322261824
"2017-10-30",0.627531225385924
"2017-10-31",0.636007349281341
"2017-11-01",0.644104804542265
"2017-11-02",0.655520925439143
"2017-11-03",0.630284285541109
"2017-11-04",0.635638504177966
"2017-11-05",0.630065210941658
"2017-11-06",0.641528880981068
"2017-11-07",0.64380549623288
"2017-11-08",0.750032236965712
"2017-11-09",0.75917396712571
"2017-11-10",0.868784233928508
"2017-11-11",0.907316773237432
"2017-11-12",1.09597090952095
"2017-11-13",1.18827355544638
"2017-11-14",1.17558148917273
"2017-11-15",1.21133097699031
"2017-11-16",1.24372202472153
"2017-11-17",1.25527694000209
"2017-11-18",1.17240761145813
"2017-11-19",1.17582612978395
"2017-11-20",1.0888706565215
"2017-11-21",1.06155547199795
"2017-11-22",0.82694116334412
"2017-11-23",0.670482911583249
"2017-11-24",0.675955414839924
"2017-11-25",0.640539146814093
"2017-11-26",0.592059890491396
"2017-11-27",0.579904579637598
"2017-11-28",0.569287773123752
"2017-11-29",1.01890179518258
"2017-11-30",1.19410518195266
"2017-12-01",1.25918893421224
"2017-12-02",1.26638084739739
"2017-12-03",1.31398924183926
"2017-12-04",1.31748613554485
"2017-12-05",1.30076068634805
"2017-12-06",1.36060753333221
"2017-12-07",1.54158352859374
"2017-12-08",1.66055971272829
"2017-12-09",1.62704326395875
"2017-12-10",1.6673155029841
"2017-12-11",1.67516405118275
"2017-12-12",1.68010139942845
"2017-12-13",1.68125932536834
"2017-12-14",1.67795231356267
"2017-12-15",1.70167930976895
"2017-12-16",1.68094540661298
"2017-12-17",1.52036027375964
"2017-12-18",1.43664860557764
"2017-12-19",1.280291529826
"2017-12-20",1.18702078329417
"2017-12-21",1.26008626832069
"2017-12-22",1.66013746650291
"2017-12-23",1.67550862103416
"2017-12-24",1.74561088597821
"2017-12-25",1.75677272810477
"2017-12-26",1.79032471912538
"2017-12-27",1.83677678212247
"2017-12-28",1.86773514841787
"2017-12-29",1.82576623924747
"2017-12-30",1.84708896110944
"2017-12-31",1.7870921931427
"2018-01-01",1.42968552476661
"2018-01-02",1.47286280949697
"2018-01-03",1.39676398509062
"2018-01-04",1.37914790002586
"2018-01-05",1.36997644922833
"2018-01-06",1.30752677157236
"2018-01-07",1.23533337532402
"2018-01-08",1.42060964693405
"2018-01-09",1.31385594843553
"2018-01-10",1.29881929171698
"2018-01-11",1.52372832361328
"2018-01-12",1.46507074589429
"2018-01-13",1.45748857044056
"2018-01-14",1.48504578259664
"2018-01-15",1.42073628340966
"2018-01-16",1.87377983788565
"2018-01-17",2.01251936435831
"2018-01-18",1.91253148472329
"2018-01-19",1.92871332140325
"2018-01-20",1.93374843160719
"2018-01-21",1.80784737985295
"2018-01-22",1.85897583556344
"2018-01-23",1.89869603610609
"2018-01-24",1.87899096465849
"2018-01-25",1.87656992102916
"2018-01-26",1.45725276673914
"2018-01-27",1.24692818886303
"2018-01-28",1.20179980027866
"2018-01-29",1.15566589087181
"2018-01-30",1.15035914936593
"2018-01-31",1.07129537514037
"2018-02-01",1.04025948611655
"2018-02-02",1.0446656235078
"2018-02-03",1.09032256512194
"2018-02-04",1.18217894609276
"2018-02-05",1.3336030041273
"2018-02-06",1.55740710590327
"2018-02-07",1.62788942931182
"2018-02-08",1.61636889288724
"2018-02-09",1.60325886261623
"2018-02-10",1.62340359381805
"2018-02-11",1.57220672960781
"2018-02-12",1.54626941372336
"2018-02-13",1.50002984802981
"2018-02-14",1.44759799695072
"2018-02-15",1.28812999155422
"2018-02-16",1.00224311784366
"2018-02-17",0.906389252683418
"2018-02-18",0.96300968301889
"2018-02-19",0.938896951917416
"2018-02-20",0.895186055774788
"2018-02-21",0.896911663370274
"2018-02-22",0.911231669279181
"2018-02-23",0.924948093397825
"2018-02-24",0.935278237749894
"2018-02-25",0.908448488251457
"2018-02-26",0.948452384147393
"2018-02-27",0.92676944726029
"2018-02-28",0.890842510063052
"2018-03-01",0.878328036977509
"2018-03-02",0.867276943574292
"2018-03-03",0.82082699703523
"2018-03-04",0.744273230455356
"2018-03-05",0.699901348404203
"2018-03-06",0.653826844214648
"2018-03-07",0.776111463213114
"2018-03-08",0.773305397872012
"2018-03-09",0.830569298420997
"2018-03-10",0.845450136191408
"2018-03-11",0.921071142070947
"2018-03-12",0.983182735498147
"2018-03-13",0.996764630399394
"2018-03-14",1.11121738476854
"2018-03-15",1.14764914355279
"2018-03-16",1.15071431695408
"2018-03-17",1.08294225271756
"2018-03-18",1.10208661510917
"2018-03-19",1.06094412248315
"2018-03-20",1.0595253127255
"2018-03-21",0.977003226894232
"2018-03-22",0.933239566168342
"2018-03-23",0.935695951298673
"2018-03-24",0.804103496257342
"2018-03-25",0.755074266577561
"2018-03-26",0.752403502406262
"2018-03-27",0.73748167769675
"2018-03-28",0.64283339684332
"2018-03-29",0.737140892065278
"2018-03-30",0.750025693940534
"2018-03-31",0.761224953825792
"2018-04-01",0.780942904689829
"2018-04-02",0.763521342970917
"2018-04-03",0.772818373723307
"2018-04-04",0.826399019702214
"2018-04-05",0.800285017910954
"2018-04-06",0.794602961531522
"2018-04-07",0.81041801732179
"2018-04-08",0.697172995396311
"2018-04-09",0.676570412354442
"2018-04-10",0.656345585168161
"2018-04-11",0.599563631641129
"2018-04-12",0.783004655777423
"2018-04-13",0.777209574859693
"2018-04-14",0.726048843594082
"2018-04-15",0.727777613969825
"2018-04-16",0.739588556220809
"2018-04-17",0.719494670440655
"2018-04-18",0.726117541036257
"2018-04-19",0.684664384560148
"2018-04-20",0.728231756324529
"2018-04-21",0.740904062514985
"2018-04-22",0.529466447551758
"2018-04-23",0.500189528564684
"2018-04-24",0.547818511065156
"2018-04-25",0.625248380613599
"2018-04-26",0.630778553745035
"2018-04-27",0.639407146907268
"2018-04-28",0.651186381227316
"2018-04-29",0.659701685967992
"2018-04-30",0.61200361304602
"2018-05-01",0.609061436875967
"2018-05-02",0.608879695175954
"2018-05-03",0.64129945103188
"2018-05-04",0.591772257632374
"2018-05-05",0.494605654035228
"2018-05-06",0.474443087246642
"2018-05-07",0.472886518927246
"2018-05-08",0.455634876479529
"2018-05-09",0.458291719485435
"2018-05-10",0.466951934680927
"2018-05-11",0.501787079629689
"2018-05-12",0.523663856616085
"2018-05-13",0.50471705755581
"2018-05-14",0.539937130943569
"2018-05-15",0.55406684206465
"2018-05-16",0.546690989997863
"2018-05-17",0.551593811560229
"2018-05-18",0.55148180820236
"2018-05-19",0.544088934265384
"2018-05-20",0.549866659668267
"2018-05-21",0.506466092179919
"2018-05-22",0.504472242611435
"2018-05-23",0.533347655106715
"2018-05-24",0.523426098458318
"2018-05-25",0.516742382146048
"2018-05-26",0.511731569454074
"2018-05-27",0.483957476832911
"2018-05-28",0.491089492150415
"2018-05-29",0.524020883639197
"2018-05-30",0.514206804986175
"2018-05-31",0.525617102707717
"2018-06-01",0.506535380075547
"2018-06-02",0.458030051291962
"2018-06-03",0.423589710459227
"2018-06-04",0.419380140296357
"2018-06-05",0.419248866686498
"2018-06-06",0.423729110701013
"2018-06-07",0.396516426620362
"2018-06-08",0.341449636513102
"2018-06-09",0.330631766194492
"2018-06-10",0.478436262423693
"2018-06-11",0.487978986453558
"2018-06-12",0.520468339981901
"2018-06-13",0.570285388329519
"2018-06-14",0.596972227996014
"2018-06-15",0.599750969101281
"2018-06-16",0.603206332434332
"2018-06-17",0.605564417905769
"2018-06-18",0.63169033620898
"2018-06-19",0.63039961868549
"2018-06-20",0.519300711597747
"2018-06-21",0.502817906407226
"2018-06-22",0.604177622009937
"2018-06-23",0.566515610845101
"2018-06-24",0.584346335904553
"2018-06-25",0.584116475177621
"2018-06-26",0.585009639246522
"2018-06-27",0.590142368598971
"2018-06-28",0.585096132384589
"2018-06-29",0.636074508312684
"2018-06-30",0.645836810647531
"2018-07-01",0.649936712032365
"2018-07-02",0.5518665473671
"2018-07-03",0.546765679543856
"2018-07-04",0.506597268599381
"2018-07-05",0.5009171298796
"2018-07-06",0.49790620031885
"2018-07-07",0.505870704721189
"2018-07-08",0.476791254552352
"2018-07-09",0.406509703866702
"2018-07-10",0.420821933382797
"2018-07-11",0.415258036010466
"2018-07-12",0.396909805777084
"2018-07-13",0.40161100486562
"2018-07-14",0.37661478174259
"2018-07-15",0.366237141482009
"2018-07-16",0.401629686931545
"2018-07-17",0.516648247264734
"2018-07-18",0.535530700132235
"2018-07-19",0.543369112733007
"2018-07-20",0.535377031535035
"2018-07-21",0.541797717922777
"2018-07-22",0.529636642780256
"2018-07-23",0.548302383118278
"2018-07-24",0.619896898224919
"2018-07-25",0.635816945714943
"2018-07-26",0.630281527873492
"2018-07-27",0.552113477232462
"2018-07-28",0.535609067482415
"2018-07-29",0.524783230360541
"2018-07-30",0.518401561505717
"2018-07-31",0.55043922073969
"2018-08-01",0.556219710748888
"2018-08-02",0.534642606132492
"2018-08-03",0.455662553577247
"2018-08-04",0.489163929735626
"2018-08-05",0.465214702091677
"2018-08-06",0.452862287248981
"2018-08-07",0.49589355784399
"2018-08-08",0.568322501803624
"2018-08-09",0.586793945177362
"2018-08-10",0.608942328288754
"2018-08-11",0.647148256076511
"2018-08-12",0.660291522787171
"2018-08-13",0.679663627773767
"2018-08-14",0.662197974559713
"2018-08-15",0.688540614356224
"2018-08-16",0.685260922894413
"2018-08-17",0.666742682666437
"2018-08-18",0.622737543116801
"2018-08-19",0.596502824881821
"2018-08-20",0.553710210711039
"2018-08-21",0.508102264844689
"2018-08-22",0.563285402588589
"2018-08-23",0.540728992507476
"2018-08-24",0.524334764664821
"2018-08-25",0.484811285539734
"2018-08-26",0.475960366291914
"2018-08-27",0.473048259209515
"2018-08-28",0.461991556681544
"2018-08-29",0.4577635511999
"2018-08-30",0.450081939186206
"2018-08-31",0.440562582815998
"2018-09-01",0.346875816144785
"2018-09-02",0.341302051742519
"2018-09-03",0.320603904296336
"2018-09-04",0.323515467931315
"2018-09-05",0.438857726144611
"2018-09-06",0.471278638439464
"2018-09-07",0.467966096827688
"2018-09-08",0.491489537047315
"2018-09-09",0.497602895730333
"2018-09-10",0.495363073293956
"2018-09-11",0.495355981195619
"2018-09-12",0.493478007211048
"2018-09-13",0.498537444912008
"2018-09-14",0.501547953552643
"2018-09-15",0.395907802496683
"2018-09-16",0.339204845912094
"2018-09-17",0.359609479021056
"2018-09-18",0.322245051201823
"2018-09-19",0.345225817939605
"2018-09-20",0.352313386805454
"2018-09-21",0.359831921790416
"2018-09-22",0.363441519342336
"2018-09-23",0.355761964039171
"2018-09-24",0.35222514727849
"2018-09-25",0.370116096909627
"2018-09-26",0.372446416925341
"2018-09-27",0.366931638197412
"2018-09-28",0.379476248368615
"2018-09-29",0.337388438636902
"2018-09-30",0.327014007200884
"2018-10-01",0.306407252785907
"2018-10-02",0.298696792028736
"2018-10-03",0.298422502131265
"2018-10-04",0.294704440409771
"2018-10-05",0.27716107627255
"2018-10-06",0.266865533583406
"2018-10-07",0.229177414413918
"2018-10-08",0.20061211265585
"2018-10-09",0.187418502351221
"2018-10-10",0.187567288462436
"2018-10-11",0.267853429267897
"2018-10-12",0.269303305337237
"2018-10-13",0.264981883402783
"2018-10-14",0.262227993478313
"2018-10-15",0.656954745860085
"2018-10-16",0.663960836161003
"2018-10-17",0.66463988904747
"2018-10-18",0.670267286973231
"2018-10-19",0.671818602059419
"2018-10-20",0.67114545119329
"2018-10-21",0.640348477273052
"2018-10-22",0.637932129825261
"2018-10-23",0.63835246718634
"2018-10-24",0.637385723024719
"2018-10-25",0.19877329661128
"2018-10-26",0.174093027421996
"2018-10-27",0.168977833732288
"2018-10-28",0.135537453576473
"2018-10-29",0.152398471953081
"2018-10-30",0.147986636220435
"2018-10-31",0.167974756604532
"2018-11-01",0.167078801579911
"2018-11-02",0.166483619588256
"2018-11-03",0.168277837143965
"2018-11-04",0.182753239333171
"2018-11-05",0.181742289846839
"2018-11-06",0.180757122982121
"2018-11-07",0.185181965359638
"2018-11-08",0.17184146173366
"2018-11-09",0.177173745886776
"2018-11-10",0.156559401946336
"2018-11-11",0.158450766246097
"2018-11-12",0.158815937392565
"2018-11-13",0.160407520273794
"2018-11-14",0.440096503714958
"2018-11-15",0.525735997360066
"2018-11-16",0.539161462911471
"2018-11-17",0.539181798124431
"2018-11-18",0.539916909893998
"2018-11-19",0.714832059711953
"2018-11-20",0.856497001763144
"2018-11-21",0.890389572673703
"2018-11-22",0.927354571581052
"2018-11-23",0.944007192362147
"2018-11-24",0.991703560402202
"2018-11-25",1.05045309793848
"2018-11-26",1.11396828609284
"2018-11-27",1.13094731653754
"2018-11-28",1.1931568931266
"2018-11-29",1.12013712723092
"2018-11-30",1.0573694263248
"2018-12-01",1.05766573987733
"2018-12-02",1.03610747080415
"2018-12-03",1.05469520548918
"2018-12-04",0.949713284699985
"2018-12-05",0.854389351691224
"2018-12-06",0.828471757557263
"2018-12-07",0.855827733287737
"2018-12-08",0.803503539762968
"2018-12-09",0.802738029936164
"2018-12-10",0.775797266494222
"2018-12-11",0.747696144878893
"2018-12-12",0.74287141467298
"2018-12-13",0.716979109842743
"2018-12-14",0.692946238493507
"2018-12-15",0.679235721671113
"2018-12-16",0.601643867731517
"2018-12-17",0.62124583308485
"2018-12-18",0.609891639563248
"2018-12-19",0.612411530230735
"2018-12-20",0.691234337599181
"2018-12-21",0.737001484350468
"2018-12-22",0.741915782969231
"2018-12-23",0.727644875394453
"2018-12-24",0.741434340420553
"2018-12-25",0.791095670370074
"2018-12-26",0.798222472387198
"2018-12-27",0.761989204166946
"2018-12-28",0.784008282681508
"2018-12-29",0.768982342078881
"2018-12-30",0.695584921754242
"2018-12-31",0.648622754332631
"2019-01-01",0.645281622234841
"2019-01-02",0.643213401282655
"2019-01-03",0.618656205908406
"2019-01-04",0.550513912401495
"2019-01-05",0.535339226822823
"2019-01-06",0.53290519842853
"2019-01-07",0.4554363407255
"2019-01-08",0.437605149333127
"2019-01-09",0.394216861431081
"2019-01-10",0.520774983601099
"2019-01-11",0.528821373853707
"2019-01-12",0.523634941191667
"2019-01-13",0.533366326061244
"2019-01-14",0.553024727680713
"2019-01-15",0.559697129474084
"2019-01-16",0.518875063603954
"2019-01-17",0.521205508208834
"2019-01-18",0.507316986163853
"2019-01-19",0.514736754903877
"2019-01-20",0.402758758904353
"2019-01-21",0.37418240110801
"2019-01-22",0.396373429733933
"2019-01-23",0.376591391333974
"2019-01-24",0.336992611772688
"2019-01-25",0.322443243507129
"2019-01-26",0.326398939212429
"2019-01-27",0.32416929560564
"2019-01-28",0.357077160638844
"2019-01-29",0.351457137170136
"2019-01-30",0.308475329218629
"2019-01-31",0.306110144998098
"2019-02-01",0.277216800743874
"2019-02-02",0.275895413686671
"2019-02-03",0.281276888679962
"2019-02-04",0.279464181205309
"2019-02-05",0.262268635574512
"2019-02-06",0.265874592507325
"2019-02-07",0.217268189144268
"2019-02-08",0.369825984888156
"2019-02-09",0.363747195516647
"2019-02-10",0.363875971732251
"2019-02-11",0.360329811648161
"2019-02-12",0.359575416403061
"2019-02-13",0.357779524385969
"2019-02-14",0.358307397696789
"2019-02-15",0.363630332595869
"2019-02-16",0.354441794139744
"2019-02-17",0.361935143758971
"2019-02-18",0.286274044828755
"2019-02-19",0.302515486083897
"2019-02-20",0.309430338195132
"2019-02-21",0.316759742213498
"2019-02-22",0.312093733201
"2019-02-23",0.350778550844114
"2019-02-24",0.511988320191499
"2019-02-25",0.518607076720045
"2019-02-26",0.519457454670504
"2019-02-27",0.529866159470529
"2019-02-28",0.492948643293594
"2019-03-01",0.482236061960384
"2019-03-02",0.476882361125565
"2019-03-03",0.470429065064746
"2019-03-04",0.485773537061564
"2019-03-05",0.475019940533929
"2019-03-06",0.299409602675766
"2019-03-07",0.284419681124401
"2019-03-08",0.298562261410265
"2019-03-09",0.283126522662335
"2019-03-10",0.269486443013322
"2019-03-11",0.280189526327217
"2019-03-12",0.281692190231893
"2019-03-13",0.281578316359552
"2019-03-14",0.264379949865259
"2019-03-15",0.230198135334662
"2019-03-16",0.241205798701737
"2019-03-17",0.240442348823424
"2019-03-18",0.225812708569346
"2019-03-19",0.211631327534582
"2019-03-20",0.212749424519855
"2019-03-21",0.243775532100007
"2019-03-22",0.237544556534078
"2019-03-23",0.235808354649791
"2019-03-24",0.223447140505946
"2019-03-25",0.233540725205473
"2019-03-26",0.215336033877088
"2019-03-27",0.226843885152233
"2019-03-28",0.219474965470095
"2019-03-29",0.227164356558459
"2019-03-30",0.23048378620574
"2019-03-31",0.180193238056797
"2019-04-01",0.190263098746522
"2019-04-02",0.547621802120718
"2019-04-03",0.632179609778478
"2019-04-04",0.647324067377057
"2019-04-05",0.65175471760178
"2019-04-06",0.667340741381426
"2019-04-07",0.678188596918136
"2019-04-08",0.692199855548146
"2019-04-09",0.695725048015652
"2019-04-10",0.714941443931884
"2019-04-11",0.751787777996527
"2019-04-12",0.564610628085781
"2019-04-13",0.469553816596144
"2019-04-14",0.449719580670572
"2019-04-15",0.459614000113252
"2019-04-16",0.443689496446935
"2019-04-17",0.428805790702641
"2019-04-18",0.402135257593046
"2019-04-19",0.39956511428822
"2019-04-20",0.368109823748164
"2019-04-21",0.290549624857542
"2019-04-22",0.279994588216558
"2019-04-23",0.31234896101773
"2019-04-24",0.329462810237061
"2019-04-25",0.376914248795013
"2019-04-26",0.410525343250645
"2019-04-27",0.410486145300872
"2019-04-28",0.409889732477553
"2019-04-29",0.410875320507755
"2019-04-30",0.415476615642062
"2019-05-01",0.409151227125311
"2019-05-02",0.405041534535263
"2019-05-03",0.425320499734243
"2019-05-04",0.434944563266716
"2019-05-05",0.379702508035925
"2019-05-06",0.337787061535213
"2019-05-07",0.364709936868985
"2019-05-08",0.383057171125636
"2019-05-09",0.391618156965489
"2019-05-10",0.408260554897091
"2019-05-11",0.594073516053444
"2019-05-12",0.673744412618676
"2019-05-13",0.817915762518405
"2019-05-14",0.85310143280537
"2019-05-15",0.86313087734444
"2019-05-16",0.889024954011939
"2019-05-17",0.971636675883473
"2019-05-18",0.971674202599751
"2019-05-19",1.04686921716547
"2019-05-20",1.06327865153779
"2019-05-21",0.976194473926435
"2019-05-22",0.943719236088991
"2019-05-23",0.820172437372333
"2019-05-24",0.778319420107064
"2019-05-25",0.766591773633811
"2019-05-26",0.803009245174198
"2019-05-27",0.694471939500847
"2019-05-28",0.690442190947052
"2019-05-29",0.570399488451635
"2019-05-30",0.646089591862484
"2019-05-31",0.661889727454566
"2019-06-01",0.628397028134748
"2019-06-02",0.607439226698557
"2019-06-03",0.646257402567728
"2019-06-04",0.689124076455507
"2019-06-05",0.615533820554974
"2019-06-06",0.628569116530773
"2019-06-07",0.635910470590987
"2019-06-08",0.63428498442782
"2019-06-09",0.532719108191768
"2019-06-10",0.540736978701727
"2019-06-11",0.550836060006431
"2019-06-12",0.563618535777397
"2019-06-13",0.511844209991113
"2019-06-14",0.488334309580715
"2019-06-15",0.48263377075536
"2019-06-16",0.491802067012159
"2019-06-17",0.499277637849034
"2019-06-18",0.503051738335326
"2019-06-19",0.487332996758735
"2019-06-20",0.464230426245499
"2019-06-21",0.491848866122131
"2019-06-22",0.588921285285264
"2019-06-23",0.623565228870246
"2019-06-24",0.609775790507459
"2019-06-25",0.640015850881127
"2019-06-26",0.80951661486908
"2019-06-27",1.09624225729971
"2019-06-28",1.15677747182031
"2019-06-29",1.17734883904514
"2019-06-30",1.22906940635897
"2019-07-01",1.26437536786602
"2019-07-02",1.26419786405213
"2019-07-03",1.28022867399422
"2019-07-04",1.29631106836082
"2019-07-05",1.28843902057147
"2019-07-06",1.18856909739998
"2019-07-07",0.923912495672763
"2019-07-08",0.886052544911191
"2019-07-09",0.869384235559545
"2019-07-10",0.87542229589298
"2019-07-11",0.850579513281385
"2019-07-12",0.8007415510605
"2019-07-13",0.784047349592038
"2019-07-14",0.836027622278881
"2019-07-15",0.895639260726745
"2019-07-16",1.01078862846859
"2019-07-17",1.04444055930635
"2019-07-18",1.10791360726461
"2019-07-19",1.10973094704359
"2019-07-20",1.05852269015604
"2019-07-21",1.02820139198112
"2019-07-22",1.01969764338708
"2019-07-23",0.997961342020277
"2019-07-24",0.930289643507962
"2019-07-25",0.868027692526295
"2019-07-26",0.710126530360631
"2019-07-27",0.702038155744022
"2019-07-28",0.539761518687174
"2019-07-29",0.51642055212888
"2019-07-30",0.484152506065674
"2019-07-31",0.490532234682302
"2019-08-01",0.494208501193764
"2019-08-02",0.481674962366188
"2019-08-03",0.478281015464072
"2019-08-04",0.47780338088006
"2019-08-05",0.543361388205916
"2019-08-06",0.55280018680319
"2019-08-07",0.569984307250618
"2019-08-08",0.57709844544954
"2019-08-09",0.575309771175081
"2019-08-10",0.580163954122529
"2019-08-11",0.566336078061153
"2019-08-12",0.56239266429508
"2019-08-13",0.580125446128452
"2019-08-14",0.631481175257034
"2019-08-15",0.593955777653049
"2019-08-16",0.571535905350534
"2019-08-17",0.554102810854024
"2019-08-18",0.550502142113479
"2019-08-19",0.576879256371213
"2019-08-20",0.556452522194351
"2019-08-21",0.60916756335823
"2019-08-22",0.619863844156899
"2019-08-23",0.605485204984824
"2019-08-24",0.557425496026422
"2019-08-25",0.547804912400424
"2019-08-26",0.512506502134412
"2019-08-27",0.503644433201288
"2019-08-28",0.53311834664539
"2019-08-29",0.513238372070881
"2019-08-30",0.513258728710229
"2019-08-31",0.437977673771965
"2019-09-01",0.42408494738533
"2019-09-02",0.462472460651705
"2019-09-03",0.457871561197338
"2019-09-04",0.456551864128537
"2019-09-05",0.454052100522043
"2019-09-06",0.494130772276294
"2019-09-07",0.451937107961059
"2019-09-08",0.447416306382782
"2019-09-09",0.450417661301911
"2019-09-10",0.461144322079231
"2019-09-11",0.46770866723852
"2019-09-12",0.428319787571256
"2019-09-13",0.411616720111487
"2019-09-14",0.396800370667623
"2019-09-15",0.376574864158972
"2019-09-16",0.316737544671691
"2019-09-17",0.309843813592857
"2019-09-18",0.292306558224107
"2019-09-19",0.335959933618854
"2019-09-20",0.316722165838692
"2019-09-21",0.302840571657057
"2019-09-22",0.286330749525934
"2019-09-23",0.305027418182495
"2019-09-24",0.758948690121053
"2019-09-25",0.780741196062326
"2019-09-26",0.822121714282973
"2019-09-27",0.835799300094556
"2019-09-28",0.842726651974439
"2019-09-29",0.827238650862469
"2019-09-30",0.858674356379895
"2019-10-01",0.862915596584511
"2019-10-02",0.863843566436289
"2019-10-03",0.862149806192321
"2019-10-04",0.514062174416314
"2019-10-05",0.48356279014761
"2019-10-06",0.425098143948202
"2019-10-07",0.445183295559968
"2019-10-08",0.43826068761096
"2019-10-09",0.465300090069734
"2019-10-10",0.407336855984576
"2019-10-11",0.439673456607954
"2019-10-12",0.435367346751511
"2019-10-13",0.430950077920318
"2019-10-14",0.427862346538211
"2019-10-15",0.4386629281942
"2019-10-16",0.427118263901313
"2019-10-17",0.381984761822452
"2019-10-18",0.389044457233575
"2019-10-19",0.343775851615521
"2019-10-20",0.370906236024622
"2019-10-21",0.317482083492235
"2019-10-22",0.332103429265683
"2019-10-23",0.433464787124809
"2019-10-24",0.433428544952723
"2019-10-25",0.68770869856777
"2019-10-26",0.920204829876205
"2019-10-27",0.946549259759584
"2019-10-28",0.96935433480113
"2019-10-29",0.978011681089984
"2019-10-30",0.974079383347389
"2019-10-31",0.985323758020715
"2019-11-01",0.982476010930318
"2019-11-02",0.938054828820836
"2019-11-03",0.940732890470524
"2019-11-04",0.7768490544781
"2019-11-05",0.47747613921154
"2019-11-06",0.420871349853796
"2019-11-07",0.35843534285536
"2019-11-08",0.375379241285583
"2019-11-09",0.354004915660878
"2019-11-10",0.341654034533621
"2019-11-11",0.366693117083232
"2019-11-12",0.378516233796818
"2019-11-13",0.368861369894827
"2019-11-14",0.353291518706892
"2019-11-15",0.368380654262111
"2019-11-16",0.366692353643024
"2019-11-17",0.369762477235079
"2019-11-18",0.355630426961531
"2019-11-19",0.360817650280848
"2019-11-20",0.344834956259251
"2019-11-21",0.395128479277686
"2019-11-22",0.55450824951236
"2019-11-23",0.563560807891167
"2019-11-24",0.593968769988401
"2019-11-25",0.691734410599496
"2019-11-26",0.703390873618233
"2019-11-27",0.776583279695625
"2019-11-28",0.767804312581381
"2019-11-29",0.788336656446782
"2019-11-30",0.797646159165941
"2019-12-01",0.77028393262545
"2019-12-02",0.664961486983615
"2019-12-03",0.658760904323379
"2019-12-04",0.687542659373206
"2019-12-05",0.589376054854376
"2019-12-06",0.584951856098876
"2019-12-07",0.476459956804261
"2019-12-08",0.468698192130497
"2019-12-09",0.45282219676099
"2019-12-10",0.440657273563322
"2019-12-11",0.423381198727044
"2019-12-12",0.418079318922542
"2019-12-13",0.415791203714625
"2019-12-14",0.324771158367669
"2019-12-15",0.304404222102837
"2019-12-16",0.31278789458941
"2019-12-17",0.352461335568547
"2019-12-18",0.561873288470763
"2019-12-19",0.559308227021104
"2019-12-20",0.552584064209146
"2019-12-21",0.55012034477705
"2019-12-22",0.567210589753066
"2019-12-23",0.591749106056137
"2019-12-24",0.592902988320174
"2019-12-25",0.590238736411607
"2019-12-26",0.585725640271403
"2019-12-27",0.565902666280491
"2019-12-28",0.354354750592522
"2019-12-29",0.338192203965937
"2019-12-30",0.342000788215615
"2019-12-31",0.348009075900628
"2020-01-01",0.307888033823039
"2020-01-02",0.281788328277221
"2020-01-03",0.343733053124631
"2020-01-04",0.34275784119623
"2020-01-05",0.33050422594467
"2020-01-06",0.367325268102849
"2020-01-07",0.40835972328343
"2020-01-08",0.452863882472935
"2020-01-09",0.461445878014205
"2020-01-10",0.498829362706898
"2020-01-11",0.508940436334024
"2020-01-12",0.501544748647874
"2020-01-13",0.44923435498725
"2020-01-14",0.526189679641052
"2020-01-15",0.535513787456488
"2020-01-16",0.512910737955632
"2020-01-17",0.49471192927632
"2020-01-18",0.447746192582453
"2020-01-19",0.501072226447742
"2020-01-20",0.464859136492489
"2020-01-21",0.46491223886077
"2020-01-22",0.463148594571126
"2020-01-23",0.480634769375695
"2020-01-24",0.405150549188282
"2020-01-25",0.392522525765684
"2020-01-26",0.398300838787832
"2020-01-27",0.410772602885623
"2020-01-28",0.444198742382854
"2020-01-29",0.372175906075472
"2020-01-30",0.383337042994004
"2020-01-31",0.38277039806394
"2020-02-01",0.379043081080841
"2020-02-02",0.3717674100115
"2020-02-03",0.377644113959728
"2020-02-04",0.380416365671347
"2020-02-05",0.405752335103442
"2020-02-06",0.386686265069805
"2020-02-07",0.345463155247163
"2020-02-08",0.347496724734149
"2020-02-09",0.336909726334515
"2020-02-10",0.346640014795228
"2020-02-11",0.391109978718735
"2020-02-12",0.379022750817706
"2020-02-13",0.379018550503161
"2020-02-14",0.378010883448452
"2020-02-15",0.373549568115458
"2020-02-16",0.380366761262628
"2020-02-17",0.410338943016298
"2020-02-18",0.452210166131111
"2020-02-19",0.525451714284753
"2020-02-20",0.517387313765801
"2020-02-21",0.485312560862936
"2020-02-22",0.482965752363079
"2020-02-23",0.478760581872848
"2020-02-24",0.499110548322262
"2020-02-25",0.487502205862391
"2020-02-26",0.534118307852409
"2020-02-27",0.532014025019644
"2020-02-28",0.515247378541665
"2020-02-29",0.44177372971595
"2020-03-01",0.447895550607386
"2020-03-02",0.472536058093257
"2020-03-03",0.479388345969164
"2020-03-04",0.471772160613839
"2020-03-05",0.464864103847171
"2020-03-06",0.448385045328273
"2020-03-07",0.389097646603693
"2020-03-08",0.480858004055538
"2020-03-09",0.500379384457221
"2020-03-10",0.517570466681037
"2020-03-11",0.526100858281616
"2020-03-12",1.87853615087066
"2020-03-13",2.33506022335927
"2020-03-14",2.35812547874038
"2020-03-15",2.40056033968479
"2020-03-16",2.46844763549022
"2020-03-17",2.49084912891625
"2020-03-18",2.48261893878446
"2020-03-19",2.54647327013119
"2020-03-20",2.61143836778448
"2020-03-21",2.62379785211683
"2020-03-22",1.92900244624056
"2020-03-23",1.41281821237749
"2020-03-24",1.38901357833139
"2020-03-25",1.32716339468867
"2020-03-26",1.20101254976358
"2020-03-27",1.17937789530045
"2020-03-28",1.16441627608143
"2020-03-29",1.01510806103333
"2020-03-30",0.895604273237435
"2020-03-31",0.850365236778293
"2020-04-01",0.819383180435237
"2020-04-02",0.739724661016765
"2020-04-03",0.735769233579135
"2020-04-04",0.714728861079008
"2020-04-05",0.710655185415663
"2020-04-06",0.704725683611076
"2020-04-07",0.703576999136824
"2020-04-08",0.683532976938541
"2020-04-09",0.588677926189811
"2020-04-10",0.629406564901352
"2020-04-11",0.582148076757893
"2020-04-12",0.534859502533034
"2020-04-13",0.518022836147202
"2020-04-14",0.504911377074343
"2020-04-15",0.516994108186722
"2020-04-16",0.553732242395718
"2020-04-17",0.535146498959725
"2020-04-18",0.536406705315361
"2020-04-19",0.532338388270986
"2020-04-20",0.516539179540645
"2020-04-21",0.516099671295574
"2020-04-22",0.507932530577687
"2020-04-23",0.569730601343716
"2020-04-24",0.568590831295992
"2020-04-25",0.559961500379571
"2020-04-26",0.465298600067242
"2020-04-27",0.464980712939322
"2020-04-28",0.451964616814233
"2020-04-29",0.636881645360213
"2020-04-30",0.703910732683768
"2020-05-01",0.71625305923844
"2020-05-02",0.706306995990505
"2020-05-03",0.66166418253574
"2020-05-04",0.672054417892958
"2020-05-05",0.674137636845163
"2020-05-06",0.688005298651065
"2020-05-07",0.762064160343887
"2020-05-08",0.767455038897527
"2020-05-09",0.628469348260964
"2020-05-10",0.720174047953776
"2020-05-11",0.782018580741156
"2020-05-12",0.792739683354539
"2020-05-13",0.801313125462334
"2020-05-14",0.816704827470041
"2020-05-15",0.838010112070793
"2020-05-16",0.83057527569554
"2020-05-17",0.780743217896999
"2020-05-18",0.788992190900892
"2020-05-19",0.790555018355248
"2020-05-20",0.62954087803777
"2020-05-21",0.586736870522678
"2020-05-22",0.576556860918952
"2020-05-23",0.545141491923348
"2020-05-24",0.539627344222214
"2020-05-25",0.504546081259393
"2020-05-26",0.502258765036245
"2020-05-27",0.489278145950125
"2020-05-28",0.494274957877101
"2020-05-29",0.484072302540436
"2020-05-30",0.473674861226308
"2020-05-31",0.412463964413208
"2020-06-01",0.495203633178793
"2020-06-02",0.574994198890341
"2020-06-03",0.547793518696309
"2020-06-04",0.552329217332985
"2020-06-05",0.548132298902946
"2020-06-06",0.533810324312123
"2020-06-07",0.524762196149491
"2020-06-08",0.519824810971397
"2020-06-09",0.512181231745778
"2020-06-10",0.509825084417159
"2020-06-11",0.496658200542591
"2020-06-12",0.407665946083075
"2020-06-13",0.396829731604956
"2020-06-14",0.380428462211091
"2020-06-15",0.418502463914297
"2020-06-16",0.419290014982247
"2020-06-17",0.410389106797747
"2020-06-18",0.412674760302824
"2020-06-19",0.407784765972561
"2020-06-20",0.404599842122864
"2020-06-21",0.301785994158747
"2020-06-22",0.325594744144518
"2020-06-23",0.325406085989466
"2020-06-24",0.349865566165973
"2020-06-25",0.310969592711058
"2020-06-26",0.314562487448008
"2020-06-27",0.320521794111725
"2020-06-28",0.323746791217376
"2020-06-29",0.323408711267559
"2020-06-30",0.318333385799537
"2020-07-01",0.322817205075824
"2020-07-02",0.299690846988838
"2020-07-03",0.297702415078904
"2020-07-04",0.262088455868172
"2020-07-05",0.252719797928428
"2020-07-06",0.260769455601953
"2020-07-07",0.236963991585718
"2020-07-08",0.235690150760338
"2020-07-09",0.242858173767837
"2020-07-10",0.246698378212203
"2020-07-11",0.239748040504671
"2020-07-12",0.222695070384403
"2020-07-13",0.225721472535652
"2020-07-14",0.226908462271421
"2020-07-15",0.213626570297272
"2020-07-16",0.194903325292201
"2020-07-17",0.18884696907765
"2020-07-18",0.174961044591477
"2020-07-19",0.154839348614563
"2020-07-20",0.144227726198983
"2020-07-21",0.167346800986321
"2020-07-22",0.180690759901754
"2020-07-23",0.188581408035184
"2020-07-24",0.188639039062036
"2020-07-25",0.197482115756287
"2020-07-26",0.236273756604926
"2020-07-27",0.485455014810336
"2020-07-28",0.520375212342807
"2020-07-29",0.538905223576691
"2020-07-30",0.54627217859768
"2020-07-31",0.554176929958604
"2020-08-01",0.572329345296932
"2020-08-02",0.715209891690241
"2020-08-03",0.727994793665584
"2020-08-04",0.73344298071131
"2020-08-05",0.742607043463146
"2020-08-06",0.615084956405121
"2020-08-07",0.605115250077213
"2020-08-08",0.59218070861626
"2020-08-09",0.589061482020155
"2020-08-10",0.596105914289662
"2020-08-11",0.61050446282181
"2020-08-12",0.446576403807365
"2020-08-13",0.444013462148359
"2020-08-14",0.432967694795798
"2020-08-15",0.399429685435386
"2020-08-16",0.39476831932394
"2020-08-17",0.403674135928686
"2020-08-18",0.421537572372262
"2020-08-19",0.432078389736684
"2020-08-20",0.405096838057783
"2020-08-21",0.358268297884751
"2020-08-22",0.345365856975265
"2020-08-23",0.320783742314201
"2020-08-24",0.321972235409744
"2020-08-25",0.357672615321971
"2020-08-26",0.360793803249131
"2020-08-27",0.338964410258909
"2020-08-28",0.314942815386512
"2020-08-29",0.294707920550709
"2020-08-30",0.297216991343011
"2020-08-31",0.285348930696111
"2020-09-01",0.306728135706345
"2020-09-02",0.368156304790682
"2020-09-03",0.562617471582137
"2020-09-04",0.58025063372412
"2020-09-05",0.616380227078114
"2020-09-06",0.612622888987723
"2020-09-07",0.62959833741115
"2020-09-08",0.652714281063781
"2020-09-09",0.658164549990505
"2020-09-10",0.666810438708979
"2020-09-11",0.65474253949818
"2020-09-12",0.62300622269448
"2020-09-13",0.464493789260078
"2020-09-14",0.435883715109481
"2020-09-15",0.385908846188179
"2020-09-16",0.390454441084517
"2020-09-17",0.365201278937116
"2020-09-18",0.325315643393465
"2020-09-19",0.317042455403013
"2020-09-20",0.309025431334513
"2020-09-21",0.363011440459379
"2020-09-22",0.363477925232508
"2020-09-23",0.365555780004331
"2020-09-24",0.374250990218462
"2020-09-25",0.367479618815557
"2020-09-26",0.35041351204677
"2020-09-27",0.345128720468779
"2020-09-28",0.35155294617718
"2020-09-29",0.348362116305872
"2020-09-30",0.337657002474339
"2020-10-01",0.305730023579072
"2020-10-02",0.310636226409291
"2020-10-03",0.288778258049182
"2020-10-04",0.23439988162458
"2020-10-05",0.232848670008757
"2020-10-06",0.240681989607297
"2020-10-07",0.236735791898263
"2020-10-08",0.248797248406948
"2020-10-09",0.251933440051654
"2020-10-10",0.273948453991054
"2020-10-11",0.243967086413737
"2020-10-12",0.27178059282786
"2020-10-13",0.278641021257481
"2020-10-14",0.283089890552234
"2020-10-15",0.295052805183128
"2020-10-16",0.298764565599959
"2020-10-17",0.298856857811679
"2020-10-18",0.277146945367064
"2020-10-19",0.287953697953786
"2020-10-20",0.277979264478334
"2020-10-21",0.423322136316103
"2020-10-22",0.414862886245641
"2020-10-23",0.415599640458136
"2020-10-24",0.415241821544229
"2020-10-25",0.417637598411978
"2020-10-26",0.422415089050932
"2020-10-27",0.455806885225059
"2020-10-28",0.505445060837991
"2020-10-29",0.52074777397399
"2020-10-30",0.527829417853212
"2020-10-31",0.44329811499228
"2020-11-01",0.431658994259957
"2020-11-02",0.449097540629851
"2020-11-03",0.476892814790048
"2020-11-04",0.491920352597999
"2020-11-05",0.587643605334934
"2020-11-06",0.582091704222312
"2020-11-07",0.609644194657895
"2020-11-08",0.616763710537465
"2020-11-09",0.638014486848244
"2020-11-10",0.624182662014167
"2020-11-11",0.6354564120255
"2020-11-12",0.642800266689768
"2020-11-13",0.626507738476075
"2020-11-14",0.618174375886469
"2020-11-15",0.521899030184386
"2020-11-16",0.533006868734484
"2020-11-17",0.50704926112909
"2020-11-18",0.517304385659299
"2020-11-19",0.496013866378253
"2020-11-20",0.521971696896864
"2020-11-21",0.515452043431593
"2020-11-22",0.521948113726446
"2020-11-23",0.528002362350519
"2020-11-24",0.561735307506968
"2020-11-25",0.578526407867126
"2020-11-26",0.725155998604709
"2020-11-27",0.710242518038222
"2020-11-28",0.699639695665829
"2020-11-29",0.699296969266963
"2020-11-30",0.727745850316396
"2020-12-01",0.781746461888963
"2020-12-02",0.775480270422559
"2020-12-03",0.773709059907838
"2020-12-04",0.754960383538801
"2020-12-05",0.746255936762172
"2020-12-06",0.581135783148089
"2020-12-07",0.557329588349084
"2020-12-08",0.557309540352377
"2020-12-09",0.563719808915559
"2020-12-10",0.506452022231784
"2020-12-11",0.422434506257566
"2020-12-12",0.41834442110943
"2020-12-13",0.417270502401794
"2020-12-14",0.391539660492472
"2020-12-15",0.384696058857025
"2020-12-16",0.507128344397728
"2020-12-17",0.61055182288603
"2020-12-18",0.597101179119916
"2020-12-19",0.602553481962894
"2020-12-20",0.613852417957573
"2020-12-21",0.67449559891957
"2020-12-22",0.685587298227003
"2020-12-23",0.704350573655379
"2020-12-24",0.716701774302238
"2020-12-25",0.732492936764689
"2020-12-26",0.706402643870131
"2020-12-27",0.686728879853071
"2020-12-28",0.693833110909256
"2020-12-29",0.69129936576451
"2020-12-30",0.696859411640617
"2020-12-31",0.645369827122299
"2021-01-01",0.623139612594687
"2021-01-02",0.730519119550072
"2021-01-03",0.761455275974153
"2021-01-04",0.919896698160414
"2021-01-05",0.973509188964221
"2021-01-06",0.976860365615007
"2021-01-07",1.01702838287846
"2021-01-08",1.08858909799487
"2021-01-09",1.0923281466121
"2021-01-10",1.19158480046612
"2021-01-11",1.37947582830705
"2021-01-12",1.36044850973111
"2021-01-13",1.41861920320995
"2021-01-14",1.33789229165707
"2021-01-15",1.34307461505106
"2021-01-16",1.32257819676087
"2021-01-17",1.30816129308019
"2021-01-18",1.25734163461265
"2021-01-19",1.25192530584054
"2021-01-20",1.17750737308426
"2021-01-21",1.07706228865674
"2021-01-22",1.12498578867778
"2021-01-23",1.03692485305173
"2021-01-24",1.02219926281262
"2021-01-25",0.961121689324474
"2021-01-26",0.957567847381322
"2021-01-27",0.978460819260753
"2021-01-28",1.02493446797211
"2021-01-29",1.1642715097649
"2021-01-30",1.14969552686897
"2021-01-31",1.04625124584879
"2021-02-01",0.951928907173432
"2021-02-02",0.958858500648223
"2021-02-03",0.955728760723838
"2021-02-04",0.939578133290139
"2021-02-05",0.928950805953449
"2021-02-06",0.894271576609367
"2021-02-07",0.830820129014939
"2021-02-08",0.874623791210386
"2021-02-09",0.87889821855806
"2021-02-10",0.889177105215634
"2021-02-11",0.915235467465183
"2021-02-12",0.905691324929934
"2021-02-13",0.893878481048935
"2021-02-14",0.885831767679075
"2021-02-15",0.90227520875887
"2021-02-16",0.906966544877771
"2021-02-17",0.914751195177227
"2021-02-18",0.662206466404076
"2021-02-19",0.706832082272343
"2021-02-20",0.697022792230111
"2021-02-21",0.643240604348186
"2021-02-22",0.844684577454844
"2021-02-23",1.01455418250441
"2021-02-24",1.0367781785813
"2021-02-25",1.06599847981946
"2021-02-26",1.0792097244413
"2021-02-27",1.07944859771489
"2021-02-28",1.10353186352976
"2021-03-01",1.10041361948294
"2021-03-02",1.0981623675344
"2021-03-03",1.12173071352282
"2021-03-04",0.997094589786235
"2021-03-05",0.838441468586397
"2021-03-06",0.804154362403288
"2021-03-07",0.748421035535093
"2021-03-08",0.716855212506809
"2021-03-09",0.704346603279514
"2021-03-10",0.702438245515267
"2021-03-11",0.663342480260719
"2021-03-12",0.655090042531723
"2021-03-13",0.665357176459284
"2021-03-14",0.626647209225919
"2021-03-15",0.67461514259489
"2021-03-16",0.691587973035309
"2021-03-17",0.723053992690233
"2021-03-18",0.716712425163781
"2021-03-19",0.714501559589382
"2021-03-20",0.680308013252709
"2021-03-21",0.6682841236476
"2021-03-22",0.697401430574463
"2021-03-23",0.64957072329933
"2021-03-24",0.705825557120309
"2021-03-25",0.650920972875629
"2021-03-26",0.65698338141576
"2021-03-27",0.621062179918816
"2021-03-28",0.608193694659304
"2021-03-29",0.615906711722891
"2021-03-30",0.618422975519462
"2021-03-31",0.615942054157225
"2021-04-01",0.563587592198435
"2021-04-02",0.548274360536562
"2021-04-03",0.47763435864896
"2021-04-04",0.460654718184191
"2021-04-05",0.424322832849668
"2021-04-06",0.410812313251021
"2021-04-07",0.432855752656363
"2021-04-08",0.408295096261202
"2021-04-09",0.395424783179654
"2021-04-10",0.406335767241312
"2021-04-11",0.405145441460616
"2021-04-12",0.406905108415598
"2021-04-13",0.425425176322451
"2021-04-14",0.445152112680036
"2021-04-15",0.433977064866922
"2021-04-16",0.454888290224375
"2021-04-17",0.446420180837232
"2021-04-18",0.678067076633408
"2021-04-19",0.698825009928631
"2021-04-20",0.705306827005802
"2021-04-21",0.72379251794771
"2021-04-22",0.773531842567989
"2021-04-23",0.800469697336068
"2021-04-24",0.796675041129839
"2021-04-25",0.824290108479982
"2021-04-26",0.871752327894475
"2021-04-27",0.868516649036207
"2021-04-28",0.705355584779761
"2021-04-29",0.700951447009626
"2021-04-30",0.723075688814949
"2021-05-01",0.705099041490571
"2021-05-02",0.650431652724466
"2021-05-03",0.600116076519389
"2021-05-04",0.624273741199508
"2021-05-05",0.647283828568078
"2021-05-06",0.580559751147721
"2021-05-07",0.595611609536899
"2021-05-08",0.593601832956107
"2021-05-09",0.593398850818754
"2021-05-10",0.622182166411258
"2021-05-11",0.632137222811749
"2021-05-12",0.826208516751755
"2021-05-13",0.882362584532372
"2021-05-14",0.867262741465015
"2021-05-15",0.859553740992642
"2021-05-16",0.928838165252808
"2021-05-17",0.9664355843463
"2021-05-18",0.988075259547924
"2021-05-19",1.50272149861038
"2021-05-20",1.58541691736939
"2021-05-21",1.73092776417761
"2021-05-22",1.67127897929326
"2021-05-23",1.7553499054932
"2021-05-24",1.81473641511526
"2021-05-25",1.81620052945364
"2021-05-26",1.78934216795681
"2021-05-27",1.77874547404984
"2021-05-28",1.79585667590048
"2021-05-29",1.42101353606031
"2021-05-30",1.31474834376592
"2021-05-31",1.14412996352529
"2021-06-01",1.11948075603781
"2021-06-02",0.941925648585354
"2021-06-03",0.826024112188927
"2021-06-04",0.838031610815092
"2021-06-05",0.845880195391719
"2021-06-06",0.812404359628473
"2021-06-07",0.79789602254479
"2021-06-08",0.785937300150198
"2021-06-09",0.86402335856822
"2021-06-10",0.845344287845185
"2021-06-11",0.837377588316071
"2021-06-12",0.851001945570858
"2021-06-13",0.914585025184062
"2021-06-14",0.880376630894764
"2021-06-15",0.851360014313372
"2021-06-16",0.865185528562448
"2021-06-17",0.824791569338474
"2021-06-18",0.814085560999869
"2021-06-19",0.692621965807352
"2021-06-20",0.700607184254227
"2021-06-21",0.799637599732902
"2021-06-22",0.881605293723958
"2021-06-23",0.847176101129383
"2021-06-24",0.871875228450252
"2021-06-25",0.944266473544553
"2021-06-26",0.958919475877816
"2021-06-27",0.976706640311174
"2021-06-28",0.950862012368449
"2021-06-29",0.962357273449093
"2021-06-30",0.947716733075829
"2021-07-01",0.879520532289291
"2021-07-02",0.768281003333762
"2021-07-03",0.724504535181782
"2021-07-04",0.685579331756421
"2021-07-05",0.597616973942108
"2021-07-06",0.560381150906546
"2021-07-07",0.511901189309522
"2021-07-08",0.524838167898422
"2021-07-09",0.511935915492417
"2021-07-10",0.492015212396698
"2021-07-11",0.460520504103629
"2021-07-12",0.481739692279531
"2021-07-13",0.471181781117354
"2021-07-14",0.473582976429195
"2021-07-15",0.474131017707859
"2021-07-16",0.467880616754914
"2021-07-17",0.460231784227375
"2021-07-18",0.445631239049736
"2021-07-19",0.43734772878729
"2021-07-20",0.459361824256219
"2021-07-21",0.5533386668772
"2021-07-22",0.528663541072616
"2021-07-23",0.542373895369393
"2021-07-24",0.531076772720716
"2021-07-25",0.512396840143749
"2021-07-26",0.660064705782826
"2021-07-27",0.703433712564092
"2021-07-28",0.710810861566157
"2021-07-29",0.704238770561009
"2021-07-30",0.7454760840604
"2021-07-31",0.675905623622205
"2021-08-01",0.711407904118415
"2021-08-02",0.706606768248239
"2021-08-03",0.719781819603474
"2021-08-04",0.732964283694984
"2021-08-05",0.669247691716161
"2021-08-06",0.671353812164491
"2021-08-07",0.670103649706434
"2021-08-08",0.675955679792075
"2021-08-09",0.654207255297018
"2021-08-10",0.660870111016352
"2021-08-11",0.623792111659523
"2021-08-12",0.630642670090417
"2021-08-13",0.654726130632004
"2021-08-14",0.640933151432462
"2021-08-15",0.572793046452338
"2021-08-16",0.53359195142143
"2021-08-17",0.542535094186687
"2021-08-18",0.537725311526971
"2021-08-19",0.518844447828816
"2021-08-20",0.529302382148241
"2021-08-21",0.52978215729348
"2021-08-22",0.511060427032817
"2021-08-23",0.458042764624944
"2021-08-24",0.458233395525096
"2021-08-25",0.461724790528829
"2021-08-26",0.477748145585453
"2021-08-27",0.475218960150099
"2021-08-28",0.463156129787456
"2021-08-29",0.429639739321488
"2021-08-30",0.412957922582796
"2021-08-31",0.413852668193179
"2021-09-01",0.437779213530312
"2021-09-02",0.443595360676624
"2021-09-03",0.45165279781737
"2021-09-04",0.436619721205672
"2021-09-05",0.415963352575858
"2021-09-06",0.390056145742085
"2021-09-07",0.753004431108213
"2021-09-08",0.769050283222468
"2021-09-09",0.768082618950497
"2021-09-10",0.786131784181736
"2021-09-11",0.772425882611144
"2021-09-12",0.772420346224018
"2021-09-13",0.791224825213791
"2021-09-14",0.807654358952356
"2021-09-15",0.802533643692478
"2021-09-16",0.801449239829492
"2021-09-17",0.482343614632266
"2021-09-18",0.455786596897497
"2021-09-19",0.449589509366829
"2021-09-20",0.522990361039703
"2021-09-21",0.595542021292416
"2021-09-22",0.635075092067306
"2021-09-23",0.603459134197295
"2021-09-24",0.661156822466532
"2021-09-25",0.657710946886343
"2021-09-26",0.690280430968084
"2021-09-27",0.702268300714126
"2021-09-28",0.706525866484691
"2021-09-29",0.712409101424629
"2021-09-30",0.660600834855009
"2021-10-01",0.684958280870588
"2021-10-02",0.640754058343294
"2021-10-03",0.641446447569152
"2021-10-04",0.579095658307792
"2021-10-05",0.597029074403176
"2021-10-06",0.631631767495832
"2021-10-07",0.621195654690435
"2021-10-08",0.621094143053011
"2021-10-09",0.614867111928744
"2021-10-10",0.59889744370525
"2021-10-11",0.521889329998729
"2021-10-12",0.559094260956684
"2021-10-13",0.577142140908863
"2021-10-14",0.559590321917392
"2021-10-15",0.616291321199526
"2021-10-16",0.544167683876634
"2021-10-17",0.550715169090162
"2021-10-18",0.55172033547751
"2021-10-19",0.563570604376369
"2021-10-20",0.570989964201623
"2021-10-21",0.583050495625755
"2021-10-22",0.574910201621601
"2021-10-23",0.551060344301515
"2021-10-24",0.55273773262393
"2021-10-25",0.480982504145597
"2021-10-26",0.498850677081645
"2021-10-27",0.511288047006513
"2021-10-28",0.545786567814305
"2021-10-29",0.541866584316112
"2021-10-30",0.522854295891652
"2021-10-31",0.48959701714346
"2021-11-01",0.478332230950216
"2021-11-02",0.498595146921279
"2021-11-03",0.512072223892172
"2021-11-04",0.50369393554765
"2021-11-05",0.482141538185383
"2021-11-06",0.454008512395472
"2021-11-07",0.398316044960784
"2021-11-08",0.428656317488611
"2021-11-09",0.433183066418357
"2021-11-10",0.504940494319649
"2021-11-11",0.486553392258434
"2021-11-12",0.477404035745947
"2021-11-13",0.458559253529751
"2021-11-14",0.452578937453523
"2021-11-15",0.465000537010918
"2021-11-16",0.523840186721012
"2021-11-17",0.530248880695589
"2021-11-18",0.540153346838028
"2021-11-19",0.549735586944649
"2021-11-20",0.4865070063111
"2021-11-21",0.487883942735495
"2021-11-22",0.506519312262623
"2021-11-23",0.521180223588646
"2021-11-24",0.522816573655557
"2021-11-25",0.518850207534077
"2021-11-26",0.547496488925543
"2021-11-27",0.540837849399508
"2021-11-28",0.539529513371819
"2021-11-29",0.532255729063558
"2021-11-30",0.545192559476221
"2021-12-01",0.556615168067968
"2021-12-02",0.524991119063135
"2021-12-03",0.603922783535426
"2021-12-04",0.966558292390161
"2021-12-05",0.96626481846435
"2021-12-06",0.946229863108414
"2021-12-07",0.948422122935905
"2021-12-08",0.933395846123032
"2021-12-09",0.951207826074079
"2021-12-10",0.957419863356198
"2021-12-11",0.963334423320019
"2021-12-12",0.968454379922966
"2021-12-13",0.954474082545149
"2021-12-14",0.595981450178524
"2021-12-15",0.612620798030339
"2021-12-16",0.577843466813219
"2021-12-17",0.590464442668351
"2021-12-18",0.582021752836365
"2021-12-19",0.553693358532797
"2021-12-20",0.529874813334834
"2021-12-21",0.529292875775191
"2021-12-22",0.517672905433465
"2021-12-23",0.479594938208867
"2021-12-24",0.461679594306491
"2021-12-25",0.42594174659307
"2021-12-26",0.423720984042552
"2021-12-27",0.401748863696028
"2021-12-28",0.436764421272066
"2021-12-29",0.439762795360823
"2021-12-30",0.43988530771457
"2021-12-31",0.445686877179893
"2022-01-01",0.454242144435075
"2022-01-02",0.410331692723458
"2022-01-03",0.419785778011929
"2022-01-04",0.436812912802468
"2022-01-05",0.525079940610544
"2022-01-06",0.525170399469011
"2022-01-07",0.515050452866114
"2022-01-08",0.51514033940329
"2022-01-09",0.511568383005577
"2022-01-10",0.514452584522121
"2022-01-11",0.519068214498354
"2022-01-12",0.528602026669707
"2022-01-13",0.536774917921375
"2022-01-14",0.533979902438388
"2022-01-15",0.44171979502064
"2022-01-16",0.435289606230373
"2022-01-17",0.41116901396325
"2022-01-18",0.402993802016064
"2022-01-19",0.399775870824011
"2022-01-20",0.410273517376439
"2022-01-21",0.597063027016532
"2022-01-22",0.631525802951955
"2022-01-23",0.63380762792447
"2022-01-24",0.740919317267334
"2022-01-25",0.751632351919881
"2022-01-26",0.780282022324907
"2022-01-27",0.784865760673129
"2022-01-28",0.792582538677933
"2022-01-29",0.794407930100812
"2022-01-30",0.7690507173471
"2022-01-31",0.644245443385317
"2022-02-01",0.604406689476511
"2022-02-02",0.610339422283748
"2022-02-03",0.467823062593991
"2022-02-04",0.575714735865335
"2022-02-05",0.538327629434518
"2022-02-06",0.530381061829399
"2022-02-07",0.547077617763177
"2022-02-08",0.569351315030678
"2022-02-09",0.575529246597837
"2022-02-10",0.578783266200936
"2022-02-11",0.587295726595005
"2022-02-12",0.566624577290316
"2022-02-13",0.562376935908924
"2022-02-14",0.434375265825586
"2022-02-15",0.457252844855178
"2022-02-16",0.451574244225311
"2022-02-17",0.501328632197655
"2022-02-18",0.475381504125591
"2022-02-19",0.464825628827785
"2022-02-20",0.458951192742825
"2022-02-21",0.487309568548103
"2022-02-22",0.506342181954046
"2022-02-23",0.532748479816147
"2022-02-24",0.69544634616628
"2022-02-25",0.688683168134701
"2022-02-26",0.696965947927094
"2022-02-27",0.670049340385068
"2022-02-28",0.833710315916228
"2022-03-01",0.844732301153429
"2022-03-02",0.840319059283873
"2022-03-03",0.827934632936994
"2022-03-04",0.864221601874631
"2022-03-05",0.851028971997953
"2022-03-06",0.729120427609023
"2022-03-07",0.742173062240702
"2022-03-08",0.738839448261077
"2022-03-09",0.763075474762264
"2022-03-10",0.627536240440144
"2022-03-11",0.629446127142603
"2022-03-12",0.616486425409406
"2022-03-13",0.610675515774716
"2022-03-14",0.56415445234173
"2022-03-15",0.573641250840038
"2022-03-16",0.601163322952829
"2022-03-17",0.574651750234342
"2022-03-18",0.585359141862015
"2022-03-19",0.508658663034953
"2022-03-20",0.445285400076864
"2022-03-21",0.424318723678279
"2022-03-22",0.45664984223566
"2022-03-23",0.444948187759907
"2022-03-24",0.419472519680159
"2022-03-25",0.408849745141442
"2022-03-26",0.348300013787889
"2022-03-27",0.381835378712817
"2022-03-28",0.359224872374946
"2022-03-29",0.360789346601576
"2022-03-30",0.355576586198185
"2022-03-31",0.380885157797509
"2022-04-01",0.37580640169579
"2022-04-02",0.379208672854802
"2022-04-03",0.382035643798378
"2022-04-04",0.385908282116419
"2022-04-05",0.401727063032521
"2022-04-06",0.398438982638599
"2022-04-07",0.394874218995209
"2022-04-08",0.409952520748736
"2022-04-09",0.404676692282456
"2022-04-10",0.388503805524546
"2022-04-11",0.424687104862394
"2022-04-12",0.426093569343888
"2022-04-13",0.433410848713671
"2022-04-14",0.44226029096959
"2022-04-15",0.43323976858488
"2022-04-16",0.404304409648282
"2022-04-17",0.4037446720015
"2022-04-18",0.429897550658119
"2022-04-19",0.436199317330111
"2022-04-20",0.433992671997859
"2022-04-21",0.432615274691021
"2022-04-22",0.436201282232854
"2022-04-23",0.413495776841584
"2022-04-24",0.394282548999295
"2022-04-25",0.428597320707733
"2022-04-26",0.488977724908129
"2022-04-27",0.498583556457273
"2022-04-28",0.471678430993605
"2022-04-29",0.483219331586697
"2022-04-30",0.482367508056753
"2022-05-01",0.431722182190035
"2022-05-02",0.422907822650864
"2022-05-03",0.429276367636714
"2022-05-04",0.461053101775705
"2022-05-05",0.545899861198327
"2022-05-06",0.504189945826052
"2022-05-07",0.502102596168726
"2022-05-08",0.514006128294959
"2022-05-09",0.637749757153742
"2022-05-10",0.692796908323774
"2022-05-11",0.818494749197762
"2022-05-12",0.898719832404282
"2022-05-13",0.925421852185957
"2022-05-14",0.923922838954014
"2022-05-15",0.878950663323023
"2022-05-16",0.899821434169714
"2022-05-17",0.902425026893943
"2022-05-18",0.913236407689894
"2022-05-19",0.842255181668817
"2022-05-20",0.819180737691057
"2022-05-21",0.689791137028324
"2022-05-22",0.588387731422168
"2022-05-23",0.568899728963845
"2022-05-24",0.55420893197206
"2022-05-25",0.525996421581686
"2022-05-26",0.513808482536799
"2022-05-27",0.509412855403371
"2022-05-28",0.471161033968184
"2022-05-29",0.437481937736536
"2022-05-30",0.481374090657655
"2022-05-31",0.489455201317805
"2022-06-01",0.543616573825815
"2022-06-02",0.522894939987429
"2022-06-03",0.528368741472609
"2022-06-04",0.522221716595786
"2022-06-05",0.488098658504619
"2022-06-06",0.508874001343732
"2022-06-07",0.555447178594024
"2022-06-08",0.569586531080329
"2022-06-09",0.49547103292781
"2022-06-10",0.507234328124601
"2022-06-11",0.453562011943653
"2022-06-12",0.492001400841345
"2022-06-13",0.782669726713326
"2022-06-14",0.855406545600472
"2022-06-15",0.935298274993
"2022-06-16",0.996895717867213
"2022-06-17",0.981763871017562
"2022-06-18",1.09471865782145
"2022-06-19",1.18183651177971
"2022-06-20",1.19138146409167
"2022-06-21",1.1996242531267
"2022-06-22",1.19135655854805
"2022-06-23",1.03340373600436
"2022-06-24",0.979919989479083
"2022-06-25",0.907210147626336
"2022-06-26",0.828675475911278
"2022-06-27",0.825883987435889
"2022-06-28",0.669173448674613
"2022-06-29",0.501340055222154
"2022-06-30",0.513525090622032
"2022-07-01",0.559275999590174
"2022-07-02",0.538468330301772
"2022-07-03",0.518652848418633
"2022-07-04",0.54369507788122
"2022-07-05",0.578020753935859
"2022-07-06",0.579534487964625
"2022-07-07",0.605549946686696
"2022-07-08",0.616062584793483
"2022-07-09",0.61683617439543
"2022-07-10",0.582584066607183
"2022-07-11",0.522064763485208
"2022-07-12",0.531751990595518
"2022-07-13",0.561467022529274
"2022-07-14",0.558725546650484
"2022-07-15",0.527050286569765
"2022-07-16",0.533624992647058
"2022-07-17",0.499615277664933
"2022-07-18",0.54306310336492
"2022-07-19",0.613359123342269
"2022-07-20",0.623547348168476
"2022-07-21",0.62307533382135
"2022-07-22",0.632140267102259
"2022-07-23",0.607584367196198
"2022-07-24",0.584780789316049
"2022-07-25",0.605378616556002
"2022-07-26",0.590816886394045
"2022-07-27",0.642987346781699
"2022-07-28",0.614693530103508
"2022-07-29",0.552477558731718
"2022-07-30",0.543636987721504
"2022-07-31",0.538002539174937
"2022-08-01",0.518991460925683
"2022-08-02",0.50958226701555
"2022-08-03",0.515265876668653
"2022-08-04",0.488562425712435
"2022-08-05",0.493810386967414
"2022-08-06",0.405894339025137
"2022-08-07",0.354001391990897
"2022-08-08",0.357565164812605
"2022-08-09",0.354157417628167
"2022-08-10",0.389136334843229
"2022-08-11",0.402207343595417
"2022-08-12",0.403394780804482
"2022-08-13",0.389773266131082
"2022-08-14",0.390337582417048
"2022-08-15",0.41331848828724
"2022-08-16",0.415679464679831
"2022-08-17",0.440306056012695
"2022-08-18",0.422030040064546
"2022-08-19",0.522279624853847
"2022-08-20",0.489185728179361
"2022-08-21",0.481942349143665
"2022-08-22",0.478432129241365
"2022-08-23",0.486257516718958
"2022-08-24",0.485108339863414
"2022-08-25",0.456312475537622
"2022-08-26",0.519789763797953
"2022-08-27",0.502085685276051
"2022-08-28",0.508013495439838
"2022-08-29",0.402680207543266
"2022-08-30",0.423139561351912
"2022-08-31",0.423334545135146
"2022-09-01",0.424234703312605
"2022-09-02",0.421696667916405
"2022-09-03",0.412497051439655
"2022-09-04",0.411913009969874
"2022-09-05",0.326429349426064
"2022-09-06",0.395542766676311
"2022-09-07",0.412315010727027
"2022-09-08",0.395928450351222
"2022-09-09",0.501220409724565
"2022-09-10",0.500120325052642
"2022-09-11",0.495530119820305
"2022-09-12",0.502071299890248
"2022-09-13",0.65331196392859
"2022-09-14",0.6647681828682
"2022-09-15",0.673847384466776
"2022-09-16",0.635344190114343
"2022-09-17",0.620150795367774
"2022-09-18",0.627906383890915
"2022-09-19",0.574407359539765
"2022-09-20",0.584554036285125
"2022-09-21",0.650562517887806
"2022-09-22",0.665587519730624
"2022-09-23",0.537343484434839
"2022-09-24",0.524990421182301
"2022-09-25",0.516874730996946
"2022-09-26",0.519437626919578
"2022-09-27",0.570468835318547
"2022-09-28",0.596071940725875
"2022-09-29",0.562524902064401
"2022-09-30",0.56604945069159
"2022-10-01",0.486111465412421
"2022-10-02",0.452610656284799
"2022-10-03",0.441565398170021
"2022-10-04",0.459359344931834
"2022-10-05",0.460945610088759
"2022-10-06",0.458583748177857
"2022-10-07",0.40455828184935
"2022-10-08",0.350507247842506
"2022-10-09",0.328627988047327
"2022-10-10",0.297863942856453
"2022-10-11",0.30062246710305
"2022-10-12",0.294113100784022
"2022-10-13",0.343971961852281
"2022-10-14",0.338670919595951
"2022-10-15",0.326969716522303
"2022-10-16",0.319088292819073
"2022-10-17",0.308404941693726
"2022-10-18",0.317456215958337
"2022-10-19",0.318628233326575
"2022-10-20",0.316596917092939
"2022-10-21",0.324559336175457
"2022-10-22",0.322430929511097
"2022-10-23",0.259677857238697
"2022-10-24",0.230675533082051
"2022-10-25",0.291111083066459
"2022-10-26",0.319904910686605
"2022-10-27",0.324857208877979
"2022-10-28",0.329835117893669
"2022-10-29",0.335697807682386
"2022-10-30",0.333666604334449
"2022-10-31",0.331883045956471
"2022-11-01",0.335639958945489
"2022-11-02",0.340029065055254
"2022-11-03",0.33719868218264
"2022-11-04",0.328541078630188
"2022-11-05",0.300564513013587
"2022-11-06",0.291742822454999
"2022-11-07",0.287485900738217
"2022-11-08",0.63652332798566
"2022-11-09",0.83178319462966
"2022-11-10",0.937438844097945
"2022-11-11",0.96608073949556
"2022-11-12",0.963551482918906
"2022-11-13",0.971260514407593
"2022-11-14",0.990501971180546
"2022-11-15",0.994976764010646
"2022-11-16",0.999409506073018
"2022-11-17",0.9962572422484
"2022-11-18",0.819216946230108
"2022-11-19",0.618923776888006
"2022-11-20",0.44642267524899
"2022-11-21",0.410018843238819
"2022-11-22",0.422172525430986
"2022-11-23",0.413099508312661
"2022-11-24",0.33129347072413
"2022-11-25",0.318046435783545
"2022-11-26",0.301549033045384
"2022-11-27",0.297231319798386
"2022-11-28",0.299571615670297
"2022-11-29",0.307237088580888
"2022-11-30",0.324514041443902
"2022-12-01",0.293243669871831
"2022-12-02",0.26710205028397
"2022-12-03",0.254019692065284
"2022-12-04",0.252325002807119
"2022-12-05",0.264535754995583
"2022-12-06",0.260463631784306
"2022-12-07",0.271144661607482
"2022-12-08",0.27437122746807
"2022-12-09",0.266603843644002
"2022-12-10",0.22221418284643
"2022-12-11",0.208777156516095
"2022-12-12",0.211428841374525
"2022-12-13",0.258797141574649
"2022-12-14",0.280773207206711
"2022-12-15",0.281297368675923
"2022-12-16",0.33236043435543
"2022-12-17",0.324047077240627
"2022-12-18",0.309814239712272
"2022-12-19",0.322250812464508
"2022-12-20",0.343568154943475
"2022-12-21",0.343684251399931
"2022-12-22",0.341911349038869
"2022-12-23",0.304564104131139
"2022-12-24",0.278904760043357
"2022-12-25",0.261170291865077
"2022-12-26",0.190646854412737
"2022-12-27",0.198949272054193
"2022-12-28",0.20424183535636
"2022-12-29",0.178944350155498
"2022-12-30",0.146024088801999
"2022-12-31",0.144941022399983
"2023-01-01",0.135566348137855
"2023-01-02",0.137246397899561
"2023-01-03",0.139844424281265
"2023-01-04",0.150816439346121
"2023-01-05",0.150007115928809
"2023-01-06",0.148343392990147
"2023-01-07",0.136794833135334
"2023-01-08",0.141229184239968
"2023-01-09",0.136344365860232
"2023-01-10",0.146423708798492
"2023-01-11",0.186981908876441
"2023-01-12",0.271975793497252
"2023-01-13",0.338192852894142
"2023-01-14",0.390094321193415
"2023-01-15",0.396299425257744
"2023-01-16",0.410476768452746
"2023-01-17",0.426402056232682
"2023-01-18",0.460772098170302
"2023-01-19",0.464397511208348
"2023-01-20",0.531642737567457
"2023-01-21",0.533566946321982
"2023-01-22",0.504814101433176
"2023-01-23",0.470891005169183
"2023-01-24",0.434670525347983
"2023-01-25",0.473422349187864
"2023-01-26",0.460069438272479
"2023-01-27",0.463302903895121
"2023-01-28",0.428459944386489
"2023-01-29",0.44078348666252
"2023-01-30",0.39119539072855
"2023-01-31",0.378652150039696
"2023-02-01",0.388933202925041
"2023-02-02",0.395111404017823
"2023-02-03",0.389552763237128
"2023-02-04",0.336233883539024
"2023-02-05",0.343717079276992
"2023-02-06",0.326616857382324
"2023-02-07",0.333803725722354
"2023-02-08",0.324860660477588
"2023-02-09",0.329883663348391
"2023-02-10",0.327212208816051
"2023-02-11",0.299615045551077
"2023-02-12",0.284191052878477
"2023-02-13",0.286789243710336
"2023-02-14",0.303983360374309
"2023-02-15",0.422937086658955
"2023-02-16",0.471088708844032
"2023-02-17",0.510755776595379
"2023-02-18",0.503043209640452
"2023-02-19",0.485305156658579
"2023-02-20",0.506414613019376
"2023-02-21",0.522738651252791
"2023-02-22",0.531323958106526
"2023-02-23",0.540597328031526
"2023-02-24",0.555461005927543
"2023-02-25",0.466984908894216
"2023-02-26",0.420508970845755
"2023-02-27",0.376908727790136
"2023-02-28",0.380478556378986
"2023-03-01",0.381700029663434
"2023-03-02",0.35520113159082
"2023-03-03",0.38563403035482
"2023-03-04",0.369755984030549
"2023-03-05",0.353574081530135
"2023-03-06",0.314433536443434
"2023-03-07",0.31940860919658
"2023-03-08",0.323939028982751
"2023-03-09",0.403850731710047
"2023-03-10",0.416043173892991
"2023-03-11",0.419839822281198
"2023-03-12",0.493813397107856
"2023-03-13",0.573675259898022
"2023-03-14",0.643390211794131
"2023-03-15",0.660375433084837
"2023-03-16",0.671366610916928
"2023-03-17",0.744737884198783
"2023-03-18",0.74941655057012
"2023-03-19",0.723119908228458
"2023-03-20",0.727436381335448
"2023-03-21",0.724748635280409
"2023-03-22",0.717090260123708
"2023-03-23",0.648315548563425
"2023-03-24",0.597805312513044
"2023-03-25",0.579662178591736
"2023-03-26",0.571383531263994
"2023-03-27",0.493989554450162
"2023-03-28",0.487220100657005
"2023-03-29",0.4808298528718
"2023-03-30",0.484988423996365
"2023-03-31",0.485011926252487
"2023-04-01",0.420355734394401
"2023-04-02",0.386649533320231
"2023-04-03",0.383205854501947
"2023-04-04",0.386233282517046
"2023-04-05",0.391004024021424
"2023-04-06",0.355745079954184
"2023-04-07",0.343211690719765
"2023-04-08",0.308157872100655
"2023-04-09",0.274227389201575
"2023-04-10",0.297032436251182
"2023-04-11",0.306014439450981
"2023-04-12",0.309459600960109
"2023-04-13",0.284482749622782
"2023-04-14",0.290587865409755
"2023-04-15",0.273841112943476
"2023-04-16",0.272413015330892
"2023-04-17",0.291733690516516
"2023-04-18",0.32315855555979
"2023-04-19",0.369973857272018
"2023-04-20",0.348773127046445
"2023-04-21",0.362060660767087
"2023-04-22",0.361169391458546
"2023-04-23",0.357729913186877
"2023-04-24",0.362035549871291
"2023-04-25",0.383685341931973
"2023-04-26",0.484970849876245
"2023-04-27",0.498199996256092
"2023-04-28",0.483050661945544
"2023-04-29",0.443287477959847
"2023-04-30",0.43776892837206
"2023-05-01",0.452618676687676
"2023-05-02",0.458113295090382
"2023-05-03",0.47102140190289
"2023-05-04",0.462257101337138
"2023-05-05",0.452109292279905
"2023-05-06",0.374437863336981
"2023-05-07",0.348169255498072
"2023-05-08",0.371791945464032
"2023-05-09",0.372798345364523
"2023-05-10",0.400398760894507
"2023-05-11",0.372879924047105
"2023-05-12",0.386215453546002
"2023-05-13",0.368288231717771
"2023-05-14",0.367739691528788
"2023-05-15",0.371407103318362
"2023-05-16",0.338831440083543
"2023-05-17",0.346801451855198
"2023-05-18",0.337804280360528
"2023-05-19",0.339730730967201
"2023-05-20",0.294816517072952
"2023-05-21",0.284236853465954
"2023-05-22",0.250894604172693
"2023-05-23",0.259847628152823
"2023-05-24",0.281693006243732
"2023-05-25",0.275798043058985
"2023-05-26",0.279951809950627
"2023-05-27",0.261160831052071
"2023-05-28",0.282182651820366
"2023-05-29",0.293000141791961
"2023-05-30",0.29553387202809
"2023-05-31",0.308192405985023
"2023-06-01",0.313082257374743
"2023-06-02",0.316252438946387
"2023-06-03",0.291734075375352
"2023-06-04",0.283664857179152
"2023-06-05",0.341899570752737
"2023-06-06",0.411870971394087
"2023-06-07",0.403592633185359
"2023-06-08",0.396861525888401
"2023-06-09",0.397695810814218
"2023-06-10",0.406159933279087
"2023-06-11",0.402969233629057
"2023-06-12",0.397193799480203
"2023-06-13",0.40335678950695
"2023-06-14",0.427897377438782
"2023-06-15",0.394114477459257
"2023-06-16",0.355440556486212
"2023-06-17",0.333329917274092
"2023-06-18",0.33006595860873
"2023-06-19",0.337813950543847
"2023-06-20",0.36442886837391
"2023-06-21",0.444767636714863
"2023-06-22",0.451813174348496
"2023-06-23",0.472892227271822
"2023-06-24",0.450613762737123
"2023-06-25",0.442092297936615
"2023-06-26",0.419132094114116
"2023-06-27",0.419276223033797
"2023-06-28",0.424921773376674
"2023-06-29",0.422195109935676
"2023-06-30",0.415392959626877
"2023-07-01",0.322714762731411
"2023-07-02",0.313598490101447
"2023-07-03",0.279457253906118
"2023-07-04",0.283314526012129
"2023-07-05",0.281067076496767
"2023-07-06",0.317166581480207
"2023-07-07",0.316985429031009
"2023-07-08",0.307048572664771
"2023-07-09",0.299022959755068
"2023-07-10",0.263179282282371
"2023-07-11",0.26596975028987
"2023-07-12",0.269527001569673
"2023-07-13",0.29957376305503
"2023-07-14",0.337931330827796
"2023-07-15",0.331581853272003
"2023-07-16",0.290299755832815
"2023-07-17",0.288548544860168
"2023-07-18",0.296009777070235
"2023-07-19",0.296668004765078
"2023-07-20",0.288744741269069
"2023-07-21",0.286188811339999
"2023-07-22",0.278189056828059
"2023-07-23",0.240572995111838
"2023-07-24",0.211518406478947
"2023-07-25",0.213430346801245
"2023-07-26",0.218889709014262
"2023-07-27",0.213719664289681
"2023-07-28",0.205000473090896
"2023-07-29",0.200919806290061
"2023-07-30",0.18653292409416
"2023-07-31",0.188719587009049
"2023-08-01",0.220944695669577
"2023-08-02",0.241564475179232
"2023-08-03",0.210242022980067
"2023-08-04",0.214666805388868
"2023-08-05",0.206394118177512
"2023-08-06",0.201373564676582
"2023-08-07",0.20575765640816
"2023-08-08",0.23431149384445
"2023-08-09",0.243926497101526
"2023-08-10",0.243673388710348
"2023-08-11",0.213906766892052
"2023-08-12",0.179811586296318
"2023-08-13",0.174343592365226
"2023-08-14",0.176478558741848
"2023-08-15",0.181451686811686
"2023-08-16",0.188775039352781
"2023-08-17",0.448434713896683
"2023-08-18",0.456473823967601
"2023-08-19",0.452834740826931
"2023-08-20",0.452392086729616
"2023-08-21",0.454268489540609
"2023-08-22",0.465018982137808
"2023-08-23",0.479079505046708
"2023-08-24",0.482343036624111
"2023-08-25",0.484278181171828
"2023-08-26",0.481228370222002
"2023-08-27",0.251133466814127
"2023-08-28",0.212308668820444
"2023-08-29",0.32442921359105
"2023-08-30",0.332916193678518
"2023-08-31",0.396907593104286
"2023-09-01",0.396373948357901
"2023-09-02",0.37969311530041
"2023-09-03",0.372526533475401
"2023-09-04",0.371452252555611
"2023-09-05",0.37345574536759
"2023-09-06",0.380983336890859
"2023-09-07",0.390561842180062
"2023-09-08",0.313022677435806
"2023-09-09",0.302053744877139
"2023-09-10",0.211654545685112
"2023-09-11",0.223068004433173
"2023-09-12",0.279143388961383
"2023-09-13",0.286399311421074
"2023-09-14",0.293311975769311
"2023-09-15",0.300221039981924
"2023-09-16",0.292008504692086
"2023-09-17",0.276504499154747
"2023-09-18",0.285392285769924
"2023-09-19",0.299423003297117
"2023-09-20",0.301760944516658
"2023-09-21",0.290745116958164
"2023-09-22",0.237899171971626
"2023-09-23",0.226131270636123
"2023-09-24",0.22145896782156
"2023-09-25",0.214508049285205
"2023-09-26",0.214138255464986
"2023-09-27",0.229057477329841
"2023-09-28",0.225453629045442
"2023-09-29",0.215993597587482
"2023-09-30",0.206851160071746
"2023-10-01",0.223820975864185
"2023-10-02",0.263389157525914
"2023-10-03",0.269243257856253
"2023-10-04",0.269120343389194
"2023-10-05",0.277111576694164
"2023-10-06",0.301263600312914
"2023-10-07",0.289654109713301
"2023-10-08",0.27154671367046
"2023-10-09",0.275521402436736
"2023-10-10",0.278777253521
"2023-10-11",0.271546301120412
"2023-10-12",0.235530217488958
"2023-10-13",0.233918270639445
"2023-10-14",0.224062107520645
"2023-10-15",0.2145260750463
"2023-10-16",0.35606768025884
"2023-10-17",0.360306381760932
"2023-10-18",0.368672468953974
"2023-10-19",0.370263362599958
"2023-10-20",0.404421922834399
"2023-10-21",0.401248495513364
"2023-10-22",0.403550034285142
"2023-10-23",0.610800618500842
"2023-10-24",0.648873409447149
"2023-10-25",0.659370103894621
"2023-10-26",0.589850355622796
"2023-10-27",0.591984402295491
"2023-10-28",0.587846990899095
"2023-10-29",0.585854109353571
"2023-10-30",0.565124940961352
"2023-10-31",0.56074176540069
"2023-11-01",0.572361868880895
"2023-11-02",0.369289976592074
"2023-11-03",0.30539487076747
"2023-11-04",0.282787286154725
"2023-11-05",0.278324110262196
"2023-11-06",0.271665450940471
"2023-11-07",0.291000234304276
"2023-11-08",0.294652670344733
"2023-11-09",0.350930006771865
"2023-11-10",0.359498595143863
"2023-11-11",0.340533679545015
"2023-11-12",0.309920643186107
"2023-11-13",0.314321806495913
"2023-11-14",0.350793217636416
"2023-11-15",0.405319894458386
"2023-11-16",0.450619926536848
"2023-11-17",0.441839984660936
"2023-11-18",0.436879047796635
"2023-11-19",0.397645704653052
"2023-11-20",0.394958997822067
"2023-11-21",0.421634289789983
"2023-11-22",0.458965726583053
"2023-11-23",0.454616175780107
"2023-11-24",0.433385402863834
"2023-11-25",0.374822560278908
"2023-11-26",0.319917520806417
"2023-11-27",0.318023054055852
"2023-11-28",0.336290741233007
"2023-11-29",0.330997376955918
"2023-11-30",0.32325891122162
"2023-12-01",0.301967133587353
"2023-12-02",0.252434884082025
"2023-12-03",0.255378390323143
"2023-12-04",0.29914599135245
"2023-12-05",0.370112167425296
"2023-12-06",0.372228980571444
"2023-12-07",0.375465733754083
"2023-12-08",0.372362635541528
"2023-12-09",0.369498475874104
"2023-12-10",0.367354024484383
"2023-12-11",0.437022590923391
"2023-12-12",0.441615149673862
"2023-12-13",0.484479460388849
"2023-12-14",0.472098747073505
"2023-12-15",0.430416597399938
"2023-12-16",0.432838237110771
"2023-12-17",0.432705703504622
"2023-12-18",0.448335074922377
"2023-12-19",0.46125468535787
"2023-12-20",0.482951417359029
"2023-12-21",0.411638242254542
"2023-12-22",0.403819696931002
"2023-12-23",0.346597227120628
"2023-12-24",0.33067295359716
"2023-12-25",0.323656786315081
"2023-12-26",0.343347494867636
"2023-12-27",0.351041089953955
"2023-12-28",0.329865896420255
"2023-12-29",0.333809853646822
"2023-12-30",0.31001411175384
"2023-12-31",0.310117489616502
"2024-01-01",0.33411923198977
"2024-01-02",0.35087697716607
"2024-01-03",0.476041097397871
"2024-01-04",0.492716363664115
"2024-01-05",0.491062166131252
"2024-01-06",0.481356639011695
"2024-01-07",0.472847599748013
"2024-01-08",0.531562117398378
"2024-01-09",0.567103701174198
"2024-01-10",0.606810348330882
"2024-01-11",0.628895676464035
"2024-01-12",0.709720571568507
"2024-01-13",0.627014998834772
"2024-01-14",0.617060553084496
"2024-01-15",0.614251051665316
"2024-01-16",0.621278011126325
"2024-01-17",0.622180950823413
"2024-01-18",0.581343748185415
"2024-01-19",0.559339361915564
"2024-01-20",0.512492652735432
"2024-01-21",0.464702677119876
"2024-01-22",0.350654745741098
"2024-01-23",0.368016514121591
"2024-01-24",0.364026261049511
"2024-01-25",0.348093435441427
"2024-01-26",0.376791718325609
"2024-01-27",0.374620071532588
"2024-01-28",0.347987307484776
"2024-01-29",0.336026004400628
"2024-01-30",0.345205365333002
"2024-01-31",0.3596055259015
"2024-02-01",0.332244898473611
"2024-02-02",0.314573711706071
"2024-02-03",0.305781619842565
"2024-02-04",0.307140964823946
"2024-02-05",0.265231078108118
"2024-02-06",0.265189688170468
"2024-02-07",0.27430861266116
"2024-02-08",0.266071310723237
"2024-02-09",0.318143909843114
"2024-02-10",0.313196858859718
"2024-02-11",0.303798922999905
"2024-02-12",0.338675452729737
"2024-02-13",0.360440387014758
"2024-02-14",0.393506796550273
"2024-02-15",0.392297600154923
"2024-02-16",0.392347065162154
"2024-02-17",0.386733721537543
"2024-02-18",0.383512972824953
"2024-02-19",0.334289446028021
"2024-02-20",0.348131235422716
"2024-02-21",0.357176358052467
"2024-02-22",0.324272589900869
"2024-02-23",0.304101756099676
"2024-02-24",0.260470288619095
"2024-02-25",0.248303096291692
"2024-02-26",0.33472242864393
"2024-02-27",0.364805240642237
"2024-02-28",0.515556261173709
"2024-02-29",0.538766560553058
"2024-03-01",0.535134968762973
"2024-03-02",0.52677735963252
"2024-03-03",0.530904356685516
"2024-03-04",0.602026976949165
"2024-03-05",0.766567086252157
"2024-03-06",0.798862421992349
"2024-03-07",0.772470007680343
"2024-03-08",0.77344362548773
"2024-03-09",0.679173881280907
"2024-03-10",0.663973905540429
"2024-03-11",0.701119045410462
"2024-03-12",0.724983440971081
"2024-03-13",0.725494570475466
"2024-03-14",0.701783613178159
"2024-03-15",0.595481676656258
"2024-03-16",0.599698532170067
"2024-03-17",0.622502050345372
"2024-03-18",0.606827017093222
"2024-03-19",0.680974481841871
"2024-03-20",0.760810723274937
"2024-03-21",0.737631718220266
"2024-03-22",0.742791896427738
"2024-03-23",0.749959674934665
"2024-03-24",0.737719309133753
"2024-03-25",0.705379558976774
"2024-03-26",0.670957708502178
"2024-03-27",0.657362411142885
"2024-03-28",0.658626456404694
"2024-03-29",0.586803689359091
"2024-03-30",0.473358587746062
"2024-03-31",0.448198276988042
"2024-04-01",0.421255228555809
"2024-04-02",0.460323403316547
"2024-04-03",0.438404004126877
"2024-04-04",0.429656832589877
"2024-04-05",0.437060324819882
"2024-04-06",0.422897023635507
"2024-04-07",0.412158228572129
"2024-04-08",0.43497389141294
"2024-04-09",0.460594626922304
"2024-04-10",0.481723450291643
"2024-04-11",0.466551009770887
"2024-04-12",0.489048451125341
"2024-04-13",0.588762512049448
"2024-04-14",0.583651956131413
"2024-04-15",0.609812944710665
"2024-04-16",0.616364008251892
"2024-04-17",0.65736068554086
"2024-04-18",0.657444383851921
"2024-04-19",0.700234295056966
"2024-04-20",0.690362136102984
"2024-04-21",0.689644304101167
"2024-04-22",0.644616462267958
"2024-04-23",0.547441976534531
"2024-04-24",0.542765174093667
"2024-04-25",0.51132269613308
"2024-04-26",0.498667877916748
"2024-04-27",0.444520220068792
"2024-04-28",0.420772833163709
"2024-04-29",0.330417355757066
"2024-04-30",0.414706300144178
"2024-05-01",0.466225434379079
"2024-05-02",0.470704821233042
"2024-05-03",0.518412893436958
"2024-05-04",0.50165604234968
"2024-05-05",0.494976599432834
"2024-05-06",0.507545882489981
"2024-05-07",0.512839617974871
"2024-05-08",0.517933728453368
"2024-05-09",0.522513481774814
"2024-05-10",0.47363349062758
"2024-05-11",0.420574405145265
"2024-05-12",0.400782839210684
"2024-05-13",0.356256172792118
"2024-05-14",0.356537240334382
"2024-05-15",0.424089860826121
"2024-05-16",0.414725508977449
"2024-05-17",0.41571095640884
"2024-05-18",0.403785895512877
"2024-05-19",0.388695055418139
"2024-05-20",0.428588225756475
"2024-05-21",0.442674881321322
"2024-05-22",0.445297067808286
"2024-05-23",0.457630223740881
"2024-05-24",0.462836826180386
"2024-05-25",0.3952560861916
"2024-05-26",0.387625519365453
"2024-05-27",0.387378519127583
"2024-05-28",0.399309172096541
"2024-05-29",0.398688526268552
"2024-05-30",0.333497030518953
"2024-05-31",0.328276378305171
"2024-06-01",0.319075812599056
"2024-06-02",0.275454893435941
"2024-06-03",0.275178866590109
"2024-06-04",0.292044818839513
"2024-06-05",0.291078955833386
"2024-06-06",0.279014519309391
"2024-06-07",0.302454339855171
"2024-06-08",0.291832923515451
"2024-06-09",0.273650305729325
"2024-06-10",0.255787075142397
"2024-06-11",0.300861741648764
"2024-06-12",0.326707120592229
"2024-06-13",0.320310897711846
"2024-06-14",0.3191340866428
"2024-06-15",0.314907458101156
"2024-06-16",0.310591414368978
"2024-06-17",0.28666570381254
"2024-06-18",0.309666241168726
"2024-06-19",0.312014929329753
"2024-06-20",0.321582176162954
"2024-06-21",0.29041778039343
"2024-06-22",0.256912031244505
"2024-06-23",0.245287410381115
"2024-06-24",0.333805962823017
"2024-06-25",0.349660019371373
"2024-06-26",0.357891037052407
"2024-06-27",0.354829013771099
"2024-06-28",0.35154459951826
"2024-06-29",0.350554140647779
"2024-06-30",0.358173805773174
"2024-07-01",0.355231802590235
"2024-07-02",0.361431205111537
"2024-07-03",0.384176155661926
"2024-07-04",0.350728743760992
"2024-07-05",0.401930649973351
"2024-07-06",0.413561940474181
"2024-07-07",0.429569708491548
"2024-07-08",0.468730061265841
"2024-07-09",0.478980043607738
"2024-07-10",0.480295174200165
"2024-07-11",0.4949077717641
"2024-07-12",0.500819612119037
"2024-07-13",0.491529484244237
"2024-07-14",0.465264309487297
"2024-07-15",0.457883763168357
"2024-07-16",0.461827700440515
"2024-07-17",0.45099581520341
"2024-07-18",0.405786655677173
"2024-07-19",0.435703433139313
"2024-07-20",0.423147377322157
"2024-07-21",0.417626279570573
"2024-07-22",0.413276841941307
"2024-07-23",0.412546852683024
"2024-07-24",0.407327642182774
"2024-07-25",0.372871647196448
"2024-07-26",0.36189096821908
"2024-07-27",0.367158760294469
"2024-07-28",0.360331682226843
"2024-07-29",0.346437587604364
"2024-07-30",0.349613841019979
"2024-07-31",0.346321343291555
"2024-08-01",0.371802093348353
"2024-08-02",0.414057020984804
"2024-08-03",0.420505029233901
"2024-08-04",0.45074376785355
"2024-08-05",0.688364674103039
"2024-08-06",0.69830004776094
"2024-08-07",0.717261424560217
"2024-08-08",0.814101907166126
"2024-08-09",0.81794782854886
"2024-08-10",0.813123111106444
"2024-08-11",0.817613107565167
"2024-08-12",0.805749434820296
"2024-08-13",0.813508701838055
"2024-08-14",0.80521727774836
"2024-08-15",0.636062248720879
"2024-08-16",0.629098430326288
"2024-08-17",0.606591962662516
"2024-08-18",0.449632024894332
"2024-08-19",0.445910280855215
"2024-08-20",0.464999329063424
"2024-08-21",0.454824320479874
"2024-08-22",0.434521503813692
"2024-08-23",0.461781088604312
"2024-08-24",0.431205284831344
"2024-08-25",0.386816816299624
"2024-08-26",0.368611440538014
"2024-08-27",0.449592429862882
"2024-08-28",0.455999442276142
"2024-08-29",0.463183232086164
"2024-08-30",0.454935321711779
"2024-08-31",0.429591513345917
"2024-09-01",0.432590983977953
"2024-09-02",0.388368430544152
"2024-09-03",0.405416674153323
"2024-09-04",0.430589301065168
"2024-09-05",0.44683935980569
"2024-09-06",0.439710318279648
"2024-09-07",0.426673873245217
"2024-09-08",0.418743168036174
"2024-09-09",0.444791316344837
"2024-09-10",0.452027938746247
"2024-09-11",0.460272911766192
"2024-09-12",0.449144623109312
"2024-09-13",0.458367930637903
"2024-09-14",0.435279984680104
"2024-09-15",0.419946104585001
"2024-09-16",0.349719057254963
"2024-09-17",0.39363485293728
"2024-09-18",0.404252779587783
"2024-09-19",0.373971015564974
"2024-09-20",0.37341199613318
"2024-09-21",0.351660423874587
"2024-09-22",0.35431567614441
"2024-09-23",0.335846503293958
"2024-09-24",0.343676385877114
"2024-09-25",0.344194766200103
"2024-09-26",0.364917883397964
"2024-09-27",0.320571318366559
"2024-09-28",0.294611244933701
"2024-09-29",0.274098778934802
"2024-09-30",0.291582798356868
"2024-10-01",0.348908023880501
"2024-10-02",0.360156193807676
"2024-10-03",0.354068886674703
"2024-10-04",0.355535279151205
"2024-10-05",0.345676521303243
"2024-10-06",0.316236378231344
"2024-10-07",0.326814521283693
"2024-10-08",0.331050175462232
"2024-10-09",0.348137339875313
"2024-10-10",0.344226049989303
"2024-10-11",0.327939443204482
"2024-10-12",0.30913289285336
"2024-10-13",0.3037704695295
"2024-10-14",0.344931031947082
"2024-10-15",0.372792463728378
"2024-10-16",0.376020835477662
"2024-10-17",0.363070943308717
"2024-10-18",0.366230052157804
"2024-10-19",0.350080347039709
"2024-10-20",0.333570815758541
"2024-10-21",0.313798040645879
"2024-10-22",0.31537268174498
"2024-10-23",0.325945872248387
"2024-10-24",0.283856469784215
"2024-10-25",0.283549194492945
"2024-10-26",0.277136044603732
"2024-10-27",0.278518790172338
"2024-10-28",0.291277715111694
"2024-10-29",0.33332631823738
"2024-10-30",0.33457044466648
"2024-10-31",0.338041548796894
