"Date","Parkinson"
2015-05-26,0.000499974459657519
2015-05-27,0.000317322280674956
2015-05-28,0.000400187263480093
2015-05-29,0.0004634460038208
2015-06-01,0.000372366456350375
2015-06-02,0.000514528187505008
2015-06-03,0.000312530188135539
2015-06-05,0.000294467623910953
2015-06-08,0.000203835232510422
2015-06-09,0.00078418279435939
2015-06-10,0.00056156897136742
2015-06-11,0.000179636268348054
2015-06-12,9.50690928665893e-05
2015-06-15,7.71053755891551e-05
2015-06-16,0.000673256521521669
2015-06-17,0.000446798944611051
2015-06-18,0.000171620159168845
2015-06-19,0.000236798014288655
2015-06-22,0.000118339307445279
2015-06-23,0.000477752867805016
2015-06-24,0.000186314469617379
2015-06-25,0.00112764935939766
2015-06-26,0.000701687853879515
2015-06-29,0.0019777926351404
2015-06-30,0.000253715643996154
2015-07-01,0.00164839612750432
2015-07-02,0.000324041649720763
2015-07-03,0.000995393664427831
2015-07-06,0.000551921208242973
2015-07-07,0.00276458780764623
2015-07-08,0.00115621156978324
2015-07-10,0.000135538268707775
2015-07-13,0.000319793435673832
2015-07-14,0.000644487344833892
2015-07-15,0.000294963219337377
2015-07-16,7.35475739402041e-05
2015-07-17,0.000692013834243912
2015-07-20,0.00181372930105045
2015-07-21,0.00123958964050777
2015-07-22,0.000495334926995816
2015-07-23,0.000653295877122702
2015-07-24,0.00079781970418105
2015-07-27,0.000874506955843274
2015-07-28,0.0013660382693233
2015-07-29,0.00222634650510294
2015-07-30,0.00153369400564668
2015-07-31,0.000471596902985899
2015-08-03,0.000736686108191844
2015-08-04,0.000418572768937419
2015-08-05,0.000995670461487754
2015-08-06,0.00150527454414093
2015-08-07,0.00260779563591334
2015-08-10,0.000794945900545395
2015-08-11,0.000587432436904092
2015-08-12,0.000430693794212411
2015-08-13,0.000804773715380843
2015-08-14,0.000578449423642879
2015-08-17,0.000243355925366587
2015-08-18,0.000641742695814863
2015-08-19,0.000814464255561059
2015-08-20,0.000752276111891715
2015-08-21,0.000581329304326251
2015-08-24,0.00240002988319699
2015-08-25,0.000681171130364829
2015-08-26,0.000443022673736545
2015-08-27,0.00214627550427559
2015-08-28,0.00271245691873302
2015-08-31,0.002700037371032
2015-09-01,0.00140500281572227
2015-09-02,0.00127359058831013
2015-09-03,0.00205750171268091
2015-09-04,0.000302364332582
2015-09-08,0.000210889915611204
2015-09-09,0.00141307103950012
2015-09-10,0.000654934732526407
2015-09-11,0.000951372323623543
2015-09-14,0.000801112639722567
2015-09-15,0.00066180484405234
2015-09-16,0.00141333323078127
2015-09-17,0.000353602790027012
2015-09-18,0.00041888636828787
2015-09-21,0.000928762062315901
2015-09-22,0.00135216628789186
2015-09-23,0.00159031375175462
2015-09-24,0.00223067396135853
2015-09-25,0.00149370154868734
2015-09-28,0.000797201860458719
2015-09-29,0.000687160935287642
2015-09-30,0.000599350682252147
2015-10-01,0.00152735856919819
2015-10-02,0.00576621812999931
2015-10-05,0.000869421579804221
2015-10-06,0.00137858679993368
2015-10-07,0.00194403942382824
2015-10-08,0.00154473149615671
2015-10-09,0.00111250123942304
2015-10-13,0.000844098030919633
2015-10-14,0.000641994229172913
2015-10-15,0.000932120590073872
2015-10-16,0.000416617853534728
2015-10-19,0.000233548086918296
2015-10-20,0.000267418132933723
2015-10-21,0.000710869509762842
2015-10-22,0.000512429060223312
2015-10-23,0.000634100237038752
2015-10-26,0.000619291527343283
2015-10-27,0.000583995953803832
2015-10-28,0.0011152046945935
2015-10-29,0.000778524641562455
2015-10-30,0.000354120080024854
2015-11-03,0.00275764070285717
2015-11-04,0.00206252024753275
2015-11-05,0.000504788691123341
2015-11-06,0.000707275821684243
2015-11-09,0.000692608665383517
2015-11-10,0.000202335914402704
2015-11-11,0.000217643043078076
2015-11-12,0.000272891380116201
2015-11-13,0.000718472652423542
2015-11-16,0.000974401372977451
2015-11-17,0.000290679789311409
2015-11-18,0.000332086106115913
2015-11-19,0.00076857201483808
2015-11-23,0.000354490269507281
2015-11-24,0.00161395688342268
2015-11-25,0.00110691670008503
2015-11-26,0.0002776318255678
2015-11-27,0.000509730909832599
2015-11-30,0.00109341101867229
2015-12-01,0.000599459421388592
2015-12-02,0.000372366456588415
2015-12-03,0.000818163556022728
2015-12-04,0.00184413479071527
2015-12-07,0.00140216402099413
2015-12-08,0.000450434934684653
2015-12-09,0.00191825477132046
2015-12-10,0.000440558699034235
2015-12-11,0.000680167714752342
2015-12-14,0.000180625339697183
2015-12-15,0.000191139192913729
2015-12-16,0.000503810800049509
2015-12-17,0.000726311327259032
2015-12-18,0.000237832526849387
2015-12-21,0.00169682002701581
2015-12-22,0.00031952152032314
2015-12-23,0.000215506993643395
2015-12-28,0.000491218302565209
2015-12-29,0.00028370048878832
2015-12-30,0.000471297839030673
2016-01-04,0.00180392880268514
2016-01-05,0.00112360320338184
2016-01-06,0.000168886894914413
2016-01-07,0.00112985500351773
2016-01-08,0.000933900497926077
2016-01-11,0.00059134278738348
2016-01-12,0.00397623683705272
2016-01-13,0.00287175489169415
2016-01-14,0.00387143999239182
2016-01-15,0.0010071193832268
2016-01-18,0.00242303773665997
2016-01-19,0.00258591020161705
2016-01-20,0.00108344334110274
2016-01-21,0.00170162487370534
2016-01-22,0.00235131608559631
2016-01-26,0.000733117692786011
2016-01-27,0.00430084897037082
2016-01-28,0.00981099120089155
2016-01-29,0.00189717467172959
2016-02-01,0.000636925216596761
2016-02-02,0.0022085519850695
2016-02-03,0.00170112207686948
2016-02-04,0.00562590828009896
2016-02-05,0.00104079220761697
2016-02-10,0.000322913716915276
2016-02-11,0.000461238650851112
2016-02-12,0.000820022667530088
2016-02-15,0.000111016394084555
2016-02-16,0.000851009224483423
2016-02-17,0.00159387561416781
2016-02-18,0.00166612265243348
2016-02-19,0.000518312289196613
2016-02-22,0.00259663074090301
2016-02-23,0.00299673657519425
2016-02-24,0.00123312472454484
2016-02-25,0.00124619577473879
2016-02-26,0.00106713088927169
2016-02-29,0.000865319931125019
2016-03-01,0.000959845432007763
2016-03-02,0.00309662186551739
2016-03-03,0.009125614945681
2016-03-04,0.00660656241030456
2016-03-07,0.00231717190219135
2016-03-08,0.00374986963830965
2016-03-09,0.00111082144594768
2016-03-10,0.00261726806767473
2016-03-11,0.0017298130804299
2016-03-14,0.00380073512479862
2016-03-15,0.00126355649781567
2016-03-16,0.00522662729031739
2016-03-17,0.00131560869216902
2016-03-18,0.00115766807607008
2016-03-21,0.000635667343373248
2016-03-22,0.00115475780913218
2016-03-23,0.000532306546260872
2016-03-24,0.00284607106391332
2016-03-28,0.00174629134352971
2016-03-29,0.00216649586202008
2016-03-30,0.00250758168672323
2016-03-31,0.000987702369653257
2016-04-01,0.00119281770564767
2016-04-04,0.00247254891021774
2016-04-05,0.00247520999830507
2016-04-06,0.000863004126061046
2016-04-07,0.000377809963307404
2016-04-08,0.000484045723609748
2016-04-11,0.000290305031333594
2016-04-12,0.00202148629297497
2016-04-13,0.000807019310961559
2016-04-14,0.00170954416349134
2016-04-15,0.00233532111498922
2016-04-18,0.00287352107604709
2016-04-19,0.000434835951662044
2016-04-20,0.000360493113849654
2016-04-22,0.00160084360362107
2016-04-25,0.00126829464745428
2016-04-26,0.00063425668678465
2016-04-27,0.00100654570577906
2016-04-28,0.000718219183088905
2016-04-29,0.000791239686151394
2016-05-02,0.00064815282454231
2016-05-03,0.000531518041687074
2016-05-04,0.00032465508368911
2016-05-05,0.00178658180106329
2016-05-06,0.00112396346222992
2016-05-09,0.00593569307250759
2016-05-10,0.000872423108521173
2016-05-11,0.000894150024011797
2016-05-12,0.00162644657748822
2016-05-13,0.001713281283439
2016-05-16,0.000418819816618703
2016-05-17,0.00068060753594903
2016-05-18,0.000582125041962369
2016-05-19,0.0016221702804058
2016-05-20,0.00134299594829786
2016-05-23,0.000308768078004875
2016-05-24,0.00077153766805483
2016-05-25,0.000575257422139142
2016-05-27,0.0005910611523868
2016-05-30,0.00162736512499677
2016-05-31,0.00146988016097099
2016-06-01,0.000845828658017002
2016-06-02,0.000771068265059811
2016-06-03,0.000238264969609706
2016-06-06,0.000529344112613925
2016-06-07,0.000536797047512653
2016-06-08,0.00162009082622103
2016-06-09,0.000462641500086767
2016-06-10,0.000201501698090926
2016-06-13,0.000490313041477364
2016-06-14,0.00134751150959828
2016-06-15,0.000885113631223762
2016-06-16,0.000344777121611366
2016-06-17,0.000223408767390152
2016-06-20,0.000263775022583457
2016-06-21,0.00152187313477933
2016-06-22,0.000665677646377998
2016-06-23,0.000141141697172822
2016-06-24,0.000728387819959455
2016-06-27,0.00137883042478407
2016-06-28,0.000188963930055749
2016-06-29,0.000252721014242674
2016-06-30,0.000257057682880634
2016-07-01,0.000900183140884355
2016-07-04,0.000247792197095372
2016-07-05,0.000782191764129952
2016-07-06,0.00137488482729726
2016-07-07,0.000803123131626219
2016-07-08,0.000273527988109409
2016-07-11,0.000530006604380204
2016-07-12,0.000152768972608393
2016-07-13,0.000586131832550437
2016-07-14,0.000315517388822086
2016-07-15,0.0001735950049048
2016-07-18,0.0021381633044175
2016-07-19,0.000578708956187879
2016-07-20,0.000340355385557966
2016-07-21,0.00017335112097886
2016-07-22,0.00016067809707098
2016-07-25,0.00028575632886086
2016-07-26,0.000122045576188282
2016-07-27,0.000730955823949836
2016-07-28,0.000448056435516404
2016-07-29,0.000354971380148181
2016-08-01,0.00151007510047893
2016-08-02,0.00075599038283428
2016-08-03,0.000868960819858568
2016-08-04,0.000156684307953168
2016-08-05,0.000687758111237491
2016-08-08,0.000187734126449511
2016-08-09,0.000260401353744129
2016-08-10,0.00043811317720393
2016-08-11,0.000642313049792217
2016-08-12,0.000512037340957472
2016-08-15,0.00021739936590983
2016-08-16,0.000417217904072587
2016-08-17,0.000444133930649601
2016-08-18,0.000135364789498753
2016-08-19,0.000106385637228907
2016-08-22,0.000252818352588912
2016-08-23,0.000437132878681549
2016-08-24,0.000265173745610321
2016-08-25,0.000194301885776275
2016-08-26,0.00045471039878228
2016-08-29,0.000581329302604899
2016-08-30,0.000142084651182125
2016-08-31,0.000558241191723272
2016-09-01,0.000235141081797902
2016-09-02,0.000373412168919909
2016-09-05,7.5430209766426e-05
2016-09-06,0.000386096500667379
2016-09-08,0.000196881552272083
2016-09-09,0.00049522418446429
2016-09-12,0.000900734633004952
2016-09-13,0.00166588925934066
2016-09-14,0.000316566943059573
2016-09-15,0.000323360155170227
2016-09-16,0.000138050818722155
2016-09-19,0.000553141296058193
2016-09-20,0.000178654156263304
2016-09-21,0.000165342958919103
2016-09-22,0.000115594157421856
2016-09-23,0.00036885617072263
2016-09-26,0.000177074189589401
2016-09-27,0.000587386556225805
2016-09-28,0.00105747607730642
2016-09-29,0.000426753045265385
2016-09-30,0.000212220788466031
2016-10-03,0.00023219551347502
2016-10-04,0.000155323826628565
2016-10-05,0.000400822851132287
2016-10-06,0.000376387277373368
2016-10-07,0.000263316275666558
2016-10-10,9.96799360785967e-05
2016-10-11,0.000206204463295426
2016-10-13,0.000946473154574487
2016-10-14,0.000133145568269091
2016-10-17,0.000914695135160011
2016-10-18,0.000251815931392221
2016-10-19,0.000236750430794412
2016-10-20,0.000319229075347836
2016-10-21,0.000424376805681541
2016-10-24,0.000201017305709474
2016-10-25,0.000374542138298856
2016-10-26,0.000459627654155495
2016-10-27,0.000172520910253426
2016-10-28,0.000126993496356869
2016-10-31,0.000353460470816774
2016-11-01,0.00212139580422386
2016-11-03,0.00106327073679694
2016-11-04,0.000613688335328796
2016-11-07,0.000313520379636573
2016-11-08,0.00069363357202081
2016-11-09,0.00221892868516968
2016-11-10,0.00381939905203291
2016-11-11,0.00386315250618816
2016-11-14,0.00137818567374948
2016-11-16,0.00103417053315934
2016-11-17,0.00174711985102446
2016-11-18,0.000398053279645916
2016-11-21,0.000762190906864413
2016-11-22,0.00101300875287515
2016-11-23,0.000307311954657072
2016-11-24,0.000149085349389952
2016-11-25,0.000341073377760062
2016-11-28,0.00019762711840409
2016-11-29,0.00100289732087914
2016-11-30,0.000480034681895979
2016-12-01,0.00149659679608168
2016-12-02,0.00206709728508312
2016-12-05,0.000420313611725709
2016-12-06,0.000299281889858177
2016-12-07,0.000439165945925977
2016-12-08,0.000334619885569403
2016-12-09,0.000211043374951526
2016-12-12,0.000322660827696932
2016-12-13,0.000143629696844291
2016-12-14,0.000842728943629404
2016-12-15,0.000567792599134251
2016-12-16,0.000233048398631447
2016-12-19,0.000492159739857133
2016-12-20,0.000420910798639763
2016-12-21,0.000343439125053959
2016-12-22,0.000360493114752106
2016-12-23,0.000207377453078761
2016-12-26,5.66711533378676e-05
2016-12-27,0.000146188549206846
2016-12-28,0.00034339630649869
2016-12-29,0.000216335750214634
2017-01-02,1.68051608306214e-05
2017-01-03,0.000755230137413374
2017-01-04,0.000205672444005791
2017-01-05,0.000122052614388783
2017-01-06,0.000257817561776372
2017-01-09,0.000109942166532802
2017-01-10,0.000125693625536563
2017-01-11,0.000253204697680009
2017-01-12,0.000170994833285359
2017-01-13,0.000209706261893933
2017-01-16,4.24776143215818e-05
2017-01-17,8.9790025944825e-05
2017-01-18,6.97526880939311e-05
2017-01-19,0.000131197615252898
2017-01-20,0.000203461670871478
2017-01-23,0.00012776328302586
2017-01-24,0.000290842954274501
2017-01-26,0.000214446176828822
2017-01-27,0.000159256991036486
2017-01-30,0.000744959430291435
2017-01-31,0.000347868594068157
2017-02-01,0.000392405331707931
2017-02-02,0.000280183689946956
2017-02-03,0.00051713807380122
2017-02-06,0.000421645451358152
2017-02-07,0.000342435920022458
2017-02-08,0.00115280045578209
2017-02-09,0.000124022820779241
2017-02-10,0.000365919148967692
2017-02-13,0.000188929605870618
2017-02-14,0.000221030040373743
2017-02-15,0.000103812493745209
2017-02-16,0.000145916172157048
2017-02-17,0.000130864606376817
2017-02-20,0.000157049136151396
2017-02-21,5.00142599179396e-05
2017-02-22,0.000292791909158213
2017-02-23,0.000556218311685902
2017-02-24,0.000211363273188913
2017-03-01,8.00890281760237e-05
2017-03-02,0.000329508809876065
2017-03-03,0.000140692110311596
2017-03-06,0.000286605519574997
2017-03-07,0.000104843762310698
2017-03-08,0.00064803111170661
2017-03-09,0.000307720981454671
2017-03-10,0.000697094454612895
2017-03-13,0.00010188284470016
2017-03-14,0.000489516360707904
2017-03-15,0.000791834039484394
2017-03-16,0.000753997182399296
2017-03-17,0.0013713021540958
2017-03-20,0.00118012649490114
2017-03-21,0.00135383226561923
2017-03-22,0.000960324130522088
2017-03-23,0.000311130618009313
2017-03-24,0.000363015578637048
2017-03-27,0.00119069703630799
2017-03-28,0.000214580323625501
2017-03-29,0.000560292590448122
2017-03-30,0.000144378683948522
2017-03-31,0.000262579165478935
2017-04-03,8.14505650167213e-05
2017-04-04,0.000170232772988103
2017-04-05,0.00071460082145024
2017-04-06,0.000340587865639963
2017-04-07,0.000149211728270316
2017-04-10,9.45931321217394e-05
2017-04-11,0.000320127624275755
2017-04-12,0.000104252248051685
2017-04-13,0.000648760902355988
2017-04-17,0.000259780989167364
2017-04-18,0.000317358626770596
2017-04-19,0.000993100307859192
2017-04-20,0.000138776999935185
2017-04-24,0.000105395960692458
2017-04-25,0.000531398724973765
2017-04-26,0.00042684230463606
2017-04-27,0.000418746206155713
2017-04-28,0.000314071252148338
2017-05-02,0.000435977459034845
2017-05-03,0.000163286996453073
2017-05-04,0.000334619885557955
2017-05-05,0.000562003159824837
2017-05-08,0.000246112814814922
2017-05-09,7.21589492041746e-05
2017-05-10,0.000330792042507641
2017-05-11,0.00012945168883639
2017-05-12,7.97785944341579e-05
2017-05-15,7.02848282147121e-05
2017-05-16,9.95525844205784e-05
2017-05-17,6.52352380989544e-05
2017-05-18,0.00496572125188973
2017-05-19,0.000373183637858851
2017-05-22,0.000534075441002542
2017-05-23,9.59301804083234e-05
2017-05-24,0.000299150733591936
2017-05-25,0.000584727713526677
2017-05-26,0.000296855370337215
2017-05-29,9.35572150744414e-05
2017-05-30,0.000155165159393747
2017-05-31,0.000271171794641183
2017-06-01,0.000467573984865418
2017-06-02,0.000298372154975603
2017-06-05,0.00021589487972593
2017-06-06,0.000186880393535471
2017-06-07,0.000592791333082809
2017-06-08,0.000136845424505317
2017-06-09,0.000156433019107324
2017-06-12,0.000146524830761903
2017-06-13,0.000135574833336136
2017-06-14,0.000405525426138924
2017-06-16,0.000338771099178942
2017-06-19,0.000147925164895863
2017-06-20,0.00034611079379727
2017-06-21,0.000721120551683684
2017-06-22,0.00026171833191135
2017-06-23,0.000196057716557478
2017-06-26,0.000164631572404916
2017-06-27,0.000291840772694512
2017-06-28,0.000234239814586327
2017-06-29,0.000106957438244002
2017-06-30,0.000199375710042675
2017-07-03,8.58559003013127e-05
2017-07-04,2.8498055180289e-05
2017-07-05,0.000380267688216933
2017-07-06,0.000189376550870074
2017-07-07,0.000256082487750473
2017-07-10,0.000186471412566754
2017-07-11,0.000736291408807481
2017-07-12,0.000511304077070942
2017-07-13,0.000124462058985081
2017-07-14,4.81307708294747e-05
2017-07-17,6.95766505659059e-05
2017-07-18,7.79428510154204e-05
2017-07-19,0.000188593723129471
2017-07-20,0.000212308566841216
2017-07-21,0.000298836611490146
2017-07-24,4.91856844823646e-05
2017-07-25,0.000120512407853872
2017-07-26,0.000269936704232814
2017-07-27,6.08803517588437e-05
2017-07-28,0.000102981356247225
2017-07-31,0.000119418443241756
2017-08-01,0.000119237564779616
2017-08-02,0.000569040686098132
2017-08-03,0.000242995089996547
2017-08-04,9.7659994311906e-05
2017-08-07,0.000167065402751925
2017-08-08,0.000103540753523584
2017-08-09,5.69835208245761e-05
2017-08-10,0.000522186992897873
2017-08-11,0.000142737705962548
2017-08-14,0.000203076589135097
2017-08-15,7.535562784906e-05
2017-08-16,0.000161319554400301
2017-08-17,0.000120329039135768
2017-08-18,0.000390108989522176
2017-08-21,0.000287080807817478
2017-08-22,0.000100848459374165
2017-08-23,0.000148707174036568
2017-08-24,8.37059625548654e-05
2017-08-25,3.1662239134318e-05
2017-08-28,0.00013619222190819
2017-08-29,5.50137184083637e-05
2017-08-30,0.000408484097310187
2017-08-31,0.000174999964765844
2017-09-01,0.000251769022610976
2017-09-04,0.000105096312811999
2017-09-05,0.000305168696320257
2017-09-06,0.000430402085810564
2017-09-08,0.000342895176009333
2017-09-11,9.32043367564719e-05
2017-09-12,0.000144086930087961
2017-09-13,0.00013563286275183
2017-09-14,9.06365717124436e-05
2017-09-15,5.13886475287002e-05
2017-09-18,6.98998970407138e-05
2017-09-19,9.95933101864666e-05
2017-09-20,0.000988602347421785
2017-09-21,0.000209440364544205
2017-09-22,0.00020252314401535
2017-09-25,9.73013668744959e-05
2017-09-26,0.000168518954039443
2017-09-27,0.000564937657229021
2017-09-28,0.000119859436724993
2017-09-29,7.35138866938976e-05
2017-10-02,0.000179766453891087
2017-10-03,0.000307702371959568
2017-10-04,0.000121589391003119
2017-10-05,9.54831759672307e-05
2017-10-06,7.7853779442625e-05
2017-10-09,0.000131030952122523
2017-10-10,4.50834199553632e-05
2017-10-11,7.98517282365588e-05
2017-10-13,7.29283314288656e-05
2017-10-16,9.37154762464686e-05
2017-10-17,3.11334474263617e-05
2017-10-18,3.09033239745997e-05
2017-10-19,9.48884258535479e-05
2017-10-20,6.5866460507638e-05
2017-10-23,3.9693764288275e-05
2017-10-24,0.000156170721870983
2017-10-25,0.00010274447022035
2017-10-26,6.78045393697146e-05
2017-10-27,0.000245379895744325
2017-10-30,0.000232007716471726
2017-10-31,6.73220741628545e-05
2017-11-01,6.04763104631509e-05
2017-11-03,0.00013842934890563
2017-11-06,0.000257703422562469
2017-11-07,0.000910075991728243
2017-11-08,0.000249504330902162
2017-11-09,6.16316855805357e-05
2017-11-10,0.000116958161964345
2017-11-13,0.000189474475143615
2017-11-14,0.00219585769644929
2017-11-16,0.000455480278762831
2017-11-17,0.000135996390365715
2017-11-21,0.000295200685815841
2017-11-22,0.000133974668456481
2017-11-23,0.000142492284179926
2017-11-24,0.000149580291026785
2017-11-27,8.21787014624408e-05
2017-11-28,7.52361280592122e-05
2017-11-29,0.000532306546235137
2017-11-30,0.000358318409278043
2017-12-01,0.000389788983549984
2017-12-04,0.000170682375360769
2017-12-05,0.000575744803267168
2017-12-06,0.000475792215045443
2017-12-07,0.000272534263864142
2017-12-08,0.00016318176087663
2017-12-11,6.02845479715738e-05
2017-12-12,0.000147400838877842
2017-12-13,0.000494543061362973
2017-12-14,0.000150923317256349
2017-12-15,0.00013312849569442
2017-12-18,6.21995458711494e-05
2017-12-19,5.6691930579748e-05
2017-12-20,2.62616255566993e-05
2017-12-21,0.000482555734373989
2017-12-22,5.78657907756577e-05
2017-12-26,0.000129381644628304
2017-12-27,3.57989768801642e-05
2017-12-28,2.36180769979356e-05
2018-01-02,0.000174444466259654
2018-01-03,0.000161417080176566
2018-01-04,0.000147911067801419
2018-01-05,0.000108572432899343
2018-01-08,0.000129780780984256
2018-01-09,4.95708576022257e-05
2018-01-10,9.88924738096495e-05
2018-01-11,0.000261948391506566
2018-01-12,0.00018512576190405
2018-01-15,0.00010141209696043
2018-01-16,0.000340742984708501
2018-01-17,0.000333633654497981
2018-01-18,0.000390770821818321
2018-01-19,0.000165174056681448
2018-01-22,0.000155869318929761
2018-01-23,0.000229669308847077
2018-01-24,0.00145991938212495
2018-01-26,0.000731775075724243
2018-01-29,0.000211772990787908
2018-01-30,0.000158399696129795
2018-01-31,5.74720124830266e-05
2018-02-01,0.000654591205098636
2018-02-02,0.000289080636707429
2018-02-05,0.000820263014264952
2018-02-06,0.00181794525199204
2018-02-07,0.000681328537992501
2018-02-08,0.00085857671600026
2018-02-09,0.000778068066932317
2018-02-14,0.000157208154801478
2018-02-15,0.000131812955199028
2018-02-16,6.95408727591684e-05
2018-02-19,0.000277631825760988
2018-02-20,0.000873861262037361
2018-02-21,0.000338537010381945
2018-02-22,6.61215172972401e-05
2018-02-23,0.000223720170800465
2018-02-26,7.47417362690136e-05
2018-02-27,0.000201181877019758
2018-02-28,0.000272274435119994
2018-03-01,0.000396655754300519
2018-03-02,0.000817384615605091
2018-03-05,0.000499651859395245
2018-03-06,0.000432232993842973
2018-03-07,0.000276537938098527
2018-03-08,0.000242455340562747
2018-03-09,0.000477463168640809
2018-03-12,9.30796016123388e-05
2018-03-13,0.00016711707807762
2018-03-14,8.91298395638167e-05
2018-03-15,0.000577497507147271
2018-03-16,0.000203247387347775
2018-03-19,0.000202357217238555
2018-03-20,7.18199254504781e-05
2018-03-21,0.000609960595040244
2018-03-22,0.00016045419671745
2018-03-23,0.000254866167485838
2018-03-26,9.64060451338498e-05
2018-03-27,0.000499192935971234
2018-03-28,0.000141569538787496
2018-03-29,8.58094397511793e-05
2018-04-02,0.000385219143064434
2018-04-03,0.000231409824513051
2018-04-04,0.000209028951492189
2018-04-05,7.23635172841376e-05
2018-04-06,0.000164763932479294
2018-04-09,0.000678446373571994
2018-04-10,0.000454280119201771
2018-04-11,0.000250844231589748
2018-04-12,5.12578278791513e-05
2018-04-13,0.000364231849278095
2018-04-16,0.000337612786088398
2018-04-17,0.000175571219656958
2018-04-18,0.00024268001743547
2018-04-19,0.000162183750474553
2018-04-20,0.000229939541940656
2018-04-23,0.000213229722261437
2018-04-24,0.000207768031696018
2018-04-25,0.000159138007924177
2018-04-26,0.000315977458784633
2018-04-27,5.06026240522593e-05
2018-04-30,0.000105303625094976
2018-05-02,0.000123259729581052
2018-05-03,0.000325480529647692
2018-05-04,9.79290473165926e-05
2018-05-07,0.000320025637912451
2018-05-08,0.000274567237611094
2018-05-09,0.001562996461197
2018-05-10,0.00134632145284767
2018-05-11,0.000427125311119903
2018-05-14,0.000236883274721613
2018-05-15,0.000528226227945239
2018-05-16,0.000232381038712779
2018-05-17,0.00232649590094139
2018-05-18,0.000808268924496114
2018-05-21,0.00100229249454998
2018-05-22,0.000767328432686149
2018-05-23,0.000926796736475712
2018-05-24,0.00107006926518509
2018-05-25,0.00223455518747213
2018-05-28,0.00581777578160732
2018-05-29,0.00356601748875139
2018-05-30,0.0033700487944969
2018-06-01,0.0286399809390515
2018-06-04,0.000417401229382922
2018-06-05,0.00178747322975793
2018-06-06,0.000893762093362993
2018-06-07,0.00226045984268379
2018-06-08,0.00188803556287048
2018-06-11,0.000677173865616741
2018-06-12,0.000292186103334702
2018-06-13,0.000911635178897774
2018-06-14,0.000385255640117009
2018-06-15,0.000595354342336168
2018-06-18,0.000254071275492008
2018-06-19,0.00388656196623043
2018-06-20,0.000640403681154061
2018-06-21,0.00217730184469967
2018-06-22,0.000687809842994485
2018-06-25,0.00080811297231926
2018-06-26,0.000501454763013812
2018-06-27,0.00111916643675631
2018-06-28,0.000708414102055657
2018-06-29,0.000265357744388813
2018-07-02,0.000410677768463981
2018-07-03,0.000213488977284935
2018-07-04,0.00165953012267674
2018-07-05,0.00143702220362114
2018-07-06,0.000218682827278936
2018-07-10,0.000716653823107294
2018-07-11,0.000701437274562581
2018-07-12,0.000285586064242867
2018-07-13,0.000178521686514663
2018-07-16,0.000164574624170681
2018-07-17,0.000526894269272064
2018-07-18,0.000231188778685376
2018-07-19,0.000481263238615989
2018-07-20,0.000295849386885991
2018-07-23,6.51870586866559e-05
2018-07-24,0.00010743888467528
2018-07-25,0.000139869215112013
2018-07-26,0.000313954354505867
2018-07-27,6.2954052052314e-05
2018-07-30,0.000145732905327265
2018-07-31,9.58502259727546e-05
2018-08-01,0.000203759642522863
2018-08-02,0.000599269475681639
2018-08-03,0.000167915005198909
2018-08-06,0.000192242714026782
2018-08-07,0.000647091390179204
2018-08-08,0.000767701190279955
2018-08-09,0.000270759157379907
2018-08-10,0.000576939714733867
2018-08-13,0.000553682769212177
2018-08-14,0.000302763241220096
2018-08-15,0.000369965701259646
2018-08-16,0.000334034846498032
2018-08-17,0.000219911850563611
2018-08-20,0.000189998021207371
2018-08-21,0.000853835264210304
2018-08-22,0.0005923939426525
2018-08-23,0.000446088715528314
2018-08-24,0.000164812102793915
2018-08-27,0.000222292076093911
2018-08-28,0.000271341978110036
2018-08-29,0.000748613558914937
2018-08-30,0.000730695949087016
2018-08-31,0.000265417939311123
2018-09-03,0.000137580342360594
2018-09-04,0.000327926642682755
2018-09-05,0.000341889241393818
2018-09-06,0.000299198605587844
2018-09-10,0.000292186103330936
2018-09-11,0.000219205235345238
2018-09-12,0.000338639226416048
2018-09-13,0.000263350306314873
2018-09-14,0.000237155349728698
2018-09-17,0.000734535942434782
2018-09-18,0.000556489448985531
2018-09-19,0.000352802701613079
2018-09-20,0.000323037634135182
2018-09-21,0.000109093971368302
2018-09-24,0.000212986951291417
2018-09-25,0.000352277807249725
2018-09-26,9.68854594030521e-05
2018-09-27,0.000804556682237018
2018-09-28,0.000661842202756849
2018-10-01,0.000254566044401563
2018-10-02,0.000610757997586768
2018-10-03,0.00232214928896909
2018-10-04,0.00108730761904881
2018-10-05,0.000536109349720393
2018-10-08,0.000772855816139859
2018-10-09,0.000263489901975474
2018-10-10,0.000291757448266424
2018-10-11,0.0015361335294397
2018-10-15,0.000175583039567355
2018-10-16,0.000211826457109377
2018-10-17,7.06065549865832e-05
2018-10-18,0.000218224599142686
2018-10-19,0.000179360094629482
2018-10-22,5.6207604683695e-05
2018-10-23,0.00023688327491023
2018-10-24,0.00089283179419537
2018-10-25,0.000475571383047599
2018-10-26,0.00109558427958493
2018-10-29,0.00370462002723544
2018-10-30,0.00121679042469963
2018-10-31,0.000494686589694622
2018-11-01,0.000393151768788956
2018-11-05,0.000262826417454911
2018-11-06,0.000810189337273719
2018-11-07,0.000959528790874437
2018-11-08,0.00148511500230484
2018-11-09,0.000614473911787929
2018-11-12,0.00021836845834348
2018-11-13,0.00111602643040683
2018-11-14,0.000980908093666831
2018-11-16,0.000416473207600663
2018-11-19,0.000398964699416116
2018-11-21,0.000125021470542635
2018-11-22,4.77092043326082e-05
2018-11-23,0.000377995788046779
2018-11-26,0.000530195109045885
2018-11-27,0.00118212964162354
2018-11-28,0.000374197210493963
2018-11-29,0.000218517107693091
2018-11-30,0.000135138148356354
2018-12-03,0.000280785797594793
2018-12-04,0.000529754080368296
2018-12-05,0.000333212318584012
2018-12-06,0.000387472702232208
2018-12-07,0.000602485540321322
2018-12-10,0.00131683442999609
2018-12-11,0.000649420058606065
2018-12-12,0.000318707851008684
2018-12-13,0.00016083325014945
2018-12-14,9.2176905432155e-05
2018-12-17,0.000150163355755752
2018-12-18,0.000460140883623899
2018-12-19,0.000695086338496092
2018-12-20,0.000712023784456495
2018-12-21,0.000411464487196295
2018-12-26,0.00129303678084221
2018-12-27,0.000377809962178921
2018-12-28,0.000402431263872577
2019-01-02,0.00246455868894703
2019-01-03,0.00063514432997585
2019-01-04,0.000130546954744539
2019-01-07,0.000838336043210086
2019-01-08,0.000242000033162342
2019-01-09,6.88914861989496e-05
2019-01-10,6.54495726742466e-05
2019-01-11,7.06096066808958e-05
2019-01-14,0.000107782166831636
2019-01-15,0.000102538332490474
2019-01-16,3.38330552170963e-05
2019-01-17,0.000222029137151788
2019-01-18,4.37611070718946e-05
2019-01-21,0.000104067825385434
2019-01-22,0.000130243622736566
2019-01-23,8.10479581840328e-05
2019-01-24,2.69943333541928e-05
2019-01-28,0.00035635467651408
2019-01-29,0.000113794322633048
2019-01-30,0.00011555457751687
2019-01-31,8.69681568463049e-05
2019-02-01,0.000126707783227029
2019-02-04,0.000145845643917605
2019-02-05,4.50274666977044e-05
2019-02-06,0.000149056207583832
2019-02-07,0.000801077381154367
2019-02-08,0.000174510366207457
2019-02-11,0.000231747265622295
2019-02-12,0.000212568446474337
2019-02-13,6.89898274048538e-05
2019-02-14,0.000464497126927833
2019-02-15,4.80257199621808e-05
2019-02-18,7.36093935288254e-05
2019-02-19,0.000153794956897588
2019-02-20,0.000302843669485807
2019-02-21,0.00021958800121118
2019-02-22,0.000155926183945241
2019-02-25,8.01695182106149e-05
2019-02-26,0.000162497451986441
2019-02-27,0.000191047378566566
2019-02-28,0.000646101535658005
2019-03-01,0.000191047378566566
2019-03-06,4.28219259849909e-05
2019-03-07,8.92500600370302e-05
2019-03-08,0.000144442607327227
2019-03-11,0.000284977503233152
2019-03-12,0.00023861823445805
2019-03-13,0.000173355913531752
2019-03-14,3.85387594530103e-05
2019-03-15,3.54324200498627e-05
2019-03-18,0.000124520246068578
2019-03-19,0.000346239629996337
2019-03-20,0.00020658574191614
2019-03-21,0.000491563821580916
2019-03-22,0.000616842797160534
2019-03-25,0.000288972508189421
2019-03-26,0.000418063922499141
2019-03-27,0.000353928831577312
2019-03-28,0.000587563909080726
2019-03-29,0.000284401553360989
2019-04-01,0.000137741580843775
2019-04-02,8.85611947601313e-05
2019-04-03,0.000477029114392358
2019-04-04,0.000559991535512783
2019-04-05,0.000204626187301115
2019-04-08,7.11831415899589e-05
2019-04-09,0.000139780043749801
2019-04-10,0.000264484409522444
2019-04-11,0.000310613766065934
2019-04-12,0.00102484010205414
2019-04-15,0.000563360751437055
2019-04-16,0.00106317203421867
2019-04-17,0.000631038818344254
2019-04-18,0.000194374805080431
2019-04-22,0.00015378699770317
2019-04-23,4.76524907051542e-05
2019-04-24,0.00021975221765579
2019-04-25,0.000191861141149236
2019-04-26,0.00024193755984917
2019-04-29,3.74459340450708e-05
2019-04-30,0.000223468250436451
2019-05-02,4.56373254072457e-05
2019-05-03,2.40173426522817e-05
2019-05-06,8.59171501177716e-05
2019-05-07,0.00015102665205131
2019-05-08,0.000695279702987321
2019-05-09,0.000115016878267875
2019-05-10,0.000126775101388505
2019-05-13,0.000222950633273413
2019-05-14,7.68095456429971e-05
2019-05-15,2.87196164932459e-05
2019-05-16,0.000351179335719421
2019-05-17,0.000523238557686252
2019-05-20,0.000444133930157656
2019-05-21,0.000613144835076595
2019-05-22,0.000136515691130296
2019-05-23,8.72388855545364e-05
2019-05-24,9.75649321209472e-05
2019-05-27,7.10896247393326e-05
2019-05-28,0.000231188778877661
2019-05-29,0.000104126319287558
2019-05-30,0.0003910223026012
2019-05-31,0.000390191340749816
2019-06-03,0.000117098701998531
2019-06-04,6.07410072298698e-05
2019-06-05,0.000286009285725835
2019-06-06,0.000436025059248891
2019-06-07,0.000107866996149273
2019-06-10,6.92383525633185e-05
2019-06-11,0.000166447167702662
2019-06-12,0.000115016878151716
2019-06-13,4.6729652702877e-05
2019-06-14,6.02734154853166e-05
2019-06-17,0.000107734241321408
2019-06-18,3.50609453494071e-05
2019-06-19,6.57463393261378e-05
2019-06-21,8.79961894291314e-05
2019-06-24,3.05513545756785e-05
2019-06-25,0.000284583098136855
2019-06-26,7.88778348113465e-05
2019-06-27,0.000141332388251199
2019-06-28,0.000120461022361442
2019-07-01,0.000317949911726803
2019-07-02,0.00018472795265248
2019-07-03,4.73885558848266e-05
2019-07-04,3.23581019299826e-05
2019-07-05,0.000101957337540743
2019-07-08,3.71748776036775e-05
2019-07-10,4.10520323209533e-05
2019-07-11,5.50319936094253e-05
2019-07-12,4.81038240602423e-05
2019-07-15,9.86812737120448e-05
2019-07-16,0.000245798906901134
2019-07-17,6.03972853647888e-05
2019-07-18,6.82728595630018e-05
2019-07-19,2.52571187290469e-05
2019-07-22,7.22532574629602e-05
2019-07-23,2.52020717140034e-05
2019-07-24,5.52543088715204e-05
2019-07-25,0.000232894832221305
2019-07-26,0.000252644573892
2019-07-29,0.000121065035979949
2019-07-30,4.99782816461742e-05
2019-07-31,0.000120512407816227
2019-08-01,0.001057610587841
2019-08-02,0.000189906136560311
2019-08-05,0.000201249098803899
2019-08-06,0.000156191964529512
2019-08-07,0.000298779291262957
2019-08-08,0.000127082226704946
2019-08-09,0.000180223494106916
2019-08-12,7.86715951916824e-05
2019-08-13,0.000443096627927057
2019-08-14,0.000206444545779453
2019-08-15,0.000441966984037419
2019-08-16,0.00047194390268502
2019-08-19,0.000260771801041677
2019-08-20,0.000163764928686685
2019-08-21,0.00187940571733233
2019-08-22,0.000174779890433858
2019-08-23,0.000762384169889786
2019-08-26,0.000509063447828943
2019-08-27,0.000622491836940558
2019-08-28,0.000203645981151095
2019-08-29,0.000385317073404017
2019-08-30,0.000150819946180706
2019-09-02,6.08099159514611e-05
2019-09-03,0.000222872139107381
2019-09-04,7.20157174826457e-05
2019-09-05,0.000103500084762898
2019-09-06,0.000223240362082209
2019-09-09,5.11932569852705e-05
2019-09-10,0.000159985381828319
2019-09-11,0.00013290150406278
2019-09-12,0.000124709052218361
2019-09-13,7.13915645391035e-05
2019-09-16,0.000139520581864784
2019-09-17,0.000166574724410112
2019-09-18,3.51378908296646e-05
2019-09-19,0.000188826689155657
2019-09-20,9.00436002950229e-05
2019-09-23,0.000158342892804213
2019-09-24,7.33673156779526e-05
2019-09-25,0.000159985381828319
2019-09-26,0.000105626345436813
2019-09-27,8.66986863383108e-05
2019-09-30,2.74312550284785e-05
2019-10-01,6.50796941101039e-05
2019-10-02,0.000210062948422393
2019-10-03,0.000143790331039036
2019-10-04,0.000215468859141366
2019-10-07,0.000129873151813959
2019-10-08,0.000126210425337956
2019-10-09,0.000161930542890134
2019-10-10,5.84435158487528e-05
2019-10-11,9.05086172752778e-05
2019-10-14,7.45073405442369e-05
2019-10-15,0.000153898485748167
2019-10-16,0.000175367076405973
2019-10-17,7.84810227952897e-05
2019-10-18,7.10108408807022e-05
2019-10-21,2.07224445380969e-05
2019-10-22,0.000374977042454134
2019-10-23,0.000173022113300295
2019-10-24,0.000454393957624525
2019-10-25,0.000122683043874334
2019-10-28,0.000121766362133923
2019-10-29,0.000190365022037166
2019-10-30,0.000156343530679646
2019-10-31,0.000268600738282234
2019-11-01,0.000747649977767909
2019-11-04,0.000612095957630447
2019-11-05,0.00041452783701572
2019-11-06,0.00282444519661537
2019-11-07,0.000919715233275817
2019-11-08,0.000289444965999656
2019-11-11,0.000173191765626257
2019-11-12,0.000141342751250877
2019-11-13,0.000109313230050057
2019-11-14,0.000282002668169443
2019-11-18,0.000252865169488529
2019-11-19,0.000245870634746426
2019-11-21,0.000393619852972567
2019-11-22,0.000244657873843864
2019-11-25,8.93311969424303e-05
2019-11-26,0.000165459285894394
2019-11-27,0.000108574980400922
2019-11-28,0.000225831156325815
2019-11-29,0.000127225744817818
2019-12-02,7.77636448050484e-05
2019-12-03,9.10020882698e-05
2019-12-04,0.000126361244694299
2019-12-05,0.000304281442990978
2019-12-06,8.28024702868758e-05
2019-12-09,5.09148547735183e-05
2019-12-10,0.00011555124675403
2019-12-11,7.85928339895709e-05
2019-12-12,0.000123815571867884
2019-12-13,0.000471711167013127
2019-12-16,0.000234772832591689
2019-12-17,9.0539841208299e-05
2019-12-18,0.00030065677593251
2019-12-19,4.1988840754064e-05
2019-12-20,0.000132076383161576
2019-12-23,8.69853996934503e-05
2019-12-26,7.06910783657391e-05
2019-12-27,0.000152841591592828
2019-12-30,0.000122154989618582
2020-01-02,5.89540349273962e-05
2020-01-03,0.000236617392969334
2020-01-06,0.000381442891522459
2020-01-07,6.44356255513288e-05
2020-01-08,0.000108879490046494
2020-01-09,5.330673480367e-05
2020-01-10,3.77911722026309e-05
2020-01-13,1.89891412933281e-05
2020-01-14,0.000100058332283262
2020-01-15,6.20469341779364e-05
2020-01-16,5.66818212157105e-05
2020-01-17,3.930783860192e-05
2020-01-20,8.18352041404746e-05
2020-01-21,6.20052208713438e-05
2020-01-22,0.000120532807903053
2020-01-23,0.000371540422082908
2020-01-24,0.000170232772850957
2020-01-27,0.000428186408886805
2020-01-28,0.00022575806096241
2020-01-29,7.27198322802178e-05
2020-01-30,0.000325942613447085
2020-01-31,0.00012408483571274
2020-02-03,0.000144837643060305
2020-02-04,0.00010019179415849
2020-02-05,0.000299498792473898
2020-02-06,0.000839605694041651
2020-02-07,0.000164413584340273
2020-02-10,0.000103796520264107
2020-02-11,5.69516495932109e-05
2020-02-12,0.000169838715360486
2020-02-13,0.000130864606286788
2020-02-14,0.000157717608193187
2020-02-17,8.74634858450774e-05
2020-02-18,0.00028137571761573
2020-02-19,0.000247570986176464
2020-02-20,0.000509997676548882
2020-02-21,0.000176853061488704
2020-02-26,0.000935475240535615
2020-02-27,0.00146856353971189
2020-02-28,0.000506373006120132
2020-03-02,0.00085332241960408
2020-03-03,0.00150680711295874
2020-03-04,0.000249990854330783
2020-03-05,0.00210145489270826
2020-03-06,0.00165408903605207
2020-03-09,0.0101859515259354
2020-03-10,0.00613255500520596
2020-03-11,0.00635897540724561
2020-03-12,0.0180754100680915
2020-03-13,0.0134021118415616
2020-03-16,0.00489130057617275
2020-03-17,0.00141400776927016
2020-03-18,0.00543706224527673
2020-03-19,0.0124986003542351
2020-03-20,0.00628923735770848
2020-03-23,0.00212534738221186
2020-03-24,0.00344106871944155
2020-03-25,0.00728954675340818
2020-03-26,0.00327184698435686
2020-03-27,0.000384912443814916
2020-03-30,0.00169361233065354
2020-03-31,0.00161103616299273
2020-04-01,0.00281368345200025
2020-04-02,0.00344058337711803
2020-04-03,0.00301745467384656
2020-04-06,0.00124872629574049
2020-04-07,0.000688978328055923
2020-04-08,0.00160134531007477
2020-04-09,0.00560205638225565
2020-04-13,0.000746343225636712
2020-04-14,0.000597498803118763
2020-04-15,0.000513719306780494
2020-04-16,0.00209541018389391
2020-04-17,0.000466845798319842
2020-04-20,0.00141069083150714
2020-04-22,0.00128353411329109
2020-04-23,0.000816721950616311
2020-04-24,0.00320311848657831
2020-04-27,0.000777641075755158
2020-04-28,0.000483245799962217
2020-04-29,0.00100456276441705
2020-04-30,0.000573401879284319
2020-05-04,0.000230657559160739
2020-05-05,0.000406356231004859
2020-05-06,0.000703026548754289
2020-05-07,0.000314532583710943
2020-05-08,0.00082947929711768
2020-05-11,0.000707297652401865
2020-05-12,0.000517619423153348
2020-05-13,0.000772721552931722
2020-05-14,0.000694445574416737
2020-05-15,0.00125014089736839
2020-05-18,0.000417261506839161
2020-05-19,0.00027982644435328
2020-05-20,0.000140555705805466
2020-05-21,0.000468712173857697
2020-05-22,0.000314565065222796
2020-05-25,8.61634893932559e-05
2020-05-26,0.000536384376178369
2020-05-27,0.00057487045968842
2020-05-28,0.000366501331175431
2020-05-29,0.000993512369317259
2020-06-01,0.00027504888981079
2020-06-02,0.00052355341088965
2020-06-03,0.000192210108840913
2020-06-04,0.00043095421557026
2020-06-05,0.000667869414160984
2020-06-08,0.000244011208838622
2020-06-09,0.000120991132913582
2020-06-10,0.000635144329638996
2020-06-12,0.0009702146658022
2020-06-15,0.00210167677897494
2020-06-16,0.000425767031034938
2020-06-17,0.000382393449658244
2020-06-18,0.000374150345198815
2020-06-19,0.000764800868144791
2020-06-22,0.000391445506205529
2020-06-23,0.000668507138784688
2020-06-24,0.000583532421640992
2020-06-25,0.000443712963721774
2020-06-26,0.00038485446019727
2020-06-29,0.000423925996342305
2020-06-30,0.00039541987483832
2020-07-01,0.000401372590003825
2020-07-02,9.10002926199203e-05
2020-07-03,0.000107709224176825
2020-07-06,0.000213915702486688
2020-07-07,7.89503058876205e-05
2020-07-08,9.16832655163427e-05
2020-07-09,0.000403149223986639
2020-07-10,0.000251257853063917
2020-07-13,0.000172524760701046
2020-07-14,0.000869341967006217
2020-07-15,0.000226615339099035
2020-07-16,0.000397329216800091
2020-07-17,0.000140445428260685
2020-07-20,0.000106326034634296
2020-07-21,0.000139746464951644
2020-07-22,0.000107128678722502
2020-07-23,0.000327926642403336
2020-07-24,0.000285726758374711
2020-07-27,0.000442191966587804
2020-07-28,0.000183416937250788
2020-07-29,7.37050865920787e-05
2020-07-30,0.000123368310710719
2020-07-31,0.000675407403659505
2020-08-03,0.000507239969367569
2020-08-04,0.000492580898597788
2020-08-05,0.000768234171769182
2020-08-06,0.000180121110207718
2020-08-07,9.04771339275849e-05
2020-08-10,0.000445677383265172
2020-08-11,0.00044035652955347
2020-08-12,0.000237561308273353
2020-08-13,0.000509730910697904
2020-08-14,0.000141063353645989
2020-08-17,0.000339397659216612
2020-08-18,0.000150555283856749
2020-08-19,0.000220867669818972
2020-08-20,0.000190791225789633
2020-08-21,5.59065790995893e-05
2020-08-24,7.44773943330123e-05
2020-08-25,0.000145288132299044
2020-08-26,0.000528459063622034
2020-08-27,0.000134655248008898
2020-08-28,0.000167117078117255
2020-08-31,0.000214193130986973
2020-09-01,0.00042230158141844
2020-09-02,0.000233220524020384
2020-09-03,0.000209073774010511
2020-09-04,0.000140445428375906
2020-09-08,0.000254664331364364
2020-09-09,5.52169715312264e-05
2020-09-10,0.000159581142681783
2020-09-11,0.000193754160282473
2020-09-14,0.000231615077129488
2020-09-15,0.000212911234845022
2020-09-16,0.00011549234307823
2020-09-17,0.000382117996294019
2020-09-18,0.000271999903619383
2020-09-21,0.000341197017700105
2020-09-22,0.000293070199910952
2020-09-23,0.000491982570760804
2020-09-24,0.000366769683689411
2020-09-25,0.000136267654282833
2020-09-28,0.000772786439118848
2020-09-29,0.000351017700909048
2020-09-30,0.000344642726786691
2020-10-01,0.000812742544254433
2020-10-02,0.000497934153360581
2020-10-05,0.000786892940160137
2020-10-06,0.000518282265047958
2020-10-07,0.000220801146619166
2020-10-08,0.000469977988834126
2020-10-09,0.000310960303946988
2020-10-13,0.000145294471766251
2020-10-14,0.000141857140842736
2020-10-15,0.000102194904609671
2020-10-16,0.000144057396001468
2020-10-19,0.000447313449682911
2020-10-20,0.000419954316186799
2020-10-21,0.000223651606015118
2020-10-22,0.000538644946862548
2020-10-23,0.000299007184088808
2020-10-26,0.000219261639124576
2020-10-27,0.000280276685948412
2020-10-28,0.000589109881128677
2020-10-29,0.00278693530829127
2020-10-30,0.000439059761424905
2020-11-03,0.00030461323072736
2020-11-04,0.000596768036034045
2020-11-05,6.66984403856146e-05
2020-11-06,0.000155524636751532
2020-11-09,0.00205587128937434
2020-11-10,0.00128229756360556
2020-11-11,0.000635144329816336
2020-11-12,0.000800274126523336
2020-11-13,0.000598351913031267
2020-11-16,0.000164967597144459
2020-11-17,0.000874692631592063
2020-11-18,0.000213501474226514
2020-11-19,0.000209440364292592
2020-11-20,0.000173205036905731
2020-11-23,0.00067150726096609
2020-11-24,0.000559489344860385
2020-11-25,0.000365226550925413
2020-11-26,8.27060445475792e-05
2020-11-27,0.000202344645269393
2020-11-30,0.000606742589837642
2020-12-01,0.000127503169503444
2020-12-02,0.000735413189864961
2020-12-03,0.000363277196912553
2020-12-04,0.000125741235860253
2020-12-07,0.000610348367041007
2020-12-08,0.000232225222568206
2020-12-09,0.00016457462425599
2020-12-10,0.000539670960216507
2020-12-11,0.000148923097631085
2020-12-14,0.000195151635846119
2020-12-15,5.71089227588269e-05
2020-12-16,0.000275641743177608
2020-12-17,4.63449106263638e-05
2020-12-18,4.09064294052175e-05
2020-12-21,0.00046543930287583
2020-12-22,8.56206671452373e-05
2020-12-23,0.000378081864382001
2020-12-28,5.1877216565412e-05
2020-12-29,8.77468101536062e-05
2020-12-30,3.77541935233119e-05
2021-01-04,0.00018303571300135
2021-01-05,0.00159211460897023
2021-01-06,0.000280621721928149
2021-01-07,0.00025037204405305
2021-01-08,0.000743770506212885
2021-01-11,0.000166383665762092
2021-01-12,0.000322674076185486
2021-01-13,0.00139381989847483
2021-01-14,0.000381963135138166
2021-01-15,0.000487783044924086
2021-01-18,0.000314907203008385
2021-01-19,0.000672871798276956
2021-01-20,0.00044942785115716
2021-01-21,0.000365635993709093
2021-01-22,0.000230501666678343
2021-01-26,0.000635762920248129
2021-01-27,0.00129762123214347
2021-01-28,0.000603197806159892
2021-01-29,0.000478434258669183
2021-02-01,0.00035085723343288
2021-02-02,0.000387786501552759
2021-02-03,9.94995930322596e-05
2021-02-04,0.000268303000316186
2021-02-05,0.00132560041841634
2021-02-08,0.00099605817420865
2021-02-09,0.000455036776121406
2021-02-10,0.000401404493361911
2021-02-11,0.000180216991084727
2021-02-12,0.000355046642179331
2021-02-17,0.000935823339628668
2021-02-18,0.00141922660418038
2021-02-19,0.000811706221132014
2021-02-22,0.00235245735333096
2021-02-23,0.00157221616646261
2021-02-24,0.000588835090741273
2021-02-25,0.00285648202276314
2021-02-26,0.00147328163556384
2021-03-01,0.000895648695914445
2021-03-02,0.00215221460643969
2021-03-03,0.0015988827896034
2021-03-04,0.00124872629519713
2021-03-05,0.000602625760340871
2021-03-08,0.00134530562207364
2021-03-09,0.000935674573992875
2021-03-10,0.000432079605016012
2021-03-11,0.000525827808423098
2021-03-12,0.000182466101346185
2021-03-15,0.000214305105265534
2021-03-16,0.000132768590620954
2021-03-17,0.000672806398807301
2021-03-18,0.000450588417418353
2021-03-19,0.000478647204327476
2021-03-22,0.000197496338886297
2021-03-23,0.000461132670744472
2021-03-24,0.000348034678068214
2021-03-25,0.000907627196402377
2021-03-26,0.000387456411226448
2021-03-29,0.0001966587050255
2021-03-30,0.000112515410210658
2021-03-31,0.00012675397628015
2021-04-01,0.000231380816806972
2021-04-05,0.000170179441694045
2021-04-06,0.00013097305666041
2021-04-07,0.000104089888759298
2021-04-08,0.000288165551270642
2021-04-09,0.000109093971274831
2021-04-12,0.000216635414011806
2021-04-13,0.000111388326813844
2021-04-14,0.000220274329602254
2021-04-15,0.000431332261874526
2021-04-16,0.00012579906905192
2021-04-19,0.00285832460183732
2021-04-20,0.000425229219213472
2021-04-22,0.000183830093194551
2021-04-23,0.000118484842326863
2021-04-26,0.000122969241358153
2021-04-27,0.000739467810000679
2021-04-28,0.000341520172015232
2021-04-29,0.000479833427460331
2021-04-30,0.000273519403408116
2021-05-03,0.000169091826903679
2021-05-04,0.000385123123956746
2021-05-05,0.000448675508372209
2021-05-06,0.000130864606198913
2021-05-07,0.00061619225534135
2021-05-10,9.39833209406986e-05
2021-05-11,0.000425660059318561
2021-05-12,0.000403701819250978
2021-05-13,0.000264022216093601
2021-05-14,0.000368610794903388
2021-05-17,0.000109259148515417
2021-05-18,0.000143898736530604
2021-05-19,0.000160480954315532
2021-05-20,0.000167331415891507
2021-05-21,7.23468982551708e-05
2021-05-24,0.000146984567449712
2021-05-25,0.000370804459084808
2021-05-26,0.000150866959084673
2021-05-27,0.00012284032876503
2021-05-28,0.000386328946430044
2021-05-31,8.73423530321657e-05
2021-06-01,0.000229501404163033
2021-06-02,0.000309232614249036
2021-06-04,0.000221158376078028
2021-06-07,0.000131513291992295
2021-06-08,0.00031601795239529
2021-06-09,0.000136374444478767
2021-06-10,9.20160743958235e-05
2021-06-11,0.0001539873851305
2021-06-14,0.000235195183340282
2021-06-15,8.01542320760962e-05
2021-06-16,0.000115731182026644
2021-06-17,0.000736338307494576
2021-06-18,0.000279327447115894
2021-06-21,0.000157646702771658
2021-06-22,0.000154721656820087
2021-06-23,0.000113918813554729
2021-06-24,7.69730730542733e-05
2021-06-25,0.000295069581238896
2021-06-28,0.000154721656820087
2021-06-29,8.32605920297551e-05
2021-06-30,0.000178186077636585
2021-07-01,0.000384626796219909
2021-07-02,0.000180524324671789
2021-07-05,0.000272078718712127
2021-07-06,0.00057784559277612
2021-07-07,0.000255955737364207
2021-07-08,8.03198664797343e-05
2021-07-12,0.000118977820845799
2021-07-13,0.000163936708358742
2021-07-14,0.000202287513621175
2021-07-15,0.000244427900982474
2021-07-16,0.000317156982363538
2021-07-19,0.000183546436120787
2021-07-20,0.000559020555641491
2021-07-21,0.000210375281721834
2021-07-22,0.000129026805257971
2021-07-23,0.000119459105072954
2021-07-26,0.000276384846433281
2021-07-27,0.000122331820357748
2021-07-28,0.000232870327097757
2021-07-29,8.28622470465632e-05
2021-07-30,0.000482983400598761
2021-08-02,0.000539644694750596
2021-08-03,0.000606990848758302
2021-08-04,0.000349077206450588
2021-08-05,0.000375375988142302
2021-08-06,0.000121951430368839
2021-08-09,0.000134733720353051
2021-08-10,0.000129399798796022
2021-08-11,0.000462730128965911
2021-08-12,0.000206401601718684
2021-08-13,0.00014610601481711
2021-08-16,0.000436745725186568
2021-08-17,0.000687073279113959
2021-08-18,0.000215854867290176
2021-08-19,0.000281282482243512
2021-08-20,0.00010950761836843
2021-08-23,0.000143852548826176
2021-08-24,7.28867289748477e-05
2021-08-25,9.58480555962435e-05
2021-08-26,7.91631174204974e-05
2021-08-27,0.000307616606442566
2021-08-30,9.00171362158678e-05
2021-08-31,0.00072773143222786
2021-09-01,0.000511042062007266
2021-09-02,0.000394736950424313
2021-09-03,0.000238592809992521
2021-09-06,0.000161930542763699
2021-09-08,0.00134329627826345
2021-09-09,0.00174717415294089
2021-09-10,0.000357361657708769
2021-09-13,0.000299812392235053
2021-09-14,0.000150055168157151
2021-09-15,0.000183406151852751
2021-09-16,0.000287115850427835
2021-09-17,0.000874205543312553
2021-09-20,0.000454835595360628
2021-09-21,0.00033578528581784
2021-09-22,0.000264101440211547
2021-09-23,0.000558597506863283
2021-09-24,0.000175274706973202
2021-09-27,0.000456735508716442
2021-09-28,0.000662422132468163
2021-09-29,0.000246230333088651
2021-09-30,8.09077720972208e-05
2021-10-01,0.000411521817221994
2021-10-04,0.000536509263444812
2021-10-05,0.000137585439120479
2021-10-06,0.000212796940055619
2021-10-07,0.000234757717570351
2021-10-08,0.000343631909759858
2021-10-11,0.000203098798366531
2021-10-13,0.000160520671617014
2021-10-14,0.000209721048495986
2021-10-15,4.46036011073986e-05
2021-10-18,0.000177336058755557
2021-10-19,0.000940980800162597
2021-10-20,0.000323702175347027
2021-10-21,0.000754681784007567
2021-10-22,0.00199566011702507
2021-10-25,0.00122601772891378
2021-10-26,0.000171231482295936
2021-10-27,0.000151747053481052
2021-10-28,0.000436441893727897
2021-10-29,0.00225672697136337
2021-11-01,0.00041990551388256
2021-11-03,0.000532696324719995
2021-11-04,0.000989412103514276
2021-11-05,0.000304457972149562
2021-11-08,0.000464721231575964
2021-11-09,0.000287308307815222
2021-11-10,0.000303522890069287
2021-11-11,0.00020944036431353
2021-11-12,0.000687160934485852
2021-11-16,0.000424998521844045
2021-11-17,0.00044776563879334
2021-11-18,0.000253602579378499
2021-11-19,0.00013308617028718
2021-11-22,0.000356777074223519
2021-11-23,0.00116541945968865
2021-11-24,0.000398676152173525
2021-11-25,0.000641256409936673
2021-11-26,0.000523461910714257
2021-11-29,0.000428216531620189
2021-11-30,0.000256509520116439
2021-12-01,0.000564820615725602
2021-12-02,0.00253243130794949
2021-12-03,0.000228929116512101
2021-12-06,0.00014955526009315
2021-12-07,0.000251088597872195
2021-12-08,0.000296557560628511
2021-12-09,0.000208148508757081
2021-12-10,0.000156238577719055
2021-12-13,0.000236675953836906
2021-12-14,0.000293867507609967
2021-12-15,0.000217033958434033
2021-12-16,9.39580402772189e-05
2021-12-17,0.000312687908093683
2021-12-20,0.000345418975815677
2021-12-21,0.000160768575650586
2021-12-22,8.39522283840362e-05
2021-12-23,3.28652019063175e-05
2021-12-27,0.000176688679457075
2021-12-28,0.00014437868296207
2021-12-29,0.000101173075604237
2021-12-30,4.25389118009437e-05
2022-01-03,0.000205972898785253
2022-01-04,0.00010188284472219
2022-01-05,0.000779992520824603
2022-01-06,0.000296661343431033
2022-01-07,0.000101230185567394
2022-01-10,0.00012458071401298
2022-01-11,0.000662975458520321
2022-01-12,0.000383842904509108
2022-01-13,0.000509625659512445
2022-01-14,0.000697996842435824
2022-01-17,0.000113779886276048
2022-01-18,0.000371449996670969
2022-01-19,0.000211155087008726
2022-01-20,0.000286956308473188
2022-01-21,4.39545601594705e-05
2022-01-24,0.000527449556431683
2022-01-25,0.000935504970439624
2022-01-26,0.000297351299903112
2022-01-27,0.000678200039500736
2022-01-28,0.00150680711280132
2022-01-31,0.00029473924704286
2022-02-01,0.000635793420875801
2022-02-02,0.000424918009567434
2022-02-03,0.000585491790043795
2022-02-04,0.000620399129544098
2022-02-07,0.000144679524018374
2022-02-08,0.000171923657287183
2022-02-09,0.000377011642515734
2022-02-10,0.000316296558101732
2022-02-11,0.000533993587780327
2022-02-14,0.000406124721034097
2022-02-15,0.000215978485869962
2022-02-16,0.000282452719224199
2022-02-17,0.000182261487626777
2022-02-18,0.000227103449038837
2022-02-21,0.000321432242213639
2022-02-22,0.000676602131358384
2022-02-23,0.000197370353488632
2022-02-24,0.00212935562802289
2022-02-25,0.00039010899103477
2022-03-02,0.000240708584131393
2022-03-03,0.000179209723018737
2022-03-04,0.000227423814454849
2022-03-07,0.00290509720395455
2022-03-08,0.000739909605465586
2022-03-09,0.000403809043992294
2022-03-10,0.00138635825944326
2022-03-11,0.00174485200794435
2022-03-14,0.000652890105560488
2022-03-15,0.000429640140379158
2022-03-16,0.000515380610467199
2022-03-17,0.00140517071628329
2022-03-18,0.000361158912303956
2022-03-21,0.000771107096683926
2022-03-22,0.000201592452758696
2022-03-23,0.000213244495004538
2022-03-24,0.000302123470762733
2022-03-25,0.000137774216131363
2022-03-28,0.000439076393501671
2022-03-29,0.000243355926124729
2022-03-30,0.000125632630628603
2022-03-31,0.000378450797628372
2022-04-01,0.000251153141953261
2022-04-04,0.000143615472740105
2022-04-05,0.000151194219522099
2022-04-06,0.000188043212482107
2022-04-07,0.000792786396843425
2022-04-08,9.71040880175139e-05
2022-04-11,3.20624907876174e-05
2022-04-12,0.000238264970035136
2022-04-13,0.00014892309764729
2022-04-14,0.0002988621621748
2022-04-18,0.000319149676904141
2022-04-19,0.000280454351695342
2022-04-20,0.000138500955829127
2022-04-22,0.000364969475447772
2022-04-25,0.000324871661254027
2022-04-26,0.000187858341453445
2022-04-27,0.00014662543874723
2022-04-28,5.33067350130462e-05
2022-04-29,0.000646973844602246
2022-05-02,0.000405405276114581
2022-05-03,0.000129304293787311
2022-05-04,0.00115510252276903
2022-05-05,0.000783491352620819
2022-05-06,0.000508045042413012
2022-05-09,0.000326986883778319
2022-05-10,0.000144057395634071
2022-05-11,0.000484220209254844
2022-05-12,0.000213943429531937
2022-05-13,9.00803757864876e-05
2022-05-16,0.000230116020250943
2022-05-17,0.00030062085807836
2022-05-18,0.00039858534761072
2022-05-19,0.000290820511047468
2022-05-20,0.000101705930926135
2022-05-23,0.000380225111055425
2022-05-24,0.000696872394458914
2022-05-25,0.000371839121554869
2022-05-26,0.000129004842802201
2022-05-27,0.000915926028532138
2022-05-30,0.00122839880864029
2022-05-31,0.000259233670977014
2022-06-01,9.17848638567984e-05
2022-06-02,0.000101541226541967
2022-06-03,0.000332243045501374
2022-06-06,0.000151823665938398
2022-06-07,0.000496476570091418
2022-06-08,0.00025667645581796
2022-06-09,0.000181430538216816
2022-06-10,0.000373218104719887
2022-06-13,0.000352156844203719
2022-06-14,0.000415922882214258
2022-06-15,0.00057998187482868
2022-06-17,0.00260979849722109
2022-06-20,0.00269643431412257
2022-06-21,0.00103672594462787
2022-06-22,0.000667425139639748
2022-06-23,0.000800513566431021
2022-06-24,0.000421091458064268
2022-06-27,0.000957974812830966
2022-06-28,0.000292915544302679
2022-06-29,0.000431678258880304
2022-06-30,0.000204335435350273
2022-07-01,0.000803420605483149
2022-07-04,0.000236335645807284
2022-07-05,0.000886158748952798
2022-07-06,0.00115969505319651
2022-07-07,0.000376960685753115
2022-07-08,0.000157976819529002
2022-07-11,0.000129309065782561
2022-07-12,9.59734825268838e-05
2022-07-13,0.000113150247064691
2022-07-14,0.000273117288540677
2022-07-15,0.000146679114279118
2022-07-18,6.75647232141466e-05
2022-07-19,0.000306440852586778
2022-07-20,6.51196978950937e-05
2022-07-21,0.000379710624889814
2022-07-22,0.000163063068252306
2022-07-25,0.000514741368019905
2022-07-26,0.000395555987771465
2022-07-27,0.000270410366937583
2022-07-28,0.000506366275993946
2022-07-29,0.00106123313275647
2022-08-01,0.000274955568657526
2022-08-02,0.000324846170248847
2022-08-03,0.000113257212950022
2022-08-04,0.000209933647316635
2022-08-05,0.000266392866109119
2022-08-08,0.00075085335073505
2022-08-09,9.72208013992645e-05
2022-08-10,0.000283001096922093
2022-08-11,0.000681097580156061
2022-08-12,0.00294478386799684
2022-08-15,0.0010336127944337
2022-08-16,0.000115996025206387
2022-08-17,0.000517555129863907
2022-08-18,0.000203439134284763
2022-08-19,0.00115000043533229
2022-08-22,0.0016011294192886
2022-08-23,0.000255579186202496
2022-08-24,0.000240618068866328
2022-08-25,0.000917473664425735
2022-08-26,0.000397923067186889
2022-08-29,0.000816492352557649
2022-08-30,0.00124159575084274
2022-08-31,0.000889383136700943
2022-09-01,0.000459175518381174
2022-09-02,0.000538246861482854
2022-09-05,0.000293942419981532
2022-09-06,0.000409626638864532
2022-09-08,0.000667217108916023
2022-09-09,0.000327654955200145
2022-09-12,0.000564885704069048
2022-09-13,0.000318120177382063
2022-09-14,0.000239761299338108
2022-09-15,6.9330096071808e-05
2022-09-16,0.000142916919823983
2022-09-19,0.000865319929540593
2022-09-20,0.000213756254094715
2022-09-21,0.000124808269428101
2022-09-22,0.000399426552182918
2022-09-23,0.00101268135457433
2022-09-26,0.000310679423162667
2022-09-27,0.000192671394967073
2022-09-28,0.000650613051159039
2022-09-29,0.000274507120026407
2022-09-30,0.000905400674191837
2022-10-03,0.000335175299505277
2022-10-04,0.00128369122382996
2022-10-05,0.000924184482189933
2022-10-06,0.00059958793228504
2022-10-07,0.000382749475435505
2022-10-10,0.000255436774208427
2022-10-11,0.000172018900328228
2022-10-13,0.00139549719674591
2022-10-14,0.000223842686600106
2022-10-17,0.00055183330851051
2022-10-18,0.000363767738952753
2022-10-19,0.000706950477178855
2022-10-20,0.000167834249608105
2022-10-21,0.00103245414822957
2022-10-24,0.00191880508951557
2022-10-25,0.00052378546250247
2022-10-26,0.000895726950383911
2022-10-27,0.000249124168884145
2022-10-28,0.000542581640619136
2022-10-31,0.00232908802239374
2022-11-01,0.000490109501143713
2022-11-03,0.000363795017994609
2022-11-04,0.00306228515955721
2022-11-07,0.000712161710543993
2022-11-08,0.000297950320300311
2022-11-09,0.000831108477260692
2022-11-10,0.000857922426761146
2022-11-11,0.00141299208159353
2022-11-14,0.000561256303752782
2022-11-16,0.000663307343647718
2022-11-17,0.000279886414612089
2022-11-18,0.000948933401136406
2022-11-21,0.00115995419333112
2022-11-22,0.000881263646576956
2022-11-23,0.00048321223247244
2022-11-24,0.00119912658414812
2022-11-25,0.000334712992960592
2022-11-28,0.000636554317054379
2022-11-29,0.00111553448444234
2022-11-30,0.000713770475314207
2022-12-01,0.000796730171389651
2022-12-02,0.000700061481947384
2022-12-05,0.000563360751289264
2022-12-06,0.000505815722645627
2022-12-07,0.000350358851575215
2022-12-08,0.000750486490260376
2022-12-09,0.000184363772366999
2022-12-12,0.00147972233616412
2022-12-13,0.000506391152998401
2022-12-14,0.0025716612335874
2022-12-15,0.00183491783463306
2022-12-16,0.000272998652185713
2022-12-19,0.000560356061582083
2022-12-20,0.000741190669603241
2022-12-21,0.000503618447232166
2022-12-22,0.000458235531188649
2022-12-23,0.00070403539731786
2022-12-26,0.000132330954917997
2022-12-27,0.000335246653478309
2022-12-28,0.000186984924746831
2022-12-29,0.000226539531052382
2023-01-02,0.000677633797226498
2023-01-03,0.000663740046005664
2023-01-04,0.00219217581562654
2023-01-05,0.000513283848855514
2023-01-06,0.000373339597271971
2023-01-09,0.00036355188075415
2023-01-10,0.00035049908936365
2023-01-11,0.000197897939145326
2023-01-12,0.00017695799042284
2023-01-13,0.000101383498366385
2023-01-16,0.000277297658727021
2023-01-17,0.00133094025173166
2023-01-18,0.000587916741408948
2023-01-19,0.000754294515670071
2023-01-20,0.00074258618868704
2023-01-23,0.00108041925509477
2023-01-24,0.000668416427376401
2023-01-25,0.000586184421651661
2023-01-26,0.00100711938383894
2023-01-27,0.000337302442611829
2023-01-30,0.000170067782297995
2023-01-31,0.000256707926714906
2023-02-01,0.000567709635751269
2023-02-02,0.0011053493810608
2023-02-03,0.000536248300654336
2023-02-06,0.000706493337607226
2023-02-07,0.000250578177523594
2023-02-08,0.000187830961310533
2023-02-09,0.000149249911147967
2023-02-10,0.000383970352632504
2023-02-13,0.00013753286889545
2023-02-14,0.000106025454537277
2023-02-15,0.000127923749220382
2023-02-16,0.000106900259495925
2023-02-17,4.61550558775785e-05
2023-02-22,9.48489736452749e-05
2023-02-23,0.000543467061216284
2023-02-24,0.000359688829693939
2023-02-27,0.000451945107882393
2023-02-28,0.0014976779236824
2023-03-01,0.000901332952460662
2023-03-02,0.000974141641486028
2023-03-03,0.000953478464246852
2023-03-06,0.000306134810650566
2023-03-07,0.000405421268134186
2023-03-08,0.000345546557563665
2023-03-09,0.000490836834944129
2023-03-10,0.000231555057768747
2023-03-13,0.000347687180117002
2023-03-14,0.000788962116580997
2023-03-15,0.000311507261931182
2023-03-16,0.000201939535117388
2023-03-17,0.000283520167684167
2023-03-20,0.000384792130704977
2023-03-21,0.000179042223143719
2023-03-22,0.000222938870486608
2023-03-23,0.000786626617883669
2023-03-24,0.000293048777666081
2023-03-27,0.000189962761001726
2023-03-28,0.000158231288306517
2023-03-29,0.000207680569657761
2023-03-30,0.000225820835198472
2023-03-31,0.000654398587147514
2023-04-03,0.000303065971373957
2023-04-04,0.000263274209125198
2023-04-05,0.00100290794851955
2023-04-06,0.000136221424549625
2023-04-10,0.000241559746082392
2023-04-11,0.000652257555356994
2023-04-12,0.000515322242824735
2023-04-13,4.50621840177928e-05
2023-04-14,0.000245602530388478
2023-04-17,0.000178730563453808
2023-04-18,0.000595721052527601
2023-04-19,0.000369255542710612
2023-04-20,0.000242078325544126
2023-04-24,0.000288364021595018
2023-04-25,0.000298610201833364
2023-04-26,0.000109417648558078
2023-04-27,0.000825890088618277
2023-04-28,0.000524663491135742
2023-05-02,0.000811822944017006
2023-05-03,0.000227335294698098
2023-05-04,0.000404492375816733
2023-05-05,0.000630857912292614
2023-05-08,0.000106694792223005
2023-05-09,0.000188142723282702
2023-05-10,0.00014339976222377
2023-05-11,0.00142067020143762
2023-05-12,0.000840253826659039
2023-05-15,0.000305422492875192
2023-05-16,0.000461702045202489
2023-05-17,0.000825382366012389
2023-05-18,0.000137594869044745
2023-05-19,0.000156674632127115
2023-05-22,0.00014143606829642
2023-05-23,0.000442766822366878
2023-05-24,0.000371839120555655
2023-05-25,0.000216771159421869
2023-05-26,7.29496939525985e-05
2023-05-29,3.42271676301153e-05
2023-05-30,0.000149436799332408
2023-05-31,0.000126984914939665
2023-06-01,0.000360276109546055
2023-06-02,0.000115732808901025
2023-06-05,5.23371801248103e-05
2023-06-06,0.000507438384199505
2023-06-07,0.000173262984563733
2023-06-09,0.000767450841623637
2023-06-12,0.000349627166829292
2023-06-13,0.000182276821645157
2023-06-14,0.000617459630047985
2023-06-15,0.000983985904940849
2023-06-16,0.000321432241672986
2023-06-19,0.000331800208417201
2023-06-20,0.000283405094092756
2023-06-21,0.000483121765526725
2023-06-22,0.000136256520964922
2023-06-23,0.000745206635874628
2023-06-26,0.000333526545524425
2023-06-27,0.000281781842950552
2023-06-28,0.00015027725063712
2023-06-29,4.88302254029971e-05
2023-06-30,0.00122566539056797
2023-07-03,8.50851230486147e-05
2023-07-04,7.324392352421e-05
2023-07-05,0.000315268489175292
2023-07-06,0.000297963238627452
2023-07-07,0.000286999624328421
2023-07-10,0.00018252351771204
2023-07-11,0.000118302240787224
2023-07-12,0.000165010168534793
2023-07-13,0.000193226891654069
2023-07-14,0.000219009558046647
2023-07-17,0.000576422437079154
2023-07-18,0.00010329523740521
2023-07-19,0.000135902122677836
2023-07-20,9.39930057755177e-05
2023-07-21,0.000220957022415345
2023-07-24,0.000168373995917312
2023-07-25,0.000277879153805981
2023-07-26,0.000131288141452554
2023-07-27,0.000905957527408286
2023-07-28,0.000163011594635417
2023-07-31,0.000276073053201014
2023-08-01,0.000503333916465427
2023-08-02,0.000240783014386696
2023-08-03,9.84148688832887e-05
2023-08-04,0.000763193154774755
2023-08-07,0.000162206620894902
2023-08-08,0.00017925309392702
2023-08-09,0.000122074738885844
2023-08-10,0.000212473992005415
2023-08-11,0.000298329985237746
2023-08-14,8.56220039931553e-05
2023-08-15,0.000614473911940435
2023-08-16,0.000441875404677516
2023-08-17,0.000277107348616895
2023-08-18,9.12817829453748e-05
2023-08-21,0.000408495376583792
2023-08-22,5.3341782795458e-05
2023-08-23,0.000475824421257879
2023-08-24,0.000268081372010154
2023-08-25,0.000156797455202845
2023-08-28,8.0649771660759e-05
2023-08-29,9.02294363612803e-05
2023-08-30,5.46359844672342e-05
2023-08-31,0.000285699141130092
2023-09-01,0.000183958609639886
2023-09-04,8.90106449767456e-05
2023-09-05,0.000539047724513948
2023-09-06,0.000108054625967809
2023-09-08,5.41391543970505e-05
2023-09-11,4.16273773003386e-05
2023-09-12,2.68122376897839e-05
2023-09-13,0.000145449115431091
2023-09-14,0.000259577239507229
2023-09-15,4.55887292835078e-05
2023-09-18,0.00022702588800485
2023-09-19,9.24978091327904e-05
2023-09-20,0.000110305647596484
2023-09-21,0.000136236788027157
2023-09-22,4.50539576232238e-05
2023-09-25,4.95418133616893e-05
2023-09-26,0.000125496067184341
2023-09-27,0.000169367688238725
2023-09-28,3.32402041856753e-05
2023-09-29,5.87691120348823e-05
2023-10-02,0.000215706347619381
2023-10-03,0.00011279035514787
2023-10-04,0.000575486266721263
2023-10-05,0.000143263397103475
2023-10-06,0.000732207723682279
2023-10-09,0.000289550073956112
2023-10-10,0.000105757232391272
2023-10-11,0.000171345310371711
2023-10-13,9.32603339937648e-05
2023-10-16,0.000192303115750708
2023-10-17,0.000282696428133653
2023-10-18,0.000120738263983845
2023-10-19,7.47897200280311e-05
2023-10-20,0.000536336233899526
2023-10-23,0.000659112769975194
2023-10-24,0.000294797882459346
2023-10-25,7.81115261713615e-05
2023-10-26,0.000173741582569724
2023-10-27,0.00046801306200173
2023-10-30,0.000214215613589971
2023-10-31,0.000141517288731603
2023-11-01,0.00011910217512175
2023-11-03,0.000202297884142285
2023-11-06,0.000108060867787355
2023-11-07,0.000169686616255369
2023-11-08,0.000242082411045842
2023-11-09,0.000186368086361152
2023-11-10,9.0172478685109e-05
2023-11-13,0.000339389275953098
2023-11-14,0.000157734632694074
2023-11-16,0.000272869716346114
2023-11-17,0.000329973857714274
2023-11-20,0.000241109121406841
2023-11-21,0.000109093971331568
2023-11-22,0.000248006466136768
2023-11-23,5.69050807600242e-05
2023-11-24,0.000357391688487911
2023-11-27,0.000123871318569111
2023-11-28,6.36333273286058e-05
2023-11-29,0.000340366044731946
2023-11-30,0.000131748878149495
2023-12-01,6.2288275358081e-05
2023-12-04,0.000142644137253096
2023-12-05,7.09983288452365e-05
2023-12-06,0.000522786956040354
2023-12-07,0.000415021417302304
2023-12-08,0.000350415520959381
2023-12-11,6.14887053958409e-05
2023-12-12,0.000197370353270511
2023-12-13,7.03071328894509e-05
2023-12-14,0.000234608277419219
2023-12-15,0.000179688779135649
2023-12-18,0.000144761290147208
2023-12-19,5.37900777272005e-05
2023-12-20,5.47782253598955e-05
2023-12-21,0.000101435172055931
2023-12-22,4.98259213372933e-05
2023-12-26,7.64134103169904e-05
2023-12-27,2.33566170150047e-05
2023-12-28,2.66891032167747e-05
2024-01-02,6.11088862384895e-05
2024-01-03,0.000514522601867454
2024-01-04,0.000167933760867391
2024-01-05,0.000127844576773587
2024-01-08,0.000167784446077661
2024-01-09,0.000126872874054392
2024-01-10,0.00014511811996524
2024-01-11,5.07806887719335e-05
2024-01-12,7.65091304617903e-05
2024-01-15,0.000142473652289434
2024-01-16,0.000123084162391279
2024-01-17,2.72222255994485e-05
2024-01-18,8.46946082563614e-05
2024-01-19,0.000114741465561357
2024-01-22,8.61910501447645e-05
2024-01-23,0.000221889301766935
2024-01-24,0.000146900259399749
2024-01-25,0.000318449073612426
2024-01-26,0.000321920751577667
2024-01-29,0.000128854457092555
2024-01-30,0.000105239463196797
2024-01-31,0.000244553087447715
2024-02-01,0.000310008309791828
2024-02-02,0.000121552933443168
2024-02-05,0.000118920215533511
2024-02-06,0.00024068555343403
2024-02-07,0.000125536093736709
2024-02-08,7.06536433804152e-05
2024-02-09,0.000218861169503634
2024-02-14,6.21723273324949e-05
2024-02-15,0.00043880755203005
2024-02-16,0.000137730967132255
2024-02-19,2.84980550486791e-05
2024-02-20,0.00010371471391043
2024-02-21,6.97571722567972e-05
2024-02-22,0.000156553755784535
2024-02-23,8.14452663739232e-05
2024-02-26,0.000163441526153266
2024-02-27,3.84776395882043e-05
2024-02-28,0.00203872391067638
2024-02-29,0.00042398903161564
2024-03-01,0.000110879354640546
2024-03-04,0.000117853841989066
2024-03-05,0.000130276195938372
2024-03-06,0.000117330277935296
2024-03-07,9.52698669324381e-05
2024-03-08,0.00106489627120104
2024-03-11,0.00161122402572456
2024-03-12,0.000306711364855748
2024-03-13,0.00027682344892619
2024-03-14,0.000160217491423786
2024-03-15,7.16097421654115e-05
2024-03-18,0.000411776790216428
2024-03-19,0.00045798237944627
2024-03-20,0.000237089970059386
2024-03-21,0.000519386125054871
2024-03-22,0.000175400784406225
2024-03-25,0.000121568711361857
2024-03-26,6.7981120041736e-05
2024-03-27,7.94243912581974e-05
2024-03-28,0.000290579783306145
2024-04-01,6.42586959293423e-05
2024-04-02,0.000191321691423977
2024-04-03,0.000150968711390032
2024-04-04,0.00102546868338096
2024-04-05,0.000493036358738474
2024-04-08,0.000432867869735188
2024-04-09,0.000282386621499844
2024-04-10,0.000268828131297204
2024-04-11,7.2568956416376e-05
2024-04-12,0.000424058768829312
2024-04-15,0.000159130918302541
2024-04-16,0.000134685507644925
2024-04-17,8.53914739754994e-05
2024-04-18,0.000198010464678678
2024-04-19,0.000333462711567204
2024-04-22,0.000245018659749589
2024-04-23,9.49485345419865e-05
2024-04-24,0.000126806798954372
2024-04-25,0.00040505596443817
2024-04-26,0.000105956468506922
2024-04-29,0.000142658786424207
2024-04-30,7.14650944032258e-05
2024-05-02,5.93121253332747e-05
2024-05-03,0.000345452672634888
2024-05-06,9.21520186278971e-05
2024-05-07,9.37154758672823e-05
2024-05-08,0.000225223699393106
2024-05-09,0.000170546550073618
2024-05-10,7.18760721189748e-05
2024-05-13,4.38060517282634e-05
2024-05-14,0.000282586974353148
2024-05-15,0.000425245335157375
2024-05-16,0.000498131055562073
2024-05-17,0.000218604843675964
2024-05-20,9.83824775507313e-05
2024-05-21,7.19005523242531e-05
2024-05-22,0.000291524756800376
2024-05-23,0.000339866731531819
2024-05-24,0.000101938105964398
2024-05-27,4.03229484283935e-05
2024-05-28,0.000194978736926818
2024-05-29,5.85311396770359e-05
2024-05-31,0.000239819072699676
2024-06-03,5.78672863423859e-05
2024-06-04,0.000132658542736903
2024-06-05,3.19494276134098e-05
2024-06-06,4.92879572632346e-05
2024-06-07,0.000659208253994956
2024-06-10,0.000225564561739012
2024-06-11,6.32751733744833e-05
2024-06-12,0.000566790382692717
2024-06-13,0.000513430022557864
2024-06-14,0.000542136470371975
2024-06-17,0.000221562860549871
2024-06-18,0.000499338889125411
2024-06-19,8.49180080850482e-05
2024-06-20,0.000128582717785586
2024-06-21,9.02332961818216e-05
2024-06-24,8.97431447874773e-05
2024-06-25,3.42556839097168e-05
2024-06-26,4.44923603298235e-05
2024-06-27,0.000104278840347431
2024-06-28,5.30207904015269e-05
2024-07-01,8.1986550882398e-05
2024-07-02,0.000104527796215449
2024-07-03,0.000261222763692341
2024-07-04,0.000180601280727495
2024-07-05,7.52728879007436e-05
2024-07-08,0.00037984638151624
2024-07-09,4.50274666557913e-05
2024-07-10,8.28457502320897e-05
2024-07-11,2.84534041997018e-05
2024-07-12,3.36171132165322e-05
2024-07-15,6.84776037087951e-05
2024-07-16,3.73886971383173e-05
2024-07-17,2.97849454955658e-05
2024-07-18,2.33780547893898e-05
2024-07-19,3.49916414873366e-05
2024-07-22,0.000124375264301412
2024-07-23,8.23858386544029e-05
2024-07-24,6.32751730993645e-05
2024-07-25,5.90628973205155e-05
2024-07-26,0.000127423012947064
2024-07-29,0.000443654723276342
2024-07-30,3.89226274407144e-05
2024-07-31,5.28219713237929e-05
2024-08-01,0.000280276685859083
2024-08-02,0.000314029000903622
2024-08-05,0.000353280897011572
2024-08-06,0.000485014515705686
2024-08-07,0.000153342253953876
2024-08-08,0.000168464718981467
2024-08-09,0.000514853458634242
2024-08-12,0.000264409020952435
2024-08-13,0.000112929503463832
2024-08-14,0.000180216990792029
2024-08-15,7.7190212101953e-05
2024-08-16,0.000133949907670321
2024-08-19,3.68289266870139e-05
2024-08-20,0.000153582682577099
2024-08-21,0.000177058803859379
2024-08-22,5.07867756260128e-05
2024-08-23,0.000106702984976231
2024-08-26,0.00087151110601464
2024-08-27,4.14892982948551e-05
2024-08-28,0.000272138290832774
2024-08-29,6.9735054431013e-05
2024-08-30,0.000138711551974844
2024-09-02,6.12229978770975e-05
2024-09-03,4.68656554914773e-05
2024-09-04,3.84920958720457e-05
2024-09-05,8.42894843210664e-05
2024-09-06,0.000240415540845884
2024-09-09,0.000102690299321901
2024-09-10,0.000217569652760171
2024-09-11,0.000238299769859702
2024-09-12,8.54391081319259e-05
2024-09-13,0.00024191365791051
2024-09-16,8.06928613899072e-05
2024-09-17,6.34465626917955e-05
2024-09-18,0.000164361331977115
2024-09-19,9.43210874828094e-05
2024-09-20,2.99151992347989e-05
2024-09-23,0.00014753082606622
2024-09-24,9.16392346128706e-05
2024-09-25,5.75907450129024e-05
2024-09-26,0.000245095329364789
2024-09-27,5.58745522538274e-05
2024-09-30,3.58684280608971e-05
2024-10-01,0.000766128193381972
2024-10-02,8.56423337152733e-05
2024-10-03,0.000175530641827363
2024-10-04,7.04044709671652e-05
2024-10-07,5.71277486674011e-05
2024-10-08,8.00501252287311e-05
2024-10-09,6.75563545565913e-05
2024-10-10,4.51715575997313e-05
2024-10-11,2.79532949375879e-05
2024-10-14,7.70730201340235e-05
2024-10-15,3.18679638401053e-05
2024-10-16,3.92515552947227e-05
2024-10-17,7.1434282249581e-05
2024-10-18,0.00011639852418014
2024-10-21,0.000194283590687785
2024-10-22,2.65305834565456e-05
2024-10-23,3.86235494908995e-05
2024-10-24,6.21839075447869e-05
2024-10-25,0.0001129276109552
2024-10-28,0.000176285476620153
2024-10-29,0.00010633207526305
2024-10-30,7.47964987339764e-05
2024-10-31,4.95321372956463e-05
2024-11-01,0.000321611689588003
2024-11-04,9.21294104105111e-05
2024-11-05,9.39646922513132e-05
2024-11-06,5.12041499314115e-05
2024-11-07,0.000109523677620557
2024-11-08,0.000169990022748468
2024-11-11,7.45897858927722e-05
2024-11-12,0.000158563860429875
2024-11-13,7.7664404464598e-05
2024-11-14,5.79016756617297e-05
2024-11-18,0.000306286228546469
2024-11-19,0.000105673697281046
2024-11-21,8.47393804143717e-05
2024-11-22,0.000435327587454255
2024-11-25,0.000116506590769546
2024-11-26,4.7325537711715e-05
2024-11-27,8.79910684438511e-05
2024-11-28,0.000202382228348639
2024-11-29,0.000157078565689902
2024-12-02,9.37117871014708e-05
2024-12-03,4.12151932942558e-05
2024-12-04,0.000179755722882383
2024-12-05,8.31801465750711e-05
2024-12-06,0.000127689656881922
2024-12-09,0.000149662379614914
2024-12-10,2.27748653763299e-05
2024-12-11,0.000145317877456282
2024-12-12,0.000144241652237891
2024-12-13,0.000161121164235157
2024-12-16,4.60750193943073e-05
2024-12-17,0.000107896495482869
2024-12-18,0.000299075653074475
2024-12-19,0.00023205382059109
2024-12-20,0.000107742907994694
2024-12-23,2.88701237087077e-05
2024-12-26,4.50274666825058e-05
2024-12-27,4.27922373181347e-05
2024-12-30,9.98032750290537e-05
2025-01-02,0.000217636789876797
2025-01-03,0.000138978870176803
2025-01-06,0.000108196037588471
2025-01-07,0.000240715858040957
2025-01-08,0.000126979276911719
2025-01-09,1.93786988895443e-05
2025-01-10,0.000100137946905545
2025-01-13,8.15181675129821e-05
2025-01-14,8.03273085542476e-05
2025-01-15,7.10108411350501e-05
2025-01-16,5.81836714123666e-05
2025-01-17,7.91631174723811e-05
2025-01-20,2.65889418270992e-05
2025-01-21,0.000104373895713526
2025-01-22,9.31793696874611e-05
2025-01-23,0.00013242323235931
2025-01-24,6.71305293126683e-05
2025-01-27,0.000182645009599631
2025-01-28,9.7063986777723e-05
2025-01-29,8.53929855232408e-05
2025-01-30,0.000131711333530479
2025-01-31,0.000316519707825022
2025-02-03,4.71846513380539e-05
2025-02-04,7.36689540764779e-05
2025-02-05,2.71101458194603e-05
2025-02-06,4.67018850804542e-05
2025-02-07,0.000116652405698362
2025-02-10,2.54905374170255e-05
2025-02-11,4.45647658782683e-05
2025-02-12,0.000111321357564328
2025-02-13,2.64865975701565e-05
2025-02-14,0.000367099309249488
2025-02-17,5.14022815708059e-05
2025-02-18,0.000132588864673171
2025-02-19,0.00015374328223018
2025-02-20,1.65005263611931e-05
2025-02-21,3.17830221599137e-05
2025-02-24,0.000124897398831944
2025-02-25,9.22880005978486e-05
2025-02-26,6.24453200765356e-05
2025-02-27,0.000439226770505166
2025-02-28,0.000150893712394527
2025-03-05,9.32400213648202e-05
2025-03-06,0.000358521423405534
2025-03-07,0.000147805403441753
2025-03-10,0.000117782326303656
2025-03-11,0.000298676979183628
2025-03-12,5.9770622577129e-05
2025-03-13,7.66893356775262e-05
2025-03-14,0.000566904914192909
2025-03-17,0.00018255578062956
2025-03-18,6.896227049575e-05
2025-03-19,2.47984713495417e-05
2025-03-20,0.000143321986508002
2025-03-21,0.000194495970234465
2025-03-24,5.17875003379874e-05
2025-03-25,0.00020786145157894
2025-03-26,5.94426305627188e-05
2025-03-27,8.54605920423875e-05
2025-03-28,0.00016020860943827
2025-03-31,8.10388239069096e-05
2025-04-01,0.000151390028265677
2025-04-02,5.79954462221793e-05
2025-04-03,0.000132837532716907
2025-04-04,0.000438728386953254
2025-04-07,0.000662599571736442
2025-04-08,0.0014140896634845
2025-04-09,0.00223128832406742
2025-04-10,0.00115933602666587
2025-04-11,0.000838004786237672
2025-04-14,0.000723356857713906
2025-04-15,0.000289335718721714
2025-04-16,0.000142801143499811
2025-04-17,0.000196858321284973
2025-04-22,0.00032205900986956
2025-04-23,0.000609564392225321
2025-04-24,0.0002366882276153
2025-04-25,0.000109165606014811
2025-04-28,0.000108808136627079
2025-04-29,0.000169124464063869
2025-04-30,0.000151322480669651
2025-05-02,0.000275592265558205
2025-05-05,0.000365968713019156
2025-05-06,7.32439231524719e-05
2025-05-07,6.36963169083612e-05
2025-05-08,0.000128406964266652
2025-05-09,0.000110084493570668
2025-05-12,9.5782649920441e-05
2025-05-13,0.000288937100245958
2025-05-14,6.24844657596794e-05
2025-05-15,8.89459724537422e-05
2025-05-16,8.85561483601741e-05
2025-05-19,6.54749086666585e-05
2025-05-20,7.3700922410586e-05
2025-05-21,0.0001721710643617
2025-05-22,7.06879400380477e-05
2025-05-23,0.000104517622488101
2025-05-26,5.5872174801438e-05
2025-05-27,3.48987856904125e-05
2025-05-28,3.04249540183902e-05
2025-05-29,7.46723677357579e-05
2025-05-30,5.11006597848947e-05
2025-06-02,0.00015051643089051
2025-06-03,0.000335367880385761
2025-06-04,0.000563393731748678
2025-06-05,7.70254019877182e-05
2025-06-06,9.09686669883489e-05
2025-06-09,0.000157790888573215
2025-06-10,0.000307765266688485
2025-06-11,0.000282515984083517
2025-06-12,0.000512080000466957
2025-06-13,0.000337974630544421
2025-06-16,0.000252577938978505
2025-06-17,0.000174551087512237
2025-06-18,0.000173278055737914
2025-06-20,9.36322146699289e-05
2025-06-23,0.000795954564131965
2025-06-24,0.000178238318099884
