"Date","Sigma2_ARFIMA_ajustado","Residuals"
2011-05-12,0,-Inf
2011-05-13,0,-Inf
2011-05-16,-7.63540848798864e-06,NA
2011-05-17,5.84688443064817e-05,2.48904091586886
2011-05-18,6.61449595628616e-05,-1.52113119607333
2011-05-19,5.66486038253822e-05,-2.56049686428942
2011-05-20,7.29233147958903e-05,1.72104440016157
2011-05-23,7.59400545397385e-05,-1.88084569685313
2011-05-24,4.73349051345133e-05,1.53160597195303
2011-05-25,3.26942501143806e-05,0.366261348956743
2011-05-26,4.16431782264077e-05,1.933035686138
2011-05-27,3.77859411002645e-05,0.603887023498365
2011-05-30,2.69099331817752e-05,-1.67386188925357
2011-05-31,1.91912179012772e-05,0.094776807161938
2011-06-01,2.76308233850176e-05,-0.712067757032698
2011-06-02,2.29553063171337e-05,-0.435281287861706
2011-06-03,2.22319228521409e-05,-1.51077853545942
2011-06-06,3.31832429159683e-05,-4.28654739264225
2011-06-07,7.49635242922088e-05,-0.999990169722867
2011-06-08,6.49244071151884e-05,1.0745255153506
2011-06-09,7.57257087848014e-05,2.45031510983959
2011-06-10,0.000115542206101705,0.0784744255772494
2011-06-13,8.46889992598305e-05,-1.8014881995084
2011-06-14,8.60493268306738e-05,1.24043570590353
2011-06-15,6.5791772046037e-05,-1.57724274747881
2011-06-16,6.137571825684e-05,-0.0547947544274784
2011-06-17,8.41447347301611e-05,-0.234289941391653
2011-06-20,6.71978335302959e-05,-0.737098772114827
2011-06-21,6.23315572459752e-05,0.765331052894559
2011-06-22,5.23734300803452e-05,0.11886433157473
2011-06-24,6.27329401057048e-05,-2.13488101175518
2011-06-27,5.90169056576424e-05,1.18981264757115
2011-06-28,5.42389055260836e-05,2.1594957943808
2011-06-29,5.29563222326233e-05,-0.410814055073623
2011-06-30,5.15067593577426e-05,2.01170102102925
2011-07-01,4.43647427761592e-05,0.189763679176607
2011-07-04,5.12311633768761e-05,0.293820793909393
2011-07-05,4.16248251522876e-05,-1.57093078451145
2011-07-06,5.33851815996574e-05,-0.290767324953464
2011-07-07,5.3171708169427e-05,0.698203939277062
2011-07-08,4.64454477412889e-05,-1.18459577640181
2011-07-11,4.17537673466591e-05,-1.92660666511616
2011-07-12,4.01920625302679e-05,-0.204541607349393
2011-07-13,4.56956495165727e-05,1.71757168420941
2011-07-14,4.52646326761768e-05,-2.82267056545292
2011-07-15,5.96383628233368e-05,0.225494654164828
2011-07-18,5.14370567370952e-05,-1.40194939337248
2011-07-19,6.17235650144709e-05,-0.616661064018926
2011-07-20,6.33870123932266e-05,-1.50624936302586
2011-07-21,6.65389070024312e-05,3.35001218244361
2011-07-22,9.54577749118352e-05,-0.133589140067157
2011-07-25,8.63806275970017e-05,2.45439155030254
2011-07-26,9.22040831893317e-05,0.706647409256411
2011-07-27,8.57177345737551e-05,-0.320030371649839
2011-07-28,7.68667706062501e-05,-0.435988493084268
2011-07-29,6.71035603381065e-05,0
2011-08-01,6.53648854156671e-05,0
2011-08-02,6.14941661476118e-05,-1.80341805898099
2011-08-03,7.60445520070849e-05,-3.44606120624799
2011-08-04,0.00012622339298278,-6.8022592429604
2011-08-05,0.000290836675134737,-1.3500289181606
2011-08-08,0.000390404870890531,-3.99044500136367
2011-08-09,0.000441349867163712,1.25933719631697
2011-08-10,0.00045618718729109,1.39698714640776
2011-08-11,0.000463728243724257,1.11622644868696
2011-08-12,0.000465872082226476,0.205862685302969
2011-08-15,0.000353420394969255,1.77798802367483
2011-08-16,0.00029180089915843,-0.645004036592172
2011-08-17,0.00023658405083513,0.343577369488246
2011-08-18,0.000206543247662045,-1.92684258087693
2011-08-19,0.00021141158535514,-2.06342856608955
2011-08-22,0.000222507433019257,-0.170366121316427
2011-08-23,0.000226826199286852,1.70131662793815
2011-08-24,0.000258845532312601,0.215443939028196
2011-08-25,0.000216592672818084,-1.25425579028988
2011-08-26,0.00020589311183027,0.140224160262078
2011-08-29,0.000196939878474956,2.08195919933025
2011-08-30,0.00018573104579545,0.214551696681963
2011-08-31,0.000174640272011577,0.915013670595085
2011-09-01,0.000167750309518707,0.885773451427804
2011-09-02,0.000149523392314759,-2.64656703058703
2011-09-05,0.000192028507115001,-1.21466061207201
2011-09-06,0.00016259493246183,1.70408492168081
2011-09-08,0.000227419553404282,0.61265231028604
2011-09-09,0.000188594302248435,-1.82008597514783
2011-09-12,0.000186363473467048,0.687477691169961
2011-09-13,0.000198794257358995,-0.0697735361268468
2011-09-14,0.000169503917770488,0.752294452405186
2011-09-15,0.000188379147249126,0.106441310630837
2011-09-16,0.000162696197157962,0.38057909617345
2011-09-19,0.000143075270154625,0.605084919398278
2011-09-20,0.000150896934251355,-0.786543635628288
2011-09-21,0.000154736996499032,0
2011-09-22,0.000158074573478404,-4.3647187812178
2011-09-23,0.000227571719108721,-1.16600151610547
2011-09-26,0.000224603889041619,2.1249749015477
2011-09-27,0.000261511091813916,-0.723258886500614
2011-09-28,0.000241227188461757,-0.662065701831439
2011-09-29,0.000203605050515489,0.180856558146441
2011-09-30,0.000177700853657718,-1.16910778934639
2011-10-03,0.000172183323029581,-2.80404818375158
2011-10-04,0.000203033862118922,0.531672145626269
2011-10-05,0.000224592672432612,-1.23437751964892
2011-10-06,0.000247644629205383,2.1949936917807
2011-10-07,0.000268874641581582,-1.8058874405671
2011-10-10,0.000311852640833854,1.8567967055381
2011-10-11,0.000290872356536278,0.770091173482887
2011-10-13,0.000282394760733221,0.710084912480644
2011-10-14,0.000258658016131889,0.796552530171701
2011-10-17,0.000221291824801642,-1.17392761055953
2011-10-18,0.0002468377085409,0.492771932960668
2011-10-19,0.000230370697260927,-0.749475215346193
2011-10-20,0.000206998242574021,-1.49793397489995
2011-10-21,0.000212013364821737,1.62281914987888
2011-10-24,0.000198641974572775,1.85339640223339
2011-10-25,0.00021752062272555,0.512239677115312
2011-10-26,0.000218575505413443,0.507170508687497
2011-10-27,0.000193670043216432,3.01345846028211
2011-10-28,0.000213178926017368,2.06194643609733
2011-10-31,0.000242604832631866,-0.778218668255744
2011-11-01,0.000245810292334988,-0.570964058607697
2011-11-03,0.000276216922189142,2.20855158213306
2011-11-04,0.000257893312083445,0.509254462241251
2011-11-07,0.000224103440322593,1.73050925298883
2011-11-08,0.000245190153945391,-0.764834028590532
2011-11-09,0.000230737561036858,-2.85164012273437
2011-11-10,0.00024316386936069,0.149240026183301
2011-11-11,0.000208019461099979,1.43554364284134
2011-11-14,0.000182365691197302,0.542497476039639
2011-11-16,0.000170397479683341,0.661159165961836
2011-11-17,0.000169509280751071,-2.07743061889142
2011-11-18,0.000184300337559182,0.783090510249094
2011-11-21,0.000168548947943701,0.176867896473936
2011-11-22,0.00017224418544298,-0.420581848023554
2011-11-23,0.000156360825472845,-0.406793053396244
2011-11-24,0.00013802835245912,0.393695937122288
2011-11-25,0.000127031806827359,-2.74427673789729
2011-11-28,0.000156648925887506,1.84200368658112
2011-11-29,0.000141077197209709,-0.353171959455047
2011-11-30,0.00015439631510139,2.37046298913002
2011-12-01,0.000158019389936712,1.67782293971907
2011-12-02,0.000145714924066031,0.0367775830734012
2011-12-05,0.000135511231028147,1.6614878447086
2011-12-06,0.000136278399303141,1.29540516328242
2011-12-07,0.000141689354249943,-0.108144291053623
2011-12-08,0.000136989243204647,-2.87248719129289
2011-12-09,0.000225823664828462,1.46130106207487
2011-12-12,0.000200842845854075,-1.86354541924277
2011-12-13,0.000200555819220841,0
2011-12-14,0.000174304663480757,-2.05465190149927
2011-12-15,0.000179910606258401,-1.06679759163216
2011-12-16,0.00021521969589468,-0.668754226078809
2011-12-19,0.000184239064931275,-0.625235433869364
2011-12-20,0.000173594096756645,3.44253432076133
2011-12-21,0.000205830144563389,-0.570033518747975
2011-12-22,0.000183659293598459,0.770215526484696
2011-12-23,0.000160761654102944,0.248855781214978
2011-12-26,0.000135796279994171,-0.193317469061909
2011-12-27,0.000117228593707998,0.12489501695139
2011-12-28,0.000104945010318688,-3.44587648279405
2011-12-29,0.00016405439445732,0.218287005212607
2012-01-02,0.000169678372418332,0.852604644666863
2012-01-03,0.000213874701023752,2.73924565662249
2012-01-04,0.000200767515815406,0.502094699626679
2012-01-05,0.000192100740924113,-0.835970272540642
2012-01-06,0.000171478907965263,0.0684274694114215
2012-01-09,0.000147792009817247,1.09775624323873
2012-01-10,0.000133547090861585,1.02632281779903
2012-01-11,0.000116765737883728,0.0404028495231372
2012-01-12,0.000112117874095639,0.698200344409555
2012-01-13,0.000119485210328378,-0.118990086461277
2012-01-16,0.000106900515381629,2.48541184605801
2012-01-17,0.00013493503161037,0.544282193519078
2012-01-18,0.000126368942389081,2.10536937523173
2012-01-19,0.000139673230669948,-0.557362119875616
2012-01-20,0.000121937076429632,0.0373979367710883
2012-01-23,0.000111023169559515,3.50047234471215
2012-01-24,0.000266303387550237,0.654877771407481
2012-01-26,0.00024888751666887,-1.20932273149667
2012-01-27,0.000258257307247099,-0.62741264322875
2012-01-30,0.000214795173609544,-0.277140687693515
2012-01-31,0.000171051065595448,0
2012-02-01,0.000167159202590746,1.18707001744386
2012-02-02,0.00015739860244381,-1.35319252496745
2012-02-03,0.000175685810514103,0.245650058843808
2012-02-06,0.000165093072538629,0.786624313976296
2012-02-07,0.000149770388432247,2.39680458949761
2012-02-08,0.000189353556954132,-0.484192681434729
2012-02-09,0.000173704519226954,0.208568670845878
2012-02-10,0.000163038689658645,-6.39675801130157
2012-02-13,0.000227072221211534,2.38517636923046
2012-02-14,0.000246277816183616,-3.08153186848451
2012-02-15,0.000328017998399175,-0.262300959232725
2012-02-16,0.000313091796390008,1.87678987305603
2012-02-17,0.000343614433655071,0.382681624930104
2012-02-22,0.00027541222664104,-0.402218416829673
2012-02-23,0.000223529258432612,0.0839393060226792
2012-02-24,0.000192395098189572,1.66838025107331
2012-02-27,0.000176051146292737,-0.401299132092539
2012-02-28,0.000178531590130355,-0.0614967150930738
2012-02-29,0.000157586219799997,-0.0655099593536233
2012-03-01,0.000146125656865247,1.91727420935804
2012-03-02,0.000139170507176607,1.4190090511414
2012-03-05,0.000134886904398519,-2.45086431307901
2012-03-06,0.000166862223581584,-2.69071277692305
2012-03-07,0.000162043382970065,0.757101502902599
2012-03-08,0.000146168818757799,0.37854886560096
2012-03-09,0.000147240212181606,-1.31033284692999
2012-03-12,0.000147924940274768,-0.976748729400714
2012-03-13,0.000136953182239649,3.57136673787407
2012-03-14,0.000194131325629565,1.16562087036952
2012-03-15,0.00020487031745194,-1.73781559281888
2012-03-16,0.000215238863300097,0.36487653697009
2012-03-19,0.000226341170315265,0.435327686473657
2012-03-20,0.000209828119562547,-0.332935257582586
2012-03-21,0.000173544153013288,-0.502088997922785
2012-03-22,0.000149355663239299,-1.05891410305876
2012-03-23,0.000134834413404301,-0.362607390476223
2012-03-26,0.000130423521352637,1.86428559953581
2012-03-27,0.000126027423372924,-1.52145872868959
2012-03-28,0.000128205591568824,-1.53469231912721
2012-03-29,0.000139926881870228,-0.253377422287166
2012-03-30,0.000136141911058447,0.110183759879088
2012-04-02,0.000129735400127137,-0.452359244969087
2012-04-03,0.000139281398260585,-2.51737841374553
2012-04-04,0.000172388086104161,-2.7161123836107
2012-04-05,0.000172724657648272,0.834624460044154
2012-04-09,0.000164156275116075,-1.46828731567351
2012-04-10,0.000144186037167713,-1.55740032222453
2012-04-11,0.000171350009377256,0.574661993116294
2012-04-12,0.000146092187047123,2.51886392306867
2012-04-13,0.00017069519142219,-1.1915833071026
2012-04-16,0.000160881802046313,-0.584273067024863
2012-04-17,0.000164245967614399,0.253515528690618
2012-04-18,0.000147564588835671,0.683793573507655
2012-04-19,0.000157063121618114,-1.14492690798176
2012-04-20,0.000147147820221274,0.0384232926497756
2012-04-23,0.000130627341965213,-0.736976272657349
2012-04-24,0.000114947564481374,-0.175487817943861
2012-04-25,0.000106088874041958,-0.504115756654517
2012-04-26,0.000143173992873614,0.433943436161372
2012-04-27,0.000143248309210294,-1.22843210929129
2012-04-30,0.000140926324862778,1.43657640921628
2012-05-02,0.000132337112557145,2.85166743726389
2012-05-03,0.000185349826889503,-2.03106159858783
2012-05-04,0.00023199206322849,-2.88499098484953
2012-05-07,0.000332861950047378,0.266980677947043
2012-05-08,0.000286652987842666,-0.925603294960777
2012-05-09,0.000240031241265081,-0.31937483102697
2012-05-10,0.000210169568831562,-0.826102238051675
2012-05-11,0.000204953666569813,-1.38112789783618
2012-05-14,0.000195107031870371,-1.61055665686195
2012-05-15,0.000171034271822766,-1.67700448361565
2012-05-16,0.000224386000874029,2.82764623152804
2012-05-17,0.000230489335010553,-3.00404624495005
2012-05-18,0.000320999169508824,1.90532435301478
2012-05-21,0.000323945586693312,3.74578573159299
2012-05-22,0.000445449786912117,-1.63030887534265
2012-05-23,0.00040147371974037,-1.23046346452094
2012-05-24,0.000401957613966827,-1.39399482084245
2012-05-25,0.000436170074933372,-0.153879005583589
2012-05-28,0.000367802980295862,0.41792286274719
2012-05-29,0.000297831114703713,0.184734056357153
2012-05-30,0.000271727929917784,-1.63085772369111
2012-05-31,0.000236028096337743,2.70960430667142
2012-06-01,0.000354027991700079,-0.924811561877932
2012-06-04,0.000327593499962118,0.903607751641678
2012-06-05,0.000301051742118005,-0.942599084298931
2012-06-06,0.000283857795544956,0.90857640833401
2012-06-08,0.000243789956663056,-0.708443494072901
2012-06-11,0.000240684852862485,-1.69499073155385
2012-06-12,0.000288565819926722,0.668416528887852
2012-06-13,0.000246226687145304,1.01967480176162
2012-06-14,0.000239655707101911,-2.54444185199545
2012-06-15,0.000254526811432395,1.29735746627456
2012-06-18,0.000284182353142929,1.10881810836689
2012-06-19,0.000324554557279803,2.16011973239681
2012-06-20,0.000394881011696101,0.636203678575139
2012-06-21,0.000329538142842586,-1.77215449865013
2012-06-22,0.000339483004180022,0.782944556154714
2012-06-25,0.000311504095004539,-5.31329175470311
2012-06-26,0.000423249350752153,0.54310441478541
2012-06-27,0.000356079573860759,-1.07062169881223
2012-06-28,0.000330727954490034,0.18671519543812
2012-06-29,0.000314044554572022,1.72676025491578
2012-07-02,0.000269120876710352,0.366311509750633
2012-07-03,0.000260880877672264,2.08881514575245
2012-07-04,0.00029030862216724,-0.123755027748875
2012-07-05,0.000258648217765976,2.09703358778719
2012-07-06,0.000285121369374949,-1.22112117960643
2012-07-10,0.000250490870848413,-2.72341590490917
2012-07-11,0.000304583774386606,0.465469204125753
2012-07-12,0.000292178489144306,0.126083446096396
2012-07-13,0.000303905780049439,2.9191684492461
2012-07-16,0.000253337814082413,-0.646047138017198
2012-07-17,0.000255418037669181,-0.324203636617781
2012-07-18,0.000238143593458948,0.268744095086474
2012-07-19,0.000213534032693748,1.01904885591256
2012-07-20,0.000205550613458157,-1.58201346518556
2012-07-23,0.000201320962382214,-0.813078179131762
2012-07-24,0.000227502703799233,-0.597133745715296
2012-07-25,0.000232612961434031,0.728718699028053
2012-07-26,0.000219361725445708,0.917665990162602
2012-07-27,0.000203686660197351,3.23474791605645
2012-07-30,0.000267816667925719,0.422669060283036
2012-07-31,0.000242735939064356,-2.61225601149841
2012-08-01,0.000293958672790908,0.949364339297778
2012-08-02,0.000317573427680507,-0.626352027484249
2012-08-03,0.000295843691396212,0.999889011597141
2012-08-06,0.000251853580425113,-0.063233710498355
2012-08-07,0.000472235532507109,0.756088343803818
2012-08-08,0.000386197987476718,2.28489353769988
2012-08-09,0.000398355118518263,-0.427625269201751
2012-08-10,0.000322854036136586,0.185205045341185
2012-08-13,0.000275394101145128,-0.11450664834191
2012-08-14,0.000238709922259133,-0.5874195297776
2012-08-15,0.000231131488948549,0.659497281499918
2012-08-16,0.000208237198695321,1.33677113019775
2012-08-17,0.00019365916084571,0.300735484413326
2012-08-20,0.000175000123436753,0.105160510473865
2012-08-21,0.000163676645726671,-1.24130361098896
2012-08-22,0.000201175580186043,0.82500092475653
2012-08-23,0.000196078829560974,-0.701290857551026
2012-08-24,0.00017946943162491,-0.175595689715335
2012-08-27,0.000174344991278735,0.497788957740782
2012-08-28,0.000163184563435146,-0.10997202300323
2012-08-29,0.000146433636798346,-0.504957364465678
2012-08-30,0.000148374007567936,-0.660656381646446
2012-08-31,0.00014384098757336,-1.15723421556246
2012-09-03,0.00014955756709676,-0.276318090411799
2012-09-04,0.000144383085508491,-1.01220789784501
2012-09-05,0.000139616632877525,0.660218888171101
2012-09-06,0.00014151150955016,1.65746024030569
2012-09-10,0.000154618029444452,0.876013859480577
2012-09-11,0.000146556129649846,1.88486286082504
2012-09-12,0.000151464663134728,1.003836112048
2012-09-13,0.00014186872080431,3.40437942600439
2012-09-14,0.000275630883907908,1.04302549629437
2012-09-17,0.000263610389623664,-0.132311995620724
2012-09-18,0.000263571728999768,-0.132606568331255
2012-09-19,0.000214425120885986,-1.57818757970717
2012-09-20,0.000214098718689193,0.779356520251733
2012-09-21,0.000227580721100082,-0.668256677328718
2012-09-24,0.000206502754056075,0.792518131722808
2012-09-25,0.000180424691855615,-0.716789847611844
2012-09-26,0.000171110177411324,0.100787473316734
2012-09-27,0.000153358089452558,-0.213062833377948
2012-09-28,0.000137332895994371,-1.28719976302235
2012-10-01,0.000137920500733169,0.531241726642384
2012-10-02,0.000145156818021028,0.697642493937736
2012-10-03,0.000142482106550017,-1.33925476262914
2012-10-04,0.000154918163567198,0.215493590550985
2012-10-05,0.00015770842008169,-0.535024887593667
2012-10-08,0.000151643014142356,0.581864568605052
2012-10-09,0.000139795203144564,-0.720133804430969
2012-10-10,0.000133215081417637,-0.390803412551254
2012-10-11,0.000120183497349897,1.55371767936299
2012-10-15,0.000118723411712022,1.215601461741
2012-10-16,0.000115387726331467,0
2012-10-17,0.000128816825489045,-0.698347122724439
2012-10-18,0.000117411518275393,-0.490894112574638
2012-10-19,0.000111193923466636,-1.05959757382172
2012-10-22,0.00010675173578885,-0.873920131076053
2012-10-23,0.000120709387048908,-1.58224544124401
2012-10-24,0.00012335795609567,-0.541759843289789
2012-10-25,0.000109069897104184,0.92899346804661
2012-10-26,0.000107721770648444,1.53810478498037
2012-10-29,0.000156967644860976,-2.7557482815228
2012-10-30,0.000142706614582693,0.702794288017625
2012-10-31,0.000121691499882119,-3.12692543180298
2012-11-01,0.000193794795294079,0.172470232155554
2012-11-05,0.000163214368817171,1.4506041357783
2012-11-06,0.000205056321678088,1.43186341349366
2012-11-07,0.000185208764710837,-1.71449715328815
2012-11-08,0.000193286889722959,-1.96226752012973
2012-11-09,0.000217778594003804,0.556645032006311
2012-11-12,0.000204975504489126,-1.15228469318302
2012-11-13,0.000188557792972412,0.106806972875153
2012-11-14,0.000164754829150169,-2.59265165739949
2012-11-16,0.000227731218308948,-2.62844552686074
2012-11-19,0.000296866937287265,0.304187740821313
2012-11-21,0.000250653925726433,-1.70675971984143
2012-11-22,0.000311666138028227,0.0911899846298656
2012-11-23,0.000266251758649082,1.68536100560751
2012-11-26,0.000267436524739238,-1.12675806138658
2012-11-27,0.000229367884785452,-1.09667357433765
2012-11-28,0.000271789064667677,0.457054923579514
2012-11-29,0.000240748948407763,1.70510580033065
2012-11-30,0.000211088819878957,-1.78406674142964
2012-12-03,0.000252035621459808,1.13739007369418
2012-12-04,0.000210571447088351,-0.655970810426352
2012-12-05,0.000188646496910076,0.462760567504958
2012-12-06,0.000164255750062954,-0.995032388796857
2012-12-07,0.000148790261236668,1.64922166764001
2012-12-10,0.000154358857180911,2.0409580086337
2012-12-11,0.000183936609024114,1.56568803736179
2012-12-12,0.000167406608149303,-0.543193031397874
2012-12-13,0.000155299922348015,-1.13996913301806
2012-12-14,0.000143721388110167,2.68424383565645
2012-12-17,0.000193030039412076,-1.04028885154159
2012-12-18,0.000167889772622802,0.962559216776458
2012-12-19,0.00015788044955229,2.94365627287863
2012-12-20,0.000170967498972753,0.437233279528133
2012-12-21,0.000162765496858705,-1.35210259542956
2012-12-26,0.000147311700073983,-2.54776235213806
2012-12-27,0.000169020560972873,-2.5336447542194
2012-12-28,0.000222971204014161,0.378455693964432
2013-01-02,0.000185920759413584,0.635946899307189
2013-01-03,0.000181826645213688,2.62705361781451
2013-01-04,0.000206355607124069,0.272459222498506
2013-01-07,0.000185530142058262,-1.44810109615557
2013-01-08,0.00021091317868621,-2.01818711877993
2013-01-09,0.000240098635946423,0.592988509597664
2013-01-10,0.000205545327635345,0.529617719249432
2013-01-11,0.000176537382314547,0.189531762301858
2013-01-14,0.000157426540614765,-0.120363216947441
2013-01-15,0.000158997480149378,-0.119948276685696
2013-01-16,0.000147954259115671,0.0829169999416139
2013-01-17,0.000133964360026119,-0.567980972867437
2013-01-18,0.000120911405681948,-0.601809818314601
2013-01-21,0.000116865514625578,-0.902014345040283
2013-01-22,0.000115684952198672,0.906605180833961
2013-01-23,0.000116158051910483,-0.14227114557403
2013-01-24,0.000104778495421307,0.299366241358405
2013-01-28,0.000108582493617618,-1.18174829685025
2013-01-29,0.000127649494674703,-1.1960940759811
2013-01-30,0.000144130370229417,-4.06400775901315
2013-01-31,0.000214033145982964,-0.452173419134715
2013-02-01,0.000190013523505204,1.50892776727808
2013-02-04,0.000188402411968166,-1.83844642547849
2013-02-05,0.000178296408863044,0.332110699698347
2013-02-06,0.000308762712912174,-1.531299585849
2013-02-07,0.000260505587610677,-0.353033186250362
2013-02-08,0.000265599551135124,0.835792335086929
2013-02-13,0.000220572819226507,0.227346480795763
2013-02-14,0.000182280950147428,-0.542929528170122
2013-02-15,0.00016241445703581,-0.17782921976912
2013-02-18,0.000143839869560545,1.26726450934966
2013-02-19,0.00014365658328161,0.927041533232392
2013-02-20,0.000132913165383667,-2.33132019339153
2013-02-21,0.000153573884502498,-1.385735482066
2013-02-22,0.000148285735683684,-0.810012026754594
2013-02-25,0.000164033100345493,-0.91589322214994
2013-02-26,0.000142720078881546,-1.04354544235311
2013-02-27,0.000137405087638686,0.355987487826568
2013-02-28,0.000134531755108248,-1.03192070389071
2013-03-01,0.000127948373621299,1.53019586191656
2013-03-04,0.00017639238679106,-1.80353413358202
2013-03-05,0.000202666918222226,0.2549690346443
2013-03-06,0.000171121137075924,6.58614608061428
2013-03-07,0.000311992855730883,2.75476230587128
2013-03-08,0.000454489861793871,-1.45810642290734
2013-03-11,0.000516057338458885,1.32188247633513
2013-03-12,0.000529548111394226,-0.438368104696655
2013-03-13,0.000415154096936382,0.0523508935159905
2013-03-14,0.000334976992264661,1.77652681051823
2013-03-15,0.000340871878927419,-0.816617056523316
2013-03-18,0.00030005321518638,0.331695337707881
2013-03-19,0.000270511468410371,-0.317496810828331
2013-03-20,0.000248761091917208,-0.835359236514446
2013-03-21,0.000233659582965814,-1.12010693980903
2013-03-22,0.000206777167578708,0.374286400285754
2013-03-25,0.000182177528071954,0
2013-03-26,0.000179536408458586,-0.160412246591773
2013-03-27,0.000176799375453859,-0.690911660789751
2013-03-28,0.000161056109297326,-0.300017320405004
2013-04-01,0.000154313235748316,-1.37157181283413
2013-04-02,0.00015222211641266,-1.54215699570247
2013-04-03,0.000171484456581115,1.28345568154573
2013-04-04,0.000160379982826914,-1.23797077211825
2013-04-05,0.00017535556247009,0.340163715564449
2013-04-08,0.000166239664168318,-1.7182209608066
2013-04-09,0.000191741992640827,3.00610431769289
2013-04-10,0.000248870588303456,0.936030292199829
2013-04-11,0.000226763559395636,-1.56859682660357
2013-04-12,0.000244697822071861,-0.106693363230234
2013-04-15,0.00023842340515614,-2.68733281178851
2013-04-16,0.000245588845404284,1.71731973580827
2013-04-17,0.00020817047963801,-2.10706432124496
2013-04-18,0.000232048870951214,2.43926871239337
2013-04-19,0.000293063928589137,2.12438871442668
2013-04-22,0.000265599870890839,0.955424912205467
2013-04-23,0.000260637399296991,1.33844522594041
2013-04-24,0.000305154650472939,0.800232393223939
2013-04-25,0.000289357281667549,-0.760517751350796
2013-04-26,0.000263272449396314,0.288219048006425
2013-04-29,0.000230127025735325,3.52632187315991
2013-04-30,0.000235078553120335,1.70067431701813
2013-05-02,0.000242412626063574,0.509493612574003
2013-05-03,0.000267499164859,-0.759536221243354
2013-05-06,0.000281807967250626,1.03344831156128
2013-05-07,0.000253876633000896,0.827223223373986
2013-05-08,0.00022623172197357,-1.07262304954338
2013-05-09,0.000225922647720631,-0.164151075401437
2013-05-10,0.000205022836794215,-1.00789758868811
2013-05-13,0.000226480225958194,-1.89189861239232
2013-05-14,0.000209880553824969,0.567244605581422
2013-05-15,0.000195738106497553,0.0730841984890467
2013-05-16,0.000174315716992458,0.693463732418011
2013-05-17,0.000196631050254734,0.718533644994633
2013-05-20,0.000169659546924185,0.956094712341191
2013-05-21,0.000203589939738272,0.138643919000052
2013-05-22,0.000184478047638849,-1.1733379418422
2013-05-23,0.00021699150361838,-0.204783721769749
2013-05-24,0.000191681531440678,0.687725320118664
2013-05-27,0.00017355103904244,-0.417598339316444
2013-05-28,0.000149622263423876,0.53126134271016
2013-05-29,0.000141427447815441,-0.926829158550973
2013-05-31,0.000128022755660841,0.886027388529731
2013-06-03,0.000151591870502953,0.966434693725617
2013-06-04,0.000157963257545892,-0.867416700963916
2013-06-05,0.00016282347549147,-2.58010234568445
2013-06-06,0.000208177136444299,0.142609141535291
2013-06-07,0.000178504010353894,-2.42346561589028
2013-06-10,0.000185982047544305,0.155518820759662
2013-06-11,0.000160282075778081,-1.47802072832633
2013-06-12,0.0001777398796029,-1.67828437078452
2013-06-13,0.000224001392951257,2.46150641641339
2013-06-14,0.000345156844142988,-2.16150625405234
2013-06-17,0.000347484350587818,0.0890380048961804
2013-06-18,0.000295253026205389,-0.842514573385493
2013-06-19,0.000256770551582697,-2.244939444157
2013-06-20,0.000303671107849343,-0.603704988856288
2013-06-21,0.000334916334948242,-1.82812090266357
2013-06-24,0.000291404982307542,-1.99087181118932
2013-06-25,0.000316131350108395,0.317258355078869
2013-06-26,0.00029324532824086,0.544913889611475
2013-06-27,0.000251373879208505,0.891909792903489
2013-06-28,0.00021674717019102,-0.834457724875325
2013-07-01,0.000209531035495126,-0.0854468106334349
2013-07-02,0.000199923937389124,-3.45283009842658
2013-07-03,0.000431794031808379,1.56889816154137
2013-07-04,0.000460166795055229,0.175581335887692
2013-07-05,0.000353971338068911,-2.76840178485966
2013-07-08,0.000435020390825317,-0.541040264463284
2013-07-10,0.000355686196113817,0.80792233696502
2013-07-11,0.000304961327396481,2.17926612713069
2013-07-12,0.000308958030807348,-1.3481254659765
2013-07-15,0.00029309465983377,0.414934311614505
2013-07-16,0.000257784645667573,0.836029736659445
2013-07-17,0.000231538963174211,1.28094277257377
2013-07-18,0.000214148039606386,0.169987550622293
2013-07-19,0.000208824682691946,-0.952116635007983
2013-07-22,0.000188822186767206,1.89972788075169
2013-07-23,0.000229464845142777,0.444002784840312
2013-07-24,0.000202778922393876,-0.0856396320766254
2013-07-25,0.000200530058727157,1.91270933467821
2013-07-26,0.000250855356052499,0.411078093884002
2013-07-29,0.00022603693386279,-1.06803754587279
2013-07-30,0.000217048224221918,-0.901215045901712
2013-07-31,0.000216729928052017,-0.705199620427093
2013-08-01,0.000197946776800025,2.78095648112655
2013-08-02,0.000199173385931799,-0.545866027315851
2013-08-05,0.000186655025576882,-0.700015261054743
2013-08-06,0.000175918988347289,-1.69434523750268
2013-08-07,0.000201033093710426,-0.13008689110141
2013-08-08,0.000189083935582945,1.76843121681923
2013-08-09,0.000234237913541098,1.66600784959848
2013-08-12,0.000249561841071001,-2.07192415119472
2013-08-13,0.000440738033266899,-0.463305269322199
2013-08-14,0.000366051092524694,1.81980985561489
2013-08-15,0.000366100751768605,2.64530334985628
2013-08-16,0.000555601711261623,-0.119136962900205
2013-08-19,0.000466742560715996,0.129983913898896
2013-08-20,0.000418226308848465,-1.95843420570948
2013-08-21,0.000406402082017007,0.604415256434384
2013-08-22,0.000400637694776919,2.58278722323803
2013-08-23,0.000392026628465614,0.795817304171325
2013-08-26,0.000335147088811918,-1.07050701791051
2013-08-27,0.000305665734101242,-2.37554391516738
2013-08-28,0.000303882312211727,-0.961355127560922
2013-08-29,0.000317237979354191,-0.857184972162543
2013-08-30,0.000321306647048901,-0.331086531913025
2013-09-02,0.000306257175039923,0.474211749210834
2013-09-03,0.000269864704209112,-0.577687045206728
2013-09-04,0.000257777630212299,0.259286067760727
2013-09-05,0.000239525661820107,2.59315916084257
2013-09-06,0.000358988815323792,0.657874624413204
2013-09-09,0.000325276574317593,1.26546195464559
2013-09-10,0.000287106894722994,0.549602135592271
2013-09-11,0.000252550487035557,-0.309554318371112
2013-09-12,0.000242359631156505,-1.42354243498361
2013-09-13,0.000267005998316001,0.95252224363429
2013-09-16,0.000251542141867815,1.10316880958159
2013-09-17,0.000251615514042211,0.272762740155834
2013-09-18,0.000219680481938591,1.33392159284039
2013-09-19,0.000287959137595845,0.805148306066026
2013-09-20,0.000271025646183338,-0.701499447551361
2013-09-23,0.0002402460000612,0.610251522563011
2013-09-24,0.000210838076873124,-1.27236368196617
2013-09-25,0.000201275761179799,0.112567858870328
2013-09-26,0.000182760564578414,-0.83091604730774
2013-09-27,0.000170795787885094,-0.371345311368739
2013-09-30,0.000169968444002837,-0.582667292500701
2013-10-01,0.000218158643642174,1.13360541332894
2013-10-02,0.000193175854094528,0.422664416887878
2013-10-03,0.000174403953883037,-0.973929288738864
2013-10-04,0.000171756832763238,0.533161074124478
2013-10-07,0.000201587827128384,-0.188875542742745
2013-10-08,0.000180658199974859,-1.24909003483152
2013-10-09,0.000198754232523044,-0.935893971522575
2013-10-10,0.000198635951271754,0.313431986052758
2013-10-11,0.000179414342892943,-0.205950895831188
2013-10-14,0.000164566648463297,0.72873204334276
2013-10-15,0.000160838388436304,0.644734791452912
2013-10-16,0.000149169092068805,-0.311742135832033
2013-10-17,0.000163152306982571,-0.599594110076062
2013-10-18,0.000156443402990566,-1.23888199546895
2013-10-21,0.000179264567039514,3.85599982669826
2013-10-22,0.000387188623516252,-0.896136294704049
2013-10-23,0.000324870711859105,-0.661929347171189
2013-10-24,0.000282231535179267,-0.292985178748977
2013-10-25,0.000258272954258302,0.847064180265785
2013-10-28,0.000242478292411713,4.68715551387691
2013-10-29,0.000294115146258867,-0.559683796248857
2013-10-30,0.000276784204707409,0.757987277491057
2013-10-31,0.000307033661142461,1.35685168945281
2013-11-01,0.000296790601557851,-1.64252311077347
2013-11-04,0.000263672536029074,1.10632828183785
2013-11-05,0.000221003419883648,0.0997283493876705
2013-11-06,0.00019559611682704,0.562736041801272
2013-11-07,0.000176080643035355,-1.52926974763088
2013-11-08,0.000205958857984269,-1.26567019497995
2013-11-11,0.000196545766448103,1.6158858210048
2013-11-12,0.000206514691191614,-1.89601382839991
2013-11-13,0.000233914314416129,1.29149636825177
2013-11-14,0.000257265848401054,1.57455680184135
2013-11-18,0.00023553656025918,3.08039593292821
2013-11-19,0.000297250272078616,-0.899688042349972
2013-11-21,0.000256868195760422,-0.623799552364113
2013-11-22,0.000265702430554301,-0.678866651522592
2013-11-25,0.000239968179748707,-0.97548727420114
2013-11-26,0.000232194519438759,-4.26117749889985
2013-11-27,0.000307376512173017,-0.3297872721275
2013-11-28,0.000277028958895211,-0.989930512772652
2013-11-29,0.000279416874502987,1.4568707400787
2013-12-02,0.000271098859475554,-5.86490915120466
2013-12-03,0.00029372106321651,0.502000834941155
2013-12-04,0.000341653691522208,-0.340942554278349
2013-12-05,0.000284545704417389,0.778480823473808
2013-12-06,0.000245330298232868,-1.46523091203189
2013-12-09,0.000257073563261069,0.0723542555985874
2013-12-10,0.000225851285777088,0.192593206832103
2013-12-11,0.000191380456618259,-2.20606683831295
2013-12-12,0.000216005278684044,0.323617971244285
2013-12-13,0.000196460433960524,0.715769916531131
2013-12-16,0.000173938580317925,1.36781062893427
2013-12-17,0.000178319038664744,-2.36917752173485
2013-12-18,0.000202970189141726,0.166923728762775
2013-12-19,0.000173938270166635,1.82393862065855
2013-12-20,0.0001772651019545,-1.49518100294257
2013-12-23,0.00018998559653896,0.640719869728598
2013-12-26,0.000171789221870667,-0.628693770656248
2013-12-27,0.0001594449961814,0.0467913833366273
2013-12-30,0.000142234013136695,0.739632022911103
2014-01-02,0.000138786365289043,-1.6560838122907
2014-01-03,0.000173464767638859,-1.51080061768532
2014-01-06,0.000165948962265879,0.939805510227557
2014-01-07,0.000180167318176942,-2.09107389985755
2014-01-08,0.000229093880333235,0.122537876024168
2014-01-09,0.000188804136400234,-2.23666007482092
2014-01-10,0.000232687868461592,1.11781349411221
2014-01-13,0.00026124793776198,-0.779708702898734
2014-01-14,0.00023993933804631,-0.287197913290483
2014-01-15,0.00019886569744859,1.51928294833238
2014-01-16,0.000201655645796671,-2.00386024217998
2014-01-17,0.000238129984541514,-0.333390722922125
2014-01-20,0.000206342068674242,-1.49716579188105
2014-01-21,0.000209722958202355,0.724013126819999
2014-01-22,0.000186076461055859,2.35133983288347
2014-01-23,0.00022615958318295,-1.57167003138793
2014-01-24,0.000216991097510388,-1.64337445169118
2014-01-27,0.00021763602631686,0.0448759741453926
2014-01-28,0.000185748679357548,-0.2919359737463
2014-01-29,0.000189548622346229,-1.21667758679501
2014-01-30,0.000184303899963661,-0.499392919855767
2014-01-31,0.000200195996628751,0
2014-02-03,0.000222125877550783,-3.9964243643893
2014-02-04,0.000329573726718663,0.946344419965562
2014-02-05,0.000297069304147824,-1.08061650051524
2014-02-06,0.000359805674112939,1.42898664000293
2014-02-07,0.000325195036172553,0.928759458577374
2014-02-10,0.00028292016473147,0.654676581152873
2014-02-11,0.000251731883183033,1.49209984567435
2014-02-12,0.000241222274311441,0
2014-02-13,0.000206252239838686,-1.64841918749809
2014-02-14,0.000205038637367629,-0.143548763990757
2014-02-17,0.000181706682631814,-0.767170592191011
2014-02-18,0.00018514064694245,-1.64813702774626
2014-02-19,0.000208152908724585,0.44069980211176
2014-02-20,0.000194816068775615,-0.202102486872474
2014-02-21,0.000192236191268137,-0.0509533311505248
2014-02-24,0.000173253303844354,1.85632604311519
2014-02-25,0.000222212495918402,-1.49704415982487
2014-02-26,0.000249965787312452,-2.27051950018606
2014-02-27,0.000278586510129257,1.5562653457852
2014-02-28,0.000264431577201298,-2.00328791310856
2014-03-05,0.000287188486324103,-1.31721451290183
2014-03-06,0.000273817000181935,0.633279381209379
2014-03-07,0.000258589009527996,-0.5114419073068
2014-03-10,0.000249724764697859,-1.49015036175812
2014-03-11,0.000261597890221324,0.473414795464568
2014-03-12,0.000218005892248919,1.07628466109372
2014-03-13,0.000217960265432965,-1.07639730747983
2014-03-14,0.000226847926511247,-1.69265324891544
2014-03-17,0.000218811285827091,-1.12007319100312
2014-03-18,0.00022362995710644,2.09478577981148
2014-03-19,0.000250319549937838,1.77783773224239
2014-03-20,0.000300599194377834,2.74404810577153
2014-03-21,0.000441160949533021,0.101985816876849
2014-03-24,0.000452626492889228,1.2570293459662
2014-03-25,0.000411514667248838,0.273106001626195
2014-03-26,0.000361651886831604,-0.291325523759783
2014-03-27,0.000304131208461783,4.47939535069355
2014-03-28,0.000592478013561328,0.236791224060847
2014-03-31,0.000497175206790788,0.342354532100371
2014-04-01,0.000385766055275589,0.0967029566352381
2014-04-02,0.000323708396470335,2.57602046970666
2014-04-03,0.000415001682452828,-0.534497102416087
2014-04-04,0.000378063718376985,0.133411528258395
2014-04-07,0.000322020225854598,3.5648887531696
2014-04-08,0.000371220102896902,-1.50358429418287
2014-04-09,0.000632684191929967,-0.349618399113988
2014-04-10,0.000517944304614765,-0.473824620253135
2014-04-11,0.000440837121437237,1.52446025090227
2014-04-14,0.000464285534001693,-0.751354197358101
2014-04-15,0.000412175976541663,-1.9231964121506
2014-04-16,0.000514923726948359,1.30373000264051
2014-04-17,0.000453002092466498,1.75333740655845
2014-04-22,0.000572013113395522,-1.08607719887246
2014-04-23,0.000562698514198662,0.18449160278847
2014-04-24,0.000447368724991176,0.294023840881264
2014-04-25,0.000394058658381103,-0.313281622423478
2014-04-28,0.000351891747093661,1.73402460324217
2014-04-29,0.000410567758729529,0.385914849511342
2014-04-30,0.000390013361642798,-0.365385356640058
2014-05-02,0.000336825221877715,3.28587870647151
2014-05-05,0.00048506813271396,-0.0774600219139886
2014-05-06,0.00041017472520625,1.84784999597386
2014-05-07,0.000542706046346895,0.792784485864992
2014-05-08,0.000504014300599096,-1.71057969129211
2014-05-09,0.000556413318964598,-0.500859572400261
2014-05-12,0.000489481557995953,0.91161368266583
2014-05-13,0.000399700404697096,-0.194571596314538
2014-05-14,0.000368985499593546,0.94785798256412
2014-05-15,0.0003406193814881,-0.775765111464559
2014-05-16,0.000298181853351123,0.0642026427089156
2014-05-19,0.000287877772813207,-0.360278312628941
2014-05-20,0.000254930065968476,-2.27515660218759
2014-05-21,0.000486860777584467,0.41722553799125
2014-05-22,0.000460513911969043,0.504354185339472
2014-05-23,0.000388723319086991,0.143479738186814
2014-05-26,0.000324639205641864,0.499448453874857
2014-05-27,0.000275526212430911,-1.26117891284661
2014-05-28,0.000298402590735601,0.690929736550503
2014-05-29,0.000296480070211587,-1.32752619465132
2014-05-30,0.000289053322659659,-2.11137956923324
2014-06-02,0.00029723095207274,-0.313626500264762
2014-06-03,0.000290559160574948,1.05075331134008
2014-06-04,0.0002849368913698,-1.06106921012275
2014-06-05,0.000267439107642255,-1.04022243492642
2014-06-06,0.000278476600781964,4.79653278008228
2014-06-09,0.000285325210304517,1.29171205510167
2014-06-10,0.000352496462089306,0.789957379731641
2014-06-11,0.000323378080661709,1.61369915582741
2014-06-13,0.000322732423179808,0.32337563668094
2014-06-16,0.000288939443175485,-0.779625685924567
2014-06-17,0.000270504213310989,-1.37817842944711
2014-06-18,0.000258130409012684,2.26843195836976
2014-06-20,0.000303456186944927,-0.913631509526623
2014-06-23,0.000268196547449655,-1.3203181441925
2014-06-24,0.000250597563616252,-2.32036477092897
2014-06-25,0.000507482226837261,-0.889618019080768
2014-06-26,0.000444288771949937,0.0822464366282853
2014-06-27,0.000389988276924482,-0.352059791945645
2014-06-30,0.000317009105138316,0.293119309182699
2014-07-01,0.000299289540572092,-0.335288136889194
2014-07-02,0.000291537669109738,-0.238979462998513
2014-07-03,0.0002603157710586,1.36067288651167
2014-07-04,0.000289352002025713,0
2014-07-07,0.000242077375815088,-0.813114658384847
2014-07-08,0.000219232070376991,0.195140162088059
2014-07-10,0.000198745658356713,3.12285772353235
2014-07-11,0.000221340194365145,0.628014798793085
2014-07-14,0.000229152135180753,2.89876010798066
2014-07-15,0.000274004673550802,0.503958660467381
2014-07-16,0.000260634559627426,0.16059595588002
2014-07-17,0.000224502645866507,0.858520599683834
2014-07-18,0.000272060638067628,2.90485014137924
2014-07-21,0.000280037583021544,1.09649718788348
2014-07-22,0.000291381729058195,0.418947865917391
2014-07-23,0.000282288849594179,-2.27671139521319
2014-07-24,0.000263747965201957,0.151775144307562
2014-07-25,0.000242125930365738,0.567054112136245
2014-07-28,0.000208245564633818,-1.15951792277466
2014-07-29,0.000207122203819197,-1.85209243279558
2014-07-30,0.000212688689869205,0.799141019462393
2014-07-31,0.000199522406640132,-2.72672690411542
2014-08-01,0.000222963425477792,-0.316313370457375
2014-08-04,0.0002160555269953,1.55671693727992
2014-08-05,0.000223684669188364,0.853937392865594
2014-08-06,0.000263170678196842,1.87977635680903
2014-08-07,0.000302040035253587,-0.455086662293083
2014-08-08,0.000313643280339401,-2.40436180688603
2014-08-11,0.000281170711088484,2.50980588628967
2014-08-12,0.00034535087374849,-1.27064893078712
2014-08-13,0.000328830298978522,-2.81829253197278
2014-08-14,0.000532396655594348,-0.209200783035003
2014-08-15,0.000462034371419914,3.5155271115243
2014-08-18,0.000534763147363357,0.726795989108378
2014-08-19,0.000494869349514581,1.10999689637613
2014-08-20,0.000449620465189711,1.00416165646419
2014-08-21,0.000410632134242467,-0.138814302498969
2014-08-22,0.000357132455711526,-0.952560197497766
2014-08-25,0.000322712509637063,2.90318204147494
2014-08-26,0.000354099946831631,-0.484432698186227
2014-08-27,0.000337087627520456,2.43847303382299
2014-08-28,0.000439798546015293,-0.0835829260294624
2014-08-29,0.000395251731513262,1.19895988267131
2014-09-01,0.000401364165704885,1.01568487025278
2014-09-02,0.00036555110101355,1.57817854298326
2014-09-03,0.000484665089864424,-1.14243257755759
2014-09-04,0.000508887277337191,-2.20078526931023
2014-09-05,0.000520360480338637,0.0576685574518539
2014-09-08,0.000467479518236799,-2.32757247970667
2014-09-09,0.000745435696628052,-0.373223261100396
2014-09-10,0.000667446244738271,-0.967046317468677
2014-09-11,0.000585095192459695,0.509911705831127
2014-09-12,0.000504345054967407,-2.30500217144848
2014-09-15,0.000553869793095064,0.856321841107577
2014-09-16,0.000470860943792169,2.18969316176132
2014-09-17,0.000680467562762807,1.00078920116187
2014-09-18,0.000557135398427017,-1.6202829295038
2014-09-19,0.000527629139880984,-0.784058547875387
2014-09-22,0.000468305224447769,-0.712649497288869
2014-09-23,0.000478557636843947,-1.03283609625528
2014-09-24,0.000527949340752556,0.215666951929948
2014-09-25,0.000487444386613623,-0.881711363163033
2014-09-26,0.000427305860371703,2.61042607280859
2014-09-29,0.000597103086820414,-4.8494481110187
2014-09-30,0.000518926811988008,-1.22047075755613
2014-10-01,0.000532646060866454,-2.46394954786734
2014-10-02,0.000516507504637354,0.537383335690133
2014-10-03,0.000533160697143199,2.55185694615308
2014-10-06,0.000677985637941398,4.04848195242884
2014-10-07,0.000746693069690764,1.44289827519653
2014-10-08,0.000709917083954793,-0.642495396419844
2014-10-09,0.000929993160904833,0.545886296482875
2014-10-10,0.000739489101216664,-2.10599241857272
2014-10-13,0.000714737694139025,3.74804411864708
2014-10-14,0.000733573529864107,-0.809638314849601
2014-10-15,0.000698045900013396,-2.71762486168501
2014-10-16,0.00073796693193185,-2.84765636929596
2014-10-17,0.000669997404523689,0.900873671852764
2014-10-20,0.000633753616721319,-2.51235661855995
2014-10-21,0.000689548059536561,-2.7307336825431
2014-10-22,0.000699785351893218,-0.158976326895673
2014-10-23,0.000682325609118915,-2.87076421151775
2014-10-24,0.000751541591757571,2.04814796027778
2014-10-27,0.000943026373182846,-4.28559229524624
2014-10-28,0.000882085525954282,1.69994410292706
2014-10-29,0.000718643290288513,-2.59491793075193
2014-10-30,0.000715339391755783,0.791610519603385
2014-10-31,0.000678786231062914,2.49055047471955
2014-11-03,0.000731856561593259,-1.05515393208053
2014-11-04,0.000645938669978299,-0.0795679574562765
2014-11-05,0.000622265559173191,-1.15250045070471
2014-11-06,0.000524869438356167,-1.04296332304816
2014-11-07,0.000504057866289899,0.660344357802893
2014-11-10,0.00073836754541571,-0.75559399463034
2014-11-11,0.000627577046364054,0.0570661840185772
2014-11-12,0.000533421740596393,0.338866545236736
2014-11-13,0.000552093440376902,-1.56677414945315
2014-11-14,0.000606276508879149,-1.2124171591613
2014-11-17,0.000555692355171338,-1.97343415653801
2014-11-18,0.000616139317918161,-0.482479931375958
2014-11-19,0.00072902016906898,0.968906079933825
2014-11-21,0.000704290784386159,4.23453412431329
2014-11-24,0.00100862424716507,-0.198798007162915
2014-11-25,0.00106677499265396,-0.129550547995608
2014-11-26,0.0010778846739467,-0.107819137672605
2014-11-27,0.000885969513810587,-1.61058544316475
2014-11-28,0.00111326566518151,-1.46228785150249
2014-12-01,0.00100167784684512,-1.20764817497125
2014-12-02,0.000839714159185864,-0.536349323373955
2014-12-03,0.000734316493622404,1.781651787595
2014-12-04,0.000704649120624155,-1.50947895955555
2014-12-05,0.000696778145236936,0.092814413011665
2014-12-08,0.000600951768752149,-2.61051097079417
2014-12-09,0.000701536830042263,-0.46244703299845
2014-12-10,0.000704328860331466,-1.80029396657848
2014-12-11,0.000687398634945174,-0.0352344749487383
2014-12-12,0.000785376568034629,-2.42184763079774
2014-12-15,0.000776555665149634,-3.46283057896663
2014-12-16,0.00127077800458819,0.604594213158052
2014-12-17,0.00203408308096921,0.652180860306144
2014-12-18,0.00157564714879632,-0.527058060347238
2014-12-19,0.00164512071260498,0.945918840011916
2014-12-22,0.00129876567221338,1.34980568424239
2014-12-23,0.00117747428586882,1.78002855313453
2014-12-26,0.00120194131634543,-1.81777187209679
2014-12-29,0.00113544746166461,-0.0576807951374125
2014-12-30,0.000999626627571269,-0.810237139653293
2015-01-02,0.000855014749056807,-2.33024367044317
2015-01-05,0.000920543126347115,-2.75279246144059
2015-01-06,0.000985398594226822,-1.05319359071572
2015-01-07,0.00123167804934181,1.13990670155795
2015-01-08,0.00104472755680532,1.76839241370793
2015-01-09,0.00108914548127555,0.717603119480454
2015-01-12,0.000991679533541896,-1.7000267881319
2015-01-13,0.00116893020021209,0.293958677882271
2015-01-14,0.0010882360359648,-0.888626530057537
2015-01-15,0.000926633270091758,2.18116430122814
2015-01-16,0.000917987453896308,0.351495799205674
2015-01-19,0.000833613508343209,-0.929610131144463
2015-01-20,0.000778662170150206,0.503384144099922
2015-01-21,0.000926543995865723,1.71681644246198
2015-01-22,0.000890231161668221,1.43636940961352
2015-01-23,0.000838636659464385,-0.852668307431304
2015-01-26,0.000825315904379321,-0.314698082044827
2015-01-27,0.000727740238575574,0.960009904061458
2015-01-28,0.000971398848074252,-3.81457326136539
2015-01-29,0.000974535619357785,-1.00900499748424
2015-01-30,0.00113563226731489,-1.99890985142211
2015-02-02,0.00092802046119983,1.87183699384145
2015-02-03,0.000959196158505754,4.64534149935273
2015-02-04,0.00131090863078583,0.0551835777692506
2015-02-05,0.00172073243120553,-0.535192712555232
2015-02-06,0.0014421109512667,-1.89367542202034
2015-02-09,0.00160266183714633,0.434432347437577
2015-02-10,0.00154399996986223,-1.00691802345347
2015-02-11,0.00161413353351379,0.305066088443694
2015-02-12,0.00130856177164758,1.40264729997622
2015-02-13,0.00106483146491319,1.5412224481771
2015-02-18,0.000964782625772354,0.416248412106466
2015-02-19,0.000841572081841714,-1.28392127811098
2015-02-20,0.000768435522457942,-0.297214161178074
2015-02-23,0.000736538664791835,-0.692344102631391
2015-02-24,0.000660978083420316,1.48768217444048
2015-02-25,0.000632882924136808,-1.98378500352848
2015-02-26,0.000652845871459044,-0.461682646047511
2015-02-27,0.000645713425794952,1.25339268107254
2015-03-02,0.000729705480141908,-0.663512956739744
2015-03-03,0.000722039930727411,0.783505091771208
2015-03-04,0.000648509440122747,-1.62858301011949
2015-03-05,0.000588907047796012,0.312010942311686
2015-03-06,0.000541872428102574,-0.185567174885548
2015-03-09,0.000498295823997921,-1.62918928637392
2015-03-10,0.000495387853411403,-1.8530073172237
2015-03-11,0.000586911196507783,1.14270382653727
2015-03-12,0.000539333206796054,-1.44459181866613
2015-03-13,0.000733393624449005,-0.879230333112018
2015-03-16,0.000627777804082832,0.762054760396036
2015-03-17,0.000588732706371581,2.04328447141133
2015-03-18,0.000744306628959564,1.53421139208228
2015-03-19,0.000832671913665197,-1.41156172416287
2015-03-20,0.000739317447683173,1.81406231849371
2015-03-23,0.000681435623306632,0
2015-03-24,0.000585309889758321,0.176452626637279
2015-03-25,0.00051871870889373,2.05530633936959
2015-03-26,0.000512037450441317,-2.25732790256184
2015-03-27,0.000658335148246182,0.124850510715162
2015-03-30,0.000640545238527137,1.40684587249528
2015-03-31,0.000577492932696887,0.0427894876138589
2015-04-01,0.000584382823745148,1.99196299416746
2015-04-02,0.000602121112724949,1.9864378951522
2015-04-06,0.000629410916838497,-0.11170374452896
2015-04-07,0.000545349023695975,0.793749957888193
2015-04-08,0.000561026477837194,-1.139531311796
2015-04-09,0.000759101251987523,3.1466868493519
2015-04-10,0.0009921037318337,0.706152009346321
2015-04-13,0.000906109324262589,1.24126906419816
2015-04-14,0.000929858637430611,0.582780484998706
2015-04-15,0.000903771677586342,2.16509505611131
2015-04-16,0.00094320674479886,-0.992031377370787
2015-04-17,0.000919073759959274,0.203458671829465
2015-04-20,0.000864992780262725,0.208436894915803
2015-04-22,0.000711297086307928,0.0858339115601267
2015-04-23,0.000692944607548055,-0.583550293656918
2015-04-24,0.00116061731005398,0.762463690435577
2015-04-27,0.000967230498188373,-1.69270661230957
2015-04-28,0.00083720780205775,0.545133803188632
2015-04-29,0.000784235417860018,0.111590480533584
2015-04-30,0.000676797651937244,0.683507719679519
2015-05-04,0.000593029782628631,2.29467776683969
2015-05-05,0.000582808174428196,1.70535782922295
2015-05-06,0.000714056266933525,-1.9770987742888
2015-05-07,0.001047783095988,0.135596268822305
2015-05-08,0.000932959962305159,-0.433001306986344
2015-05-11,0.000863871202802118,0.499615833328387
2015-05-12,0.000720969024802941,0.189530924502562
2015-05-13,0.00063321057234252,0.515365149555963
2015-05-14,0.00056367381446569,-0.241894578597252
2015-05-15,0.00053577256237259,0.525547804633255
2015-05-18,0.000526524864932706,-0.876645479847159
2015-05-19,0.000774465545891293,-2.34343823440026
2015-05-20,0.000795552329931959,-0.054967501783368
2015-05-21,0.00069739133398399,1.61038392400928
2015-05-22,0.000686875584284548,-1.06434785748215
2015-05-25,0.000705543604704364,-0.81466446153096
2015-05-26,0.000590682056403403,-1.3395136724532
2015-05-27,0.000559317959292037,0.542537928614735
2015-05-28,0.000511766481784555,0.420662228171442
2015-05-29,0.000490466665171198,-1.22826176845558
2015-06-01,0.000483267818147698,0.147332810801135
2015-06-02,0.000463688940160204,1.7317769858394
2015-06-03,0.000468655916330265,-0.0359896073095268
2015-06-05,0.000441595123820481,-1.01212766513018
2015-06-08,0.000419435375290208,0.0388601983428205
2015-06-09,0.000390209827710543,1.58582589582388
2015-06-10,0.000449991650424727,0.289875712976184
2015-06-11,0.000455834539161966,0
2015-06-12,0.000404856942842684,-0.11438250812955
2015-06-15,0.00035832706208683,-0.121862837577118
2015-06-16,0.000323575140476296,1.5196941642464
2015-06-17,0.000381963858301362,-0.61694036378916
2015-06-18,0.000386319514479905,0.955296691163404
2015-06-19,0.000349229105783163,-1.08594686023928
2015-06-22,0.000332661066789408,0.124749932725718
2015-06-23,0.00030361029167055,-1.00880458237108
2015-06-24,0.000333071083114402,0.96315642518734
2015-06-25,0.000309811517290066,-2.64296293421029
2015-06-26,0.000424625201029601,2.294297993868
2015-06-29,0.000438859909605847,-1.69186475943266
2015-06-30,0.000626213537651832,-0.12556561317377
2015-07-01,0.000508197084976591,-1.88942882262464
2015-07-02,0.00062754269380128,0.391364715477526
2015-07-03,0.000521354449951397,-2.07809793478535
2015-07-06,0.000547251066352262,-0.920912465933352
2015-07-07,0.000502789820418968,1.15046228318683
2015-07-08,0.000783432458239611,-0.704460072717108
2015-07-10,0.000743019247317881,0.754493775524571
2015-07-13,0.000577115059747087,0.105785049462767
2015-07-14,0.000496556190499439,0.678242203511398
2015-07-15,0.000489635612790665,-0.759550683278888
2015-07-16,0.000435935958194915,0.484606143555181
2015-07-17,0.000369407460219394,-2.32072648137312
2015-07-20,0.000411241160848732,-2.71183757358463
2015-07-21,0.000593792794635277,-0.076136672494638
2015-07-22,0.000632306302773384,-1.54349459653959
2015-07-23,0.000554611559617911,-0.785981977929138
2015-07-24,0.000527064492958059,-0.560378086807236
2015-07-27,0.000529602160103901,-2.35662596692905
2015-07-28,0.00054206992142191,2.02885945443034
2015-07-29,0.000619013926376819,2.91521701891138
2015-07-30,0.000789871727857553,-0.839616402721055
2015-07-31,0.000806194472011081,0.100770452407087
2015-08-03,0.000671306441124917,-1.80597901794656
2015-08-04,0.000622605154166503,0.63489416462002
2015-08-05,0.000547327714439693,-0.719828672055566
2015-08-06,0.000579066982366323,1.26742880334478
2015-08-07,0.000670721590903354,-2.43218090340495
2015-08-10,0.000884844577844531,0.890130609767059
2015-08-11,0.00077302971621924,-0.436407482440243
2015-08-12,0.000673901465403897,0.195441192945944
2015-08-13,0.000588761864265552,-1.57302923882666
2015-08-14,0.00058575809396558,-0.922612619009651
2015-08-17,0.000551807554541748,-0.832018299771311
2015-08-18,0.000482367042475411,-0.603073970401353
2015-08-19,0.000491774356063284,-1.0646591126732
2015-08-20,0.000520684350393897,-0.300166056589633
2015-08-21,0.000529775525191233,-2.19447267344628
2015-08-24,0.000511074205306548,-2.97577423997595
2015-08-25,0.000752214015459043,0.651939256501663
2015-08-26,0.000669474111734198,1.01394867828014
2015-08-27,0.000583782344630763,3.8006268724429
2015-08-28,0.000766313313151491,0.444236897240517
2015-08-31,0.000964939189716171,0.672537834079129
2015-09-01,0.00109524310094407,-2.04013620363812
2015-09-02,0.00100355669524807,0.834090877962406
2015-09-03,0.000929927239664256,-0.223840968890079
2015-09-04,0.000994653379580999,-0.918062239096385
2015-09-08,0.00079441204172361,0.537891440620258
2015-09-09,0.000653293891247119,-1.1487678118217
2015-09-10,0.000729299544225547,-1.90168443930645
2015-09-11,0.000672330647661101,-1.53002389695384
2015-09-14,0.000676337699111193,0.300016621425664
2015-09-15,0.000657336468322886,-0.355273902602554
2015-09-16,0.000624868105968839,2.48364336291245
2015-09-17,0.000707839781323513,-1.31566372595464
2015-09-18,0.000613227916617021,-1.35838802602588
2015-09-21,0.000560258698455655,-1.70148989267897
2015-09-22,0.00059569944979748,-1.89532547136815
2015-09-23,0.000676555495819237,-0.836416140263095
2015-09-24,0.000761806262112862,0.736209618262117
2015-09-25,0.000907052513731211,-0.674695075851081
2015-09-28,0.00090016651469644,-1.91085429753582
2015-09-29,0.000800647971961654,0.813720432052792
2015-09-30,0.000722055902931771,3.50070764624896
2015-10-01,0.000659085101066301,-1.20197895630486
2015-10-02,0.000747351755018525,3.71307082889634
2015-10-05,0.00139658527463186,0.171641240936953
2015-10-06,0.00113860787831135,1.37003175027013
2015-10-07,0.00104766862077682,1.03858478926688
2015-10-08,0.00107086123985383,0.993863083430273
2015-10-09,0.00103288746094018,0.177295434701899
2015-10-13,0.000950254676265286,-2.5689444373549
2015-10-14,0.000860618639003239,-0.720333579499531
2015-10-15,0.000774622752121144,0.180099657816552
2015-10-16,0.000758743333382923,-0.22761102380856
2015-10-19,0.000675405339945953,0
2015-10-20,0.000594166710373431,0.512815932474842
2015-10-21,0.000543802193772004,-1.62864295325555
2015-10-22,0.000570171644633111,1.43417351973982
2015-10-23,0.000556860676558546,-0.158813402905497
2015-10-26,0.000562738799922032,-0.745179214224889
2015-10-27,0.000562176573597554,-1.36503270678183
2015-10-28,0.000554769138620129,0.554994403142386
2015-10-29,0.000622154723603129,-0.471360423967403
2015-10-30,0.000617429997828631,0.525392096164739
2015-11-03,0.000554020879896265,4.04425546920285
2015-11-04,0.000847157200910346,-1.66009191583573
2015-11-05,0.000940690376436167,0.12083188434105
2015-11-06,0.00078606652328693,-1.29876492148173
2015-11-09,0.000715444617774523,-0.870611954155091
2015-11-10,0.000667751902816162,-0.152255994342168
2015-11-11,0.00056786602279644,0.60223367560193
2015-11-12,0.000503878559436986,-0.815296882478604
2015-11-13,0.000468001330163783,-1.93021101665468
2015-11-16,0.000504525244666785,2.55831893107794
2015-11-17,0.000561821741167418,0.327472372576295
2015-11-18,0.000502058835391837,0.343746775222335
2015-11-19,0.000467563410287178,0.118126736423339
2015-11-23,0.000504271492787969,1.34276146365637
2015-11-24,0.000468624475878416,2.34085868691722
2015-11-25,0.000619819286172124,-2.94034800183849
2015-11-26,0.000646517924138486,0.099440537120657
2015-11-27,0.000548289351938474,-1.76134692659329
2015-11-30,0.000516667130351941,0.403354239351916
2015-12-01,0.000576763343033107,-0.988837399987733
2015-12-02,0.000546200227979559,0.171039019398059
2015-12-03,0.000494170999423932,2.67082265709615
2015-12-04,0.000521750516013543,-2.59927503572236
2015-12-07,0.000682064068456147,-1.71827056017087
2015-12-08,0.000724751372977394,-0.311276436662176
2015-12-09,0.000620851725424755,2.82516780273687
2015-12-10,0.000759158744944218,-0.961484178410467
2015-12-11,0.000643662239983223,-1.07260653856651
2015-12-14,0.000603051115047671,-0.225291983231608
2015-12-15,0.000506955986243731,1.27511591532246
2015-12-16,0.000445268063455198,-0.837647332011406
2015-12-17,0.000447342044420833,-0.587340360642127
2015-12-18,0.000478067285663522,-1.15792808846874
2015-12-21,0.000428423595982643,-2.68867474504308
2015-12-22,0.000598539741005629,0.913096769808075
2015-12-23,0.000516155276985918,0.898315324873702
2015-12-28,0.000447960619346215,-1.59471575492081
2015-12-29,0.000441212128510075,-0.0711091967487457
2015-12-30,0.000406580005118692,0.0740758230367821
2016-01-04,0.000408873117369103,1.2391603602085
2016-01-05,0.000595040738780673,-1.14973941006981
2016-01-06,0.000620753425919879,-1.71864853316115
2016-01-07,0.000504991440674749,-0.984237755303106
2016-01-08,0.000564253775849727,0.0671957451827531
2016-01-11,0.000575395506973064,-1.21431539795321
2016-01-12,0.000535157963603517,-4.16972544339604
2016-01-13,0.000981967448638365,-1.53679154960801
2016-01-14,0.0011206337896334,2.29060181037391
2016-01-15,0.00135587125422207,-2.60271442885501
2016-01-18,0.00111583078506881,-2.22298682299667
2016-01-19,0.00116403393078051,-0.867592490186693
2016-01-20,0.00122309874426383,-1.44729111320418
2016-01-21,0.00105682848214505,0.482262195849391
2016-01-22,0.00103926074966979,-0.626682128079051
2016-01-26,0.00112146081650839,-1.4569351710043
2016-01-27,0.000951898228287949,2.73649549846827
2016-01-28,0.00134227989231402,0.178591967587787
2016-01-29,0.00236911966251939,1.04488703832378
2016-02-01,0.00194231862180899,-0.569660259390929
2016-02-02,0.0015021153418402,-2.40455808300476
2016-02-03,0.00144297520764599,1.13823762843841
2016-02-04,0.0013379070080994,1.42362455656419
2016-02-05,0.00182083364566517,-0.960792387614001
2016-02-10,0.00149930453283495,-1.34266429159402
2016-02-11,0.00119536131718191,-0.541907567740108
2016-02-12,0.00101860090670306,1.58863433556783
2016-02-15,0.000952575623199264,0.505702006093818
2016-02-16,0.00080816574891733,-0.628164360135373
2016-02-17,0.000814207955420419,1.84492625427421
2016-02-18,0.000917981402455566,-0.640898825403275
2016-02-19,0.000992533573292749,-0.911973125552463
2016-02-22,0.0008788769655868,4.12392554976867
2016-02-23,0.00109337886514538,-0.728765122499573
2016-02-24,0.0012875542697442,-0.284667779519295
2016-02-25,0.00116862370087458,0.11988737173491
2016-02-26,0.00109458565388144,-0.123875639198618
2016-02-29,0.00102173034864082,1.68809503174694
2016-03-01,0.000945637124806264,1.05812916501216
2016-03-02,0.000908051750738332,2.05959786135136
2016-03-03,0.00118023860688832,4.39121058570899
2016-03-04,0.00219894225140046,2.01184314489645
2016-03-07,0.00251621976852603,0.40992743031469
2016-03-08,0.00213694796653228,0.291545064758942
2016-03-09,0.00210262870890555,0.376261318821929
2016-03-10,0.00172068808613293,1.08540027360133
2016-03-11,0.00168877374546008,0.424794575481765
2016-03-14,0.0015473598021893,-2.26631101559278
2016-03-15,0.00174676272928776,-2.70123848610249
2016-03-16,0.00152429200908397,2.29637219804136
2016-03-17,0.00193514267700479,2.58295891578944
2016-03-18,0.00165886117504584,0.0605486330558869
2016-03-21,0.00146051696571028,-0.194066876726039
2016-03-22,0.00125913767744796,0.174282889775665
2016-03-23,0.00119896775844781,-1.1997167848099
2016-03-24,0.00106986452970765,0.117663368346724
2016-03-28,0.00130525194463826,2.14727533986768
2016-03-29,0.00130172759328622,0.163713408396835
2016-03-30,0.00135665725893904,-0.160364869166943
2016-03-31,0.00143893946767539,-0.282621180630741
2016-04-01,0.00127990684188513,0.0334552601956284
2016-04-04,0.00120449908490748,-2.82214966562063
2016-04-05,0.00133232980948743,0.888995573454528
2016-04-06,0.00141436884836913,-0.862827800574483
2016-04-07,0.0012423330191164,0.445633470454387
2016-04-08,0.00106202290744474,2.15425205261516
2016-04-11,0.000957056875304366,0.504776422594345
2016-04-12,0.00085780904863257,2.50993238841481
2016-04-13,0.00103032424228847,1.61350979731743
2016-04-14,0.000968873488796947,-1.20467824903195
2016-04-15,0.00105189536932081,1.7342940013755
2016-04-18,0.00119055702566641,-1.37815676354777
2016-04-19,0.00135459068116858,1.0950315732917
2016-04-20,0.00112107846467805,-0.437838994150477
2016-04-22,0.000958891369409382,0.906897723638461
2016-04-25,0.00102454043331814,-1.37564548027533
2016-04-26,0.00101827211291861,1.12168199806883
2016-04-27,0.000923643484374763,1.91663423753074
2016-04-28,0.000911716234967489,-0.0646845151985584
2016-04-29,0.000860887715167059,0
2016-05-02,0.000835102522705532,-0.203555308687558
2016-05-03,0.000795216986197624,-1.38664155457346
2016-05-04,0.000749733251199713,0.519093667283312
2016-05-05,0.000687783310081072,-0.425181421493619
2016-05-06,0.000847892421446318,0.932427939123211
2016-05-09,0.000856470671324876,-2.09697097518147
2016-05-10,0.0015323150983875,1.89510030488426
2016-05-11,0.00126662835874107,0.109865239302827
2016-05-12,0.00110106793459589,-1.383755452287
2016-05-13,0.00109718141152402,-1.03518156494783
2016-05-16,0.00110722375182683,0.90743583671763
2016-05-17,0.000933386824681383,-0.85022301214024
2016-05-18,0.000856422398656288,-0.653660310862373
2016-05-19,0.000790786791354641,-1.40082136487378
2016-05-20,0.000890900326661203,-0.22510589396488
2016-05-23,0.00091490337470852,-1.52030122515781
2016-05-24,0.000784791512433967,0.125765031233174
2016-05-25,0.000763075983707086,0.58932556811261
2016-05-27,0.000719088491283426,-1.94224027688487
2016-05-30,0.000690066226324618,0.687571778463281
2016-05-31,0.000813114184248792,-1.45251983551348
2016-06-01,0.000869030568794431,0.585599152306555
2016-06-02,0.000817267189841237,0.928349716256739
2016-06-03,0.00077230374088801,0.720970563487186
2016-06-06,0.000667316896120782,-0.50008981685578
2016-06-07,0.000637654414479911,0.741962798286811
2016-06-08,0.000616770616493267,3.44516476374928
2016-06-09,0.000751788294327914,-0.824912949420084
2016-06-10,0.000676030779651602,-1.71345318349824
2016-06-13,0.000588878681492067,-0.757879316396224
2016-06-14,0.000570345131397914,-1.58402683342516
2016-06-15,0.0006754081598423,0.961437416305505
2016-06-16,0.000677194730914003,-0.0451823631178712
2016-06-17,0.000601673074640087,2.10311532936821
2016-06-20,0.000534088409873901,1.09793530471853
2016-06-21,0.000493584368371711,1.6842021607567
2016-06-22,0.000640352238327294,-0.795823771585158
2016-06-23,0.000614355734423881,1.40086243609902
2016-06-24,0.000523146863673711,-1.94141192831053
2016-06-27,0.000544259574379503,-2.23525712687752
2016-06-28,0.000646973068390287,1.83706916635298
2016-06-29,0.000546518190388824,1.37260189931793
2016-06-30,0.000489147663744528,-0.382367919304404
2016-07-01,0.000450698040743284,1.95886572311255
2016-07-04,0.000513382429660823,0.224147922521673
2016-07-05,0.00046116933714736,-2.82010307244416
2016-07-06,0.000500209798292055,0.999457879292741
2016-07-07,0.000606783054140379,0.255589531910599
2016-07-08,0.000595541789180588,1.18293351146604
2016-07-11,0.000514155994062062,2.2710697809264
2016-07-12,0.000496454639878619,1.23905258337926
2016-07-13,0.000431149126680054,-0.0905262943325794
2016-07-14,0.000447739318858898,1.31527906684311
2016-07-15,0.000419096034305962,0.400574813090523
2016-07-18,0.000379072071338812,2.41264408006706
2016-07-19,0.000625620488185438,0.788318434060158
2016-07-20,0.000567557817669997,0.142289660628386
2016-07-21,0.0004970276433117,0.113700651516863
2016-07-22,0.000427610561778503,0.365894535280969
2016-07-25,0.000379722154240149,0.385366132069404
2016-07-26,0.00036450311541269,-0.657198788262951
2016-07-27,0.000329960266972538,-1.74183456090802
2016-07-28,0.000390631449546601,-0.308647731461419
2016-07-29,0.000388938096014053,1.87096302749907
2016-08-01,0.000373652154122697,-2.77526365188286
2016-08-02,0.000523868538199282,0.425122789827265
2016-08-03,0.000515862505765826,2.04467885728976
2016-08-04,0.000526888795103407,0.400854428946268
2016-08-05,0.000435004230334188,-1.45916543797013
2016-08-08,0.00044939326852986,1.04119580009153
2016-08-09,0.000388442523244341,-0.127965723176719
2016-08-10,0.000358273538352527,-1.44258689637916
2016-08-11,0.000362344055564979,2.39841245329276
2016-08-12,0.000392321074659935,-0.418981286590347
2016-08-15,0.00039270211677515,1.28705958030539
2016-08-16,0.000351116367525766,0.774698845762698
2016-08-17,0.000351131250056511,1.14133777031645
2016-08-18,0.00035388249772699,0.497584507530939
2016-08-19,0.000311617273401878,-0.39722598843951
2016-08-22,0.000279013305092023,-2.09579737654966
2016-08-23,0.00027686250384651,1.53739080702156
2016-08-24,0.000299720339274082,-1.24422267061765
2016-08-25,0.00028930271097567,0.613166972371666
2016-08-26,0.000271530996576672,0.0967882967304586
2016-08-29,0.000295178024644236,1.46549843509503
2016-08-30,0.000327190986413376,0.937039115907167
2016-08-31,0.000285990249958693,-1.0942285567234
2016-09-01,0.000316662681198293,0.652179494114116
2016-09-02,0.000290805214069212,2.51639515078412
2016-09-05,0.000292709736229794,1.10929545022445
2016-09-06,0.000251644865888083,0.680033708037063
2016-09-08,0.000267490226755708,1.04075535818706
2016-09-09,0.000250444448444535,-3.23651556789883
2016-09-12,0.000280175205617582,1.91471642043445
2016-09-13,0.000355426109055005,-3.70032079992634
2016-09-14,0.000511142688326269,0.338678687519687
2016-09-15,0.000425111999366556,1.45768251205358
2016-09-16,0.00037159739110833,-1.36164416583329
2016-09-19,0.000311515397127452,-0.475574381458199
2016-09-20,0.000330356187973504,1.8652126550438
2016-09-21,0.000290008648991055,0.691862451515925
2016-09-22,0.000261525891951382,1.52027189272569
2016-09-23,0.00023531974556458,-1.45968012400869
2016-09-26,0.000252673118843067,-1.34696421630652
2016-09-27,0.000236213768886425,-1.37397250110876
2016-09-28,0.000281944191359408,3.2247527816257
2016-09-29,0.000376690601033107,-1.58663432594408
2016-09-30,0.000350371421140127,0.554030689736326
2016-10-03,0.000303824815659292,1.66665216687301
2016-10-04,0.000276440075485896,0.214880526750354
2016-10-05,0.000247574828821524,2.48916827414917
2016-10-06,0.000262490209282548,2.16300404060545
2016-10-07,0.000268139246508284,0.64368299985533
2016-10-10,0.000255543472307122,1.89761097078643
2016-10-11,0.000224018807392745,-1.45997145517421
2016-10-13,0.000217714807341765,1.61008984401938
2016-10-14,0.000316174781494656,1.7565089282486
2016-10-17,0.000266324225241363,2.36561489364325
2016-10-18,0.000343091374028571,1.63611715089162
2016-10-19,0.000300583505415,0.658442775966526
2016-10-20,0.000271177932726285,0.412167249302324
2016-10-21,0.000263496134280089,0.724970993444891
2016-10-24,0.000272909024347768,0.837258718226411
2016-10-25,0.000247583063495469,-0.702255863129395
2016-10-26,0.000255035453693557,0.346915436752128
2016-10-27,0.000271374788615639,-0.0335472302254469
2016-10-28,0.000241666020878948,0
2016-10-31,0.000215701641327165,-1.52244292203005
2016-11-01,0.00022987952413023,-3.16951971987284
2016-11-03,0.00048544816453167,-2.00895406526253
2016-11-04,0.000504770023665485,-0.388006023271528
2016-11-07,0.000456911566288177,3.43978472051301
2016-11-08,0.000385902531227458,-0.505339323384218
2016-11-09,0.000394053025576974,-1.16636816858165
2016-11-10,0.000613195982342133,-2.89023086784753
2016-11-11,0.000981227230954306,-3.22650042757019
2016-11-14,0.0012317111157509,-0.0203452237064146
2016-11-16,0.00105556860613147,1.58535935734153
2016-11-17,0.000900853203166877,-1.03300696305148
2016-11-18,0.00090529274605211,0.53067579616222
2016-11-21,0.00072396619452546,2.6187247333145
2016-11-22,0.000659850790636231,0.8648576438668
2016-11-23,0.000654553895493629,-0.19678604708558
2016-11-24,0.000553415399395861,-0.730355732905619
2016-11-25,0.000465774069638414,-0.840301201022148
2016-11-28,0.000434772299880343,0.498926568697191
2016-11-29,0.000393158444914364,-2.67968266906349
2016-11-30,0.000476867285546569,4.00535144721236
2016-12-01,0.000456916992580381,-1.66672045098475
2016-12-02,0.000585038490767454,1.03132850484438
2016-12-05,0.000747801440218565,-0.394836530746154
2016-12-06,0.000624999920860504,1.23241444218887
2016-12-07,0.000529738515927097,-0.7872694994327
2016-12-08,0.000487518078018194,-0.459220580213927
2016-12-09,0.000444876705028307,-0.363769928938184
2016-12-12,0.000398881308545098,0.0642335758910891
2016-12-13,0.000383145426256766,-0.493606881883672
2016-12-14,0.000346256527828985,-2.52817034381651
2016-12-15,0.000418104028773575,0.363611441724342
2016-12-16,0.000424935427248351,-0.29489945176042
2016-12-19,0.000381680544117852,-1.40629334820485
2016-12-20,0.000388676483237475,-0.035334803708733
2016-12-21,0.000382085653226408,-0.0356631002341007
2016-12-22,0.000365882787788597,-1.21713709478665
2016-12-23,0.000356590403899557,0.862311443045524
2016-12-26,0.000327968510371194,0.693610967249479
2016-12-27,0.000286995820330274,-0.0409494034502257
2016-12-28,0.000271262617564565,1.53930936503025
2016-12-29,0.000286792361183102,0.358480347202699
2017-01-02,0.000277491518843364,-0.853823900880019
2017-01-03,0.000242081016193533,3.58104608567048
2017-01-04,0.000320571712708408,0
2017-01-05,0.00029358350116049,0.933820545874874
2017-01-06,0.000263467247539353,-0.353055059955795
2017-01-09,0.00026171349973755,-1.31651470059418
2017-01-10,0.000238694749129953,0.630248114610628
2017-01-11,0.000224659772495037,0.771304867795107
2017-01-12,0.000231969055175038,0.998613856690274
2017-01-13,0.000223931012758223,-0.931087410092385
2017-01-16,0.000222898221241679,0.298353454464237
2017-01-17,0.000197697093069337,0.315394432776095
2017-01-18,0.00018669147892607,-0.138919955965091
2017-01-19,0.00017540301518487,-0.0956983659432586
2017-01-20,0.000175290167231576,1.09362750976743
2017-01-23,0.000183995249391621,-0.0460906103578022
2017-01-24,0.000177913692919495,0.234066212701909
2017-01-26,0.000195671900635383,-1.07773545881076
2017-01-27,0.000195627071511633,-0.819193682593507
2017-01-30,0.000187134931554828,-3.74465854311137
2017-01-31,0.000262678627184796,0.743884636196402
2017-02-01,0.000256016802972342,0
2017-02-02,0.000257988930584487,-0.541201676462556
2017-02-03,0.000243647521808064,1.90746002238974
2017-02-06,0.000267398641151581,-1.53396035907222
2017-02-07,0.000269537235811215,-1.0679082362539
2017-02-08,0.000260036394758375,1.66487924543528
2017-02-09,0.000367167669578243,-0.173093542542907
2017-02-10,0.00029377876139708,2.0192589635904
2017-02-13,0.000280627961150131,0.153062979589355
2017-02-14,0.000247603263467403,0.808546738254328
2017-02-15,0.000230588301376189,0.0832013755292523
2017-02-16,0.000202854109195003,0.088594933145064
2017-02-17,0.000190179972255394,-1.15212608158979
2017-02-20,0.000179132657809208,1.46924536339512
2017-02-21,0.00017482578664194,0.803331099028985
2017-02-22,0.00015626867884051,-1.9628625711069
2017-02-23,0.000177241780833434,-0.672804531912362
2017-02-24,0.000226882841233235,-1.64146273100321
2017-03-01,0.000210649523428705,1.52618806714009
2017-03-02,0.00018162327156284,-1.98658452576313
2017-03-03,0.000197214487680259,0.982844529717222
2017-03-06,0.000180560629810296,-1.07643920779643
2017-03-07,0.000189719589194158,0.383626883087372
2017-03-08,0.000169882827685416,-3.25211514521227
2017-03-09,0.000232422999471305,-0.225795219319169
2017-03-10,0.000225391049537933,-0.878573908413473
2017-03-13,0.000275357988925389,0.252147050388988
2017-03-14,0.000225087954577219,-3.71983780746487
2017-03-15,0.00024689037586619,2.79440254563311
2017-03-16,0.000303458820008063,-2.01586285924073
2017-03-17,0.000335540085082061,-2.2351850174273
2017-03-20,0.000443650697320488,1.56140340109558
2017-03-21,0.000488965425673239,-2.04048874994349
2017-03-22,0.000545126129766888,2.12106526300671
2017-03-23,0.000529485884924108,-0.287275937034311
2017-03-24,0.000431453721154438,-0.320361065039405
2017-03-27,0.00037693382513114,1.09634017038889
2017-03-28,0.000458082068823939,0.606797430496109
2017-03-29,0.000375569107967524,1.81711161996287
2017-03-30,0.00037117777220733,0
2017-03-31,0.000310651511187992,0.156839339353665
2017-04-03,0.000287838724349619,0.727689128571581
2017-04-04,0.000247278925368588,0.775528884714391
2017-04-05,0.000232563674255523,-1.24820963974083
2017-04-06,0.000298041730679308,-0.15924240644381
2017-04-07,0.000287741684689719,0.685730723191874
2017-04-10,0.00025402826692676,1.01608843068291
2017-04-11,0.0002239719074447,-1.17309361068087
2017-04-12,0.000235112604698417,-0.133413992993692
2017-04-13,0.000211344303556922,-2.72980072229678
2017-04-17,0.000271080977039179,0.856665828765479
2017-04-18,0.000254991972660108,-0.794388007049448
2017-04-19,0.000252256655663709,-2.27324418335641
2017-04-20,0.000344469149173264,1.09802230691216
2017-04-24,0.000285226571739727,0.636459258951065
2017-04-25,0.000242339122084447,1.40390549631507
2017-04-26,0.000273668872191351,-1.45049822980286
2017-04-27,0.000279109166651375,-1.16565643403094
2017-04-28,0.00028141497008408,1.03299623345238
2017-05-02,0.000268242779675252,0.0873491880802719
2017-05-03,0.000276598546552171,0.726241146715698
2017-05-04,0.000243817959203861,-2.58419116324362
2017-05-05,0.000246183929185009,2.79639590244453
2017-05-08,0.000279084865809542,-0.550142650221945
2017-05-09,0.000256181644342833,0.265675120770157
2017-05-10,0.000216885070192561,2.7757533116307
2017-05-11,0.000227017868215106,0.404283802909052
2017-05-12,0.00020491700074571,2.90825074398951
2017-05-15,0.000183017744422606,1.09229517339991
2017-05-16,0.000166664544681388,0.0987382658540343
2017-05-17,0.000159181102480366,-0.455664169267829
2017-05-18,0.000148523675598854,-14.0715162019408
2017-05-19,0.000825063018210414,1.2225891885504
2017-05-22,0.000626222134192623,-0.650747820127456
2017-05-23,0.000524532301446266,0.292278726060299
2017-05-24,0.000400303417601976,1.64006484317418
2017-05-25,0.000349527958731862,-0.772966199641206
2017-05-26,0.000356935250612906,-0.23164331346458
2017-05-29,0.000321798932310502,-0.450055665155328
2017-05-30,0.00027063985495546,-0.948038259394459
2017-05-31,0.000245582916278869,-1.93971741688956
