"Date","Sigma2_FIGARCH_ajustado","Residuals"
"2011-05-12",0.000810578956731632,-0.184338753949509
"2011-05-13",0.000754164801363246,-0.238623168137109
"2011-05-16",0.000665852261779046,0.694702424232706
"2011-05-17",0.000602023109190759,0.784924606494966
"2011-05-18",0.000567939814629829,-0.50960682403293
"2011-05-19",0.000534593330073318,-0.823702217757222
"2011-05-20",0.000512904782034854,0.658949215090945
"2011-05-23",0.000494295306208232,-0.727024757544837
"2011-05-24",0.000477290136183022,0.492704839000812
"2011-05-25",0.000454334918799085,0.108882477308513
"2011-05-26",0.000421629328077934,0.618535870708205
"2011-05-27",0.000397583317799453,0.19753326286685
"2011-05-30",0.000374598055387051,-0.436927018235785
"2011-05-31",0.000354356920223479,0.0340940553600442
"2011-06-01",0.000334311004898647,-0.192318416723686
"2011-06-02",0.000315606780145645,-0.104636616937843
"2011-06-03",0.000299258939799108,-0.398681361113005
"2011-06-06",0.000288032117864328,-1.44159306292591
"2011-06-07",0.00031543211422414,-0.47473343510845
"2011-06-08",0.00033054379893764,0.488682271785653
"2011-06-09",0.000324047306336898,1.19709996739412
"2011-06-10",0.000336157049535213,0.0583666815663593
"2011-06-13",0.000333358612293791,-0.89559567692695
"2011-06-14",0.000330137679470053,0.645758301745551
"2011-06-15",0.000326147328099684,-0.695850608530099
"2011-06-16",0.000320372252490456,-0.0113232206459206
"2011-06-17",0.000305187611186281,-0.110050991763861
"2011-06-20",0.000285470055749482,-0.344209280095795
"2011-06-21",0.000269571912799647,0.381816971251463
"2011-06-22",0.000258473249652789,0.0676003651441502
"2011-06-24",0.000247901599237019,-1.05955232563137
"2011-06-27",0.000255188146661847,0.586370302252306
"2011-06-28",0.000261608281654097,0.997301083993068
"2011-06-29",0.000271653539022824,-0.167634392718223
"2011-06-30",0.000269284718627511,0.893620542999655
"2011-07-01",0.000269603281746515,0.0907792670402584
"2011-07-04",0.000262787640002855,0.143710598080251
"2011-07-05",0.000249279652570622,-0.627580891538289
"2011-07-06",0.000241811650347804,-0.122048704869909
"2011-07-07",0.000233971562944163,0.34765865179321
"2011-07-08",0.000225930347178536,-0.522023431019648
"2011-07-11",0.000221599094586675,-0.821067649512517
"2011-07-12",0.000225324698211341,-0.0712908301290489
"2011-07-13",0.000223448914768378,0.791876855693386
"2011-07-14",0.000224490140357754,-1.25235582689104
"2011-07-15",0.000243257718812424,0.126180699953307
"2011-07-18",0.000247745468359322,-0.624407169289442
"2011-07-19",0.000242976997700075,-0.29626876446995
"2011-07-20",0.000234033811136643,-0.76908224823514
"2011-07-21",0.000231039066697402,1.81270866076209
"2011-07-22",0.000272831257601553,-0.0652998003204176
"2011-07-25",0.000289802495500943,1.35329928706162
"2011-07-26",0.000308355538582836,0.399317671267295
"2011-07-27",0.000308392927796851,-0.155819343913898
"2011-07-28",0.000287723521251767,-0.211990411681515
"2011-07-29",0.00026380777467147,0.0139515277935432
"2011-08-01",0.000243100393810877,0.0145335842540984
"2011-08-02",0.000226596516449371,-0.924424760076523
"2011-08-03",0.000226172181610109,-1.98312539351944
"2011-08-04",0.000279710122024595,-4.55595435604826
"2011-08-05",0.000670551640566929,-0.880351073890891
"2011-08-08",0.000895349577449137,-2.62743915582359
"2011-08-09",0.00124110963155944,0.757412364704956
"2011-08-10",0.0013758776144068,0.810512759276742
"2011-08-11",0.00129244005820232,0.674922441739501
"2011-08-12",0.00114834843642745,0.137808528135079
"2011-08-15",0.000977776266003983,1.07619063409659
"2011-08-16",0.000887538793580579,-0.362232188179163
"2011-08-17",0.000805068319838254,0.194238352270805
"2011-08-18",0.000705023196908373,-1.03438346610747
"2011-08-19",0.000659082024907177,-1.15982236406116
"2011-08-22",0.000665683631827926,-0.0897139000705641
"2011-08-23",0.000633019514637018,1.02741780996171
"2011-08-24",0.00060967782595129,0.14955704397045
"2011-08-25",0.000569592675567075,-0.763943772334944
"2011-08-26",0.000533273045094267,0.0969429963572665
"2011-08-29",0.000491391320416486,1.3282524088901
"2011-08-30",0.000500098273889751,0.140884450499875
"2011-08-31",0.000490868756200089,0.556007149218412
"2011-09-01",0.000461768906796124,0.544423107590787
"2011-09-02",0.00043358169470493,-1.54329991073622
"2011-09-05",0.00046700139926802,-0.768408713463424
"2011-09-06",0.000489096914330411,0.992779617215099
"2011-09-08",0.000494697278170066,0.425580245317648
"2011-09-09",0.000474394904784452,-1.13718459259412
"2011-09-12",0.000472747969627029,0.442064464505332
"2011-09-13",0.000458508277126605,-0.0353603792860398
"2011-09-14",0.000422486703889062,0.487533612050088
"2011-09-15",0.000389426644557389,0.0855139610243432
"2011-09-16",0.000359705103820827,0.267900981953645
"2011-09-19",0.000334285842978802,0.408252040034987
"2011-09-20",0.000316173654216111,-0.53063176095334
"2011-09-21",0.000305466769884577,0.0129653300732418
"2011-09-22",0.000293142106450974,-3.19191356078713
"2011-09-23",0.000468367568818549,-0.802294122113177
"2011-09-26",0.000581355044372417,1.33021236960266
"2011-09-27",0.000625714409684572,-0.458515492169889
"2011-09-28",0.000604836290907942,-0.408900598495879
"2011-09-29",0.000545445292803216,0.120200264092598
"2011-09-30",0.00047977493043729,-0.70116383737799
"2011-10-03",0.000437147007018972,-1.74897792600225
"2011-10-04",0.000485025828465867,0.35427915326157
"2011-10-05",0.000500697757995122,-0.816592172429677
"2011-10-06",0.000484356299776723,1.57981057257695
"2011-10-07",0.000523849493085606,-1.28388504994472
"2011-10-10",0.000576957770732615,1.37454208995132
"2011-10-11",0.000629150453764094,0.532654034716324
"2011-10-13",0.000620202897406423,0.488249341694694
"2011-10-14",0.000568306859399543,0.546890981004674
"2011-10-17",0.0005144932422145,-0.759909490225089
"2011-10-18",0.000479671643150387,0.363838586983935
"2011-10-19",0.000445266604563744,-0.528350655379159
"2011-10-20",0.000413602926318222,-1.04856081352292
"2011-10-21",0.00041013393560283,1.17796906446612
"2011-10-24",0.000431529516498589,1.2683811070804
"2011-10-25",0.000466724559324843,0.360186994276278
"2011-10-26",0.000462265575805521,0.35928527443314
"2011-10-27",0.000428674571225641,2.0364461630323
"2011-10-28",0.00050143846839912,1.35455717045377
"2011-10-31",0.000587444779760131,-0.490763291440071
"2011-11-01",0.000588242959616017,-0.359745413624135
"2011-11-03",0.000536839612292986,1.59398156558044
"2011-11-04",0.000560917863609872,0.354874777249509
"2011-11-07",0.000558956338060404,1.10532902097536
"2011-11-08",0.000551937403578248,-0.500124037511327
"2011-11-09",0.000526653605734909,-1.87764478568724
"2011-11-10",0.000595242248240829,0.104674655741008
"2011-11-11",0.000610388011856115,0.847213199632593
"2011-11-14",0.000582440519428194,0.312948712117568
"2011-11-16",0.000534131953740063,0.383238401814877
"2011-11-17",0.000481045587387907,-1.22285872987025
"2011-11-18",0.00047698303763123,0.497145345652722
"2011-11-21",0.000467843983837859,0.11663661808128
"2011-11-22",0.000433886532595743,-0.254114485102215
"2011-11-23",0.000395739996603742,-0.244310095490338
"2011-11-24",0.000363431715709052,0.254510456514189
"2011-11-25",0.000337813387913035,-1.67052220721143
"2011-11-28",0.000375960077180725,1.20069084396468
"2011-11-29",0.000425715530060751,-0.192325576190087
"2011-11-30",0.000424459701893751,1.44066097696261
"2011-12-01",0.000447383640364068,1.00786513530717
"2011-12-02",0.000471449096901498,0.030882783080059
"2011-12-05",0.000451360779098685,0.92104646229244
"2011-12-06",0.000432783102494914,0.737808168971502
"2011-12-07",0.000420095789611961,-0.0517497218109445
"2011-12-08",0.000392748460157022,-1.68502754749232
"2011-12-09",0.000429343379691802,1.07073154231886
"2011-12-12",0.000470118871547411,-1.20759668181334
"2011-12-13",0.00049931053665747,0.0101409863569601
"2011-12-14",0.000481176560023459,-1.22630182100108
"2011-12-15",0.000479795530808457,-0.64290918484993
"2011-12-16",0.000471277166061862,-0.441489859321056
"2011-12-19",0.000441279968165904,-0.393209059274004
"2011-12-20",0.000405257656234537,2.26435471558105
"2011-12-21",0.000500889040337916,-0.355288110270452
"2011-12-22",0.000547324856015145,0.455851624046696
"2011-12-23",0.000516790041554473,0.148765592366678
"2011-12-26",0.000463028157873177,-0.0941606671174761
"2011-12-27",0.000411136838650888,0.0778668637866238
"2011-12-28",0.00036894277534563,-1.82601467145586
"2011-12-29",0.000414356178620058,0.148484114401337
"2012-01-02",0.000433992324978227,0.543991173410944
"2012-01-03",0.00041464804898962,1.97842950922629
"2012-01-04",0.000484255476190899,0.333589514480821
"2012-01-05",0.000511690012481887,-0.502196954861799
"2012-01-06",0.000482100934702834,0.0511304248185123
"2012-01-09",0.0004343655581149,0.651202495102188
"2012-01-10",0.000399619856747607,0.604640073919311
"2012-01-11",0.000377672961712348,0.0341255196533597
"2012-01-12",0.000352600834555828,0.405777113937105
"2012-01-13",0.000329699986093583,-0.0591524607192607
"2012-01-16",0.000308832134148,1.47516264970622
"2012-01-17",0.00033254350982936,0.359132994611852
"2012-01-18",0.000343472256335552,1.28926153919431
"2012-01-19",0.000363664354130258,-0.333534269278638
"2012-01-20",0.000363505271730288,0.0335453875397114
"2012-01-23",0.000340228823313531,2.01190715519519
"2012-01-24",0.000400063521807888,0.545627948658973
"2012-01-26",0.000433379867485288,-0.905566263904637
"2012-01-27",0.000432183106202797,-0.474104274056141
"2012-01-30",0.000410674817656049,-0.189248439270843
"2012-01-31",0.000376091256696374,0.011684737095294
"2012-02-01",0.000340735459984903,0.843719639375823
"2012-02-02",0.00032646681831981,-0.927053178899431
"2012-02-03",0.000329831750541807,0.191760211588171
"2012-02-06",0.000321203576252664,0.576595038681009
"2012-02-07",0.000308202772373616,1.68371868934639
"2012-02-08",0.000347114591882429,-0.345454623670711
"2012-02-09",0.000363252095589503,0.156117770466694
"2012-02-10",0.00034377458926843,-4.39300620968126
"2012-02-13",0.000735790513954552,1.33338296510669
"2012-02-14",0.0010305048910842,-1.49938951667361
"2012-02-15",0.00115817361072016,-0.132933899415435
"2012-02-16",0.00109633768243342,1.0097938354673
"2012-02-17",0.00100482573649307,0.230932020480083
"2012-02-22",0.00088930787365711,-0.216236036643932
"2012-02-23",0.000760881677703178,0.0537110714676144
"2012-02-24",0.000648723208636014,0.917475065991451
"2012-02-27",0.000595058240903999,-0.20898760703099
"2012-02-28",0.000549338271568184,-0.025389992687074
"2012-02-29",0.000495961788068199,-0.0267516917550251
"2012-03-01",0.000447046995202202,1.10686963544734
"2012-03-02",0.000441774850276419,0.807230709019707
"2012-03-05",0.00044784218715498,-1.33435214111583
"2012-03-06",0.000479572621049742,-1.57680678003639
"2012-03-07",0.000551155209517242,0.420170814532415
"2012-03-08",0.00056311447698596,0.202413116907091
"2012-03-09",0.000519201806276605,-0.687848391623953
"2012-03-12",0.000478857696882521,-0.532520305623509
"2012-03-13",0.000447313196669518,1.98684031616038
"2012-03-14",0.000523909412082605,0.719440281997335
"2012-03-15",0.000569278457677564,-1.03301408707367
"2012-03-16",0.000575835281450975,0.232521347937223
"2012-03-19",0.000541864729698133,0.291088341731134
"2012-03-20",0.000488517908200495,-0.207945918457192
"2012-03-21",0.000438009336673187,-0.30521403446189
"2012-03-22",0.000398073520773564,-0.637261870377653
"2012-03-23",0.000375797952791309,-0.205510704223873
"2012-03-26",0.000355807677993529,1.14072415310797
"2012-03-27",0.000363111668462691,-0.884447896372552
"2012-03-28",0.000377378065234668,-0.882847830176265
"2012-03-29",0.000385973278786175,-0.141025530386001
"2012-03-30",0.000372586832957902,0.0783434747834532
"2012-04-02",0.000346488995644941,-0.264627566186694
"2012-04-03",0.000322304586897332,-1.64224001757882
"2012-04-04",0.000356976476395885,-1.87548303642664
"2012-04-05",0.000450633936347946,0.527395910241489
"2012-04-09",0.000483694434963537,-0.845067069237625
"2012-04-10",0.000474318734735828,-0.848266137029943
"2012-04-11",0.000460696727973564,0.361024300736988
"2012-04-12",0.000432143000520648,1.47545150165767
"2012-04-13",0.00045237596603649,-0.721302458196469
"2012-04-16",0.000463640615579829,-0.333650567497649
"2012-04-17",0.000438686938204425,0.165941447671384
"2012-04-18",0.000399174238237059,0.427094330992933
"2012-04-19",0.000365828604340294,-0.73835074576179
"2012-04-20",0.000349946553028812,0.0370289212020249
"2012-04-23",0.00033242044020108,-0.449555154665387
"2012-04-24",0.000315292830231795,-0.0931977792117058
"2012-04-25",0.00029832376092539,-0.287502721058521
"2012-04-26",0.000283460054634444,0.321862683966246
"2012-04-27",0.000272034265701491,-0.877684599159415
"2012-04-30",0.000274540548721896,1.04292768746
"2012-05-02",0.000290744613689425,1.93719560350021
"2012-05-03",0.000360229296584527,-1.4449605394212
"2012-05-04",0.000433482096455469,-2.09966522411255
"2012-05-07",0.000558591998908002,0.215681405706562
"2012-05-08",0.000590218301696829,-0.635727698424568
"2012-05-09",0.0005504336366563,-0.201244100553164
"2012-05-10",0.000490195640307727,-0.530686353073151
"2012-05-11",0.000438987851883914,-0.932888022959646
"2012-05-14",0.000418743274063162,-1.08828282216351
"2012-05-15",0.000425206665925297,-1.05260453062639
"2012-05-16",0.000439350287317597,2.03158369361441
"2012-05-17",0.000536941672294829,-1.95841742379177
"2012-05-18",0.000695194750176048,1.30328981325476
"2012-05-21",0.000794859886327124,2.39933534409468
"2012-05-22",0.00105026464784186,-1.05475196150141
"2012-05-23",0.00118896864948594,-0.708438204840539
"2012-05-24",0.00114005775965108,-0.82101718145285
"2012-05-25",0.00104145833742288,-0.0925615253459374
"2012-05-28",0.000909848289035231,0.273229392187328
"2012-05-29",0.000777352191815348,0.122474049233936
"2012-05-30",0.00066670522354992,-1.0323811093591
"2012-05-31",0.00062468421700383,1.67461558134554
"2012-06-01",0.000694474997376038,-0.651704931617354
"2012-06-04",0.000720068996338285,0.617926091760799
"2012-06-05",0.000683634440239158,-0.616845264960753
"2012-06-06",0.000632933413653752,0.617468286915184
"2012-06-08",0.000586788074413578,-0.447283861357219
"2012-06-11",0.000541491896348068,-1.12030697463421
"2012-06-12",0.000535695832653919,0.500371271827066
"2012-06-13",0.000522800146892786,0.709690342143119
"2012-06-14",0.000501760502700382,-1.7483668349424
"2012-06-15",0.000564900714698261,0.880378091473737
"2012-06-18",0.000607832726547141,0.767361624630305
"2012-06-19",0.000600371912753376,1.59747121874351
"2012-06-20",0.000650676924617607,0.504500935594645
"2012-06-21",0.00065709761799883,-1.24614776436332
"2012-06-22",0.000665353931511105,0.56804482586302
"2012-06-25",0.000645463637961295,-3.68221337517196
"2012-06-26",0.0011407048058374,0.33753168066024
"2012-06-27",0.00139502177617749,-0.534835596774998
"2012-06-28",0.00130785196179237,0.100159504032546
"2012-06-29",0.00111771804033441,0.922073930444752
"2012-07-02",0.000992840957408447,0.197906412053983
"2012-07-03",0.000881462470986431,1.1440010265124
"2012-07-04",0.000838762816559902,-0.0649827077001852
"2012-07-05",0.000780634161204942,1.21519122813246
"2012-07-06",0.000767790323728822,-0.735958080001232
"2012-07-10",0.000754339553821304,-1.56112356282634
"2012-07-11",0.000812096229934134,0.293014560550949
"2012-07-12",0.000807016842074298,0.0838416186542821
"2012-07-13",0.000730163463789697,1.8916820285134
"2012-07-16",0.000808270225348685,-0.353718989312009
"2012-07-17",0.000834154760654141,-0.171553245643308
"2012-07-18",0.000763522864640628,0.158289247926821
"2012-07-19",0.000672572710866876,0.582932053725073
"2012-07-20",0.000607245774908423,-0.91122701534308
"2012-07-23",0.000584023208534431,-0.468000576281889
"2012-07-24",0.000559744733448165,-0.3711107088312
"2012-07-25",0.000523732018683731,0.49555051274402
"2012-07-26",0.000490881438710525,0.623674274688823
"2012-07-27",0.000469275601695604,2.14157970824771
"2012-07-30",0.00057964772079062,0.296713070999191
"2012-07-31",0.000630323103603354,-1.6120419844117
"2012-08-01",0.000694472480611172,0.626257461011564
"2012-08-02",0.000708404832462448,-0.410858537824751
"2012-08-03",0.000659221457708856,0.678659863608159
"2012-08-06",0.000607359060287661,-0.0315244581080135
"2012-08-07",0.000551594547908511,0.709235664946101
"2012-08-08",0.000513533444092073,1.99146548313602
"2012-08-09",0.000605846465828215,-0.337544358615574
"2012-08-10",0.000644466585594195,0.140011996076343
"2012-08-13",0.00060001643071179,-0.0683249329438002
"2012-08-14",0.000535650914726249,-0.382350451245566
"2012-08-15",0.000483449415537989,0.466308313789763
"2012-08-16",0.000447783446218201,0.922304122447981
"2012-08-17",0.000440504771920168,0.21019816575438
"2012-08-20",0.000426437469266106,0.078339847025285
"2012-08-21",0.000400327550168553,-0.782387751603587
"2012-08-22",0.000389026580023875,0.604758889444021
"2012-08-23",0.000383864190106763,-0.489649944989292
"2012-08-24",0.000374409406905499,-0.109861652350244
"2012-08-27",0.000357326988010999,0.359697535983431
"2012-08-28",0.000340530472155094,-0.0638481895930657
"2012-08-29",0.000324471309849921,-0.326644416013929
"2012-08-30",0.000311603231012478,-0.443046152062254
"2012-08-31",0.000303725838872496,-0.783380093630748
"2012-09-03",0.000306612405473201,-0.18004173695397
"2012-09-04",0.000303708706032575,-0.684906939471533
"2012-09-05",0.000302298685113982,0.461714831593372
"2012-09-06",0.000299742296033231,1.15193451231913
"2012-09-10",0.000315870341493738,0.625645791334821
"2012-09-11",0.000326161564958693,1.27601850536662
"2012-09-12",0.00035064018284027,0.671863886233974
"2012-09-13",0.000362431595022861,2.14184725258182
"2012-09-14",0.000453369627241673,0.82390846264646
"2012-09-17",0.000508077874382419,-0.0852518144037769
"2012-09-18",0.000485398935834701,-0.0874305747852464
"2012-09-19",0.000435259691989805,-1.09683864547771
"2012-09-20",0.000421181205203968,0.566701040286117
"2012-09-21",0.000411127995213565,-0.486014390984813
"2012-09-24",0.000390370682462873,0.587881728255822
"2012-09-25",0.000370725789238084,-0.488281011694407
"2012-09-26",0.000353052751397873,0.0822256274217559
"2012-09-27",0.000331990381191037,-0.132373280053171
"2012-09-28",0.000310911194586704,-0.842638933201028
"2012-10-01",0.000306761184425019,0.369148177952692
"2012-10-02",0.000302513557766148,0.496286652986661
"2012-10-03",0.000295319855522956,-0.917058159694341
"2012-10-04",0.000299757630872842,0.168005688392175
"2012-10-05",0.000296233360888378,-0.377211357310178
"2012-10-08",0.000285883078220131,0.437180526287278
"2012-10-09",0.000276636346546032,-0.498298884991043
"2012-10-10",0.000270466010200061,-0.260491516000595
"2012-10-11",0.000263087534840627,1.06410381601292
"2012-10-15",0.000272507984325586,0.816087956589941
"2012-10-16",0.000285321661833543,0.0134152321159042
"2012-10-17",0.000281728179355781,-0.458717441612039
"2012-10-18",0.000272130341512109,-0.308707759843699
"2012-10-19",0.000262051540293524,-0.67622272895389
"2012-10-22",0.000258632634844049,-0.547367943005547
"2012-10-23",0.000257437242691544,-1.06932644072806
"2012-10-24",0.000269342549349046,-0.35283092982257
"2012-10-25",0.000272235400903743,0.601754848213433
"2012-10-26",0.000268505599015644,0.988057802384785
"2012-10-29",0.000275449831583574,-2.06663399619859
"2012-10-30",0.000347038278741536,0.462837059064826
"2012-10-31",0.000380875285642085,-1.75587596801002
"2012-11-01",0.000436053054214516,0.125829861120627
"2012-11-05",0.000444940668646057,0.889314112294825
"2012-11-06",0.000429277179240637,1.00055880470039
"2012-11-07",0.000424170446225991,-1.12191241450518
"2012-11-08",0.000433623842790035,-1.29921313855103
"2012-11-09",0.000461371709458009,0.39298718287145
"2012-11-12",0.000453505358231438,-0.764034238617339
"2012-11-13",0.00043041124833869,0.0816161339110109
"2012-11-14",0.000396229269748536,-1.66043781214571
"2012-11-16",0.000427348190177425,-1.90779252851642
"2012-11-19",0.000532214887171184,0.23700721825147
"2012-11-21",0.0005565804062629,-1.13576458929423
"2012-11-22",0.000552810791257705,0.0781083176834225
"2012-11-23",0.000516575935360171,1.21993309991874
"2012-11-26",0.000507946196120166,-0.807529199467708
"2012-11-27",0.000503088558352348,-0.730391025698314
"2012-11-28",0.000484471395004181,0.352629340036515
"2012-11-29",0.000449580382086532,1.25844369033172
"2012-11-30",0.000451867395325465,-1.20871752285569
"2012-12-03",0.000479813800342913,0.834680518793345
"2012-12-04",0.000488020391597674,-0.420631245173365
"2012-12-05",0.000463323245353901,0.305810613114448
"2012-12-06",0.000423804406369086,-0.608454797070644
"2012-12-07",0.000393391431298406,1.02569551870269
"2012-12-10",0.000390578758180731,1.29452175950086
"2012-12-11",0.000418383356819457,1.0492093413096
"2012-12-12",0.000444029748942614,-0.322775915221746
"2012-12-13",0.000432120670135215,-0.672500996932316
"2012-12-14",0.000408831635412997,1.60272093907792
"2012-12-17",0.00044512955673332,-0.674310984005774
"2012-12-18",0.000463349915631522,0.589935883344327
"2012-12-19",0.000446068695901881,1.76198821641238
"2012-12-20",0.00049729658470036,0.266528576863482
"2012-12-21",0.000509750252373637,-0.753996357688294
"2012-12-26",0.000486702440959873,-1.39139848942179
"2012-12-27",0.000505407556783942,-1.45511266059768
"2012-12-28",0.000561267723471807,0.248101158490502
"2013-01-02",0.000556176210674523,0.377295851602291
"2013-01-03",0.000507352064539627,1.58274978529122
"2013-01-04",0.000531828272914189,0.179542520116918
"2013-01-07",0.000529189100432625,-0.847583408591766
"2013-01-08",0.000506424527294182,-1.29236508645053
"2013-01-09",0.000520738969064926,0.412583278655065
"2013-01-10",0.000509776694094227,0.346335923331429
"2013-01-11",0.000469827212097623,0.126634306218514
"2013-01-14",0.000423907174504557,-0.0623435203742554
"2013-01-15",0.000383006307384559,-0.0657046165400099
"2013-01-16",0.000350203566519505,0.0660037374063564
"2013-01-17",0.000324746962962092,-0.352226311786512
"2013-01-18",0.00030738943300996,-0.36451572760412
"2013-01-21",0.000295571244151982,-0.554005473568379
"2013-01-22",0.00028964916911473,0.586269606785662
"2013-01-23",0.000287543916367614,-0.077061890633124
"2013-01-24",0.000280184285220359,0.196607592962818
"2013-01-28",0.000269675705079537,-0.736067640863796
"2013-01-29",0.000268359812566348,-0.811095502951421
"2013-01-30",0.000275273784552402,-2.92703624155695
"2013-01-31",0.000421986154363419,-0.310999044096486
"2013-02-01",0.00049822349678793,0.942007608876898
"2013-02-04",0.000499948225285021,-1.11844377457804
"2013-02-05",0.000502099441549217,0.208018935955437
"2013-02-06",0.000474505670077842,-1.22483886283638
"2013-02-07",0.000470569997496946,-0.252224802307559
"2013-02-08",0.000451055355096503,0.652022661762447
"2013-02-13",0.000422052023840631,0.175384542985919
"2013-02-14",0.000388227110396428,-0.360523528740837
"2013-02-15",0.000356732444883676,-0.107992156534359
"2013-02-18",0.000329177531000614,0.850196031605734
"2013-02-19",0.000320705660276248,0.633106198897918
"2013-02-20",0.000318285901650922,-1.49382650527628
"2013-02-21",0.000351121700995523,-0.904359902196121
"2013-02-22",0.000377387899980664,-0.496082123804304
"2013-02-25",0.000372464174504141,-0.596069203765492
"2013-02-26",0.000355821517131291,-0.648890173584781
"2013-02-27",0.000341484116807803,0.238076548078818
"2013-02-28",0.000322813111234689,-0.653554874397509
"2013-03-01",0.000309735994311761,0.996362543660321
"2013-03-04",0.000314361880626562,-1.33820074242402
"2013-03-05",0.000344042520762335,0.207908739812593
"2013-03-06",0.000347818284977265,4.63177813381371
"2013-03-07",0.000799456553055958,1.72892777377997
"2013-03-08",0.0011923818934358,-0.893647265990252
"2013-03-11",0.00126509010448038,0.85064044930694
"2013-03-12",0.00118719873223656,-0.286195638255442
"2013-03-13",0.00103777636076894,0.0401455322967501
"2013-03-14",0.000871915542583008,1.10881286498847
"2013-03-15",0.000798550228923009,-0.525516106766991
"2013-03-18",0.000742800706267947,0.219129782238581
"2013-03-19",0.0006653595716782,-0.193658666812112
"2013-03-20",0.000587368895302582,-0.534287066264835
"2013-03-21",0.000531409772867187,-0.732909556711308
"2013-03-22",0.000502188484988513,0.250283659039914
"2013-03-25",0.000471565972836263,0.0104350451847312
"2013-03-26",0.000434974962640206,-0.0921928949974595
"2013-03-27",0.000400916143064293,-0.447496226966129
"2013-03-28",0.000377465084789712,-0.184309679677112
"2013-04-01",0.000357843719574238,-0.888707105736005
"2013-04-02",0.000356626798661935,-0.99553640817357
"2013-04-03",0.000371835711921865,0.883352388365552
"2013-04-04",0.000386097892409519,-0.786346165801803
"2013-04-05",0.000391436630811052,0.239129292609014
"2013-04-08",0.000377465960500704,-1.12860588780482
"2013-04-09",0.000382976363835895,2.13862423643799
"2013-04-10",0.000486553255943885,0.679712827726598
"2013-04-11",0.000539655947632274,-1.00705468578109
"2013-04-12",0.000545207070572149,-0.0617731284338963
"2013-04-15",0.000510261823553588,-1.82692698898265
"2013-04-16",0.000564357905050835,1.14240371572219
"2013-04-17",0.000622522175319932,-1.20937414327178
"2013-04-18",0.000655826981119101,1.45980617117107
"2013-04-19",0.000711101105290382,1.37229392174387
"2013-04-22",0.000775118172744475,0.567415646394982
"2013-04-23",0.000760877733083412,0.791575264079879
"2013-04-24",0.000710776171742579,0.53283563358846
"2013-04-25",0.000649727211796578,-0.498639236958065
"2013-04-26",0.000587834888493883,0.202230928291268
"2013-04-29",0.000526775630792011,2.34060822883713
"2013-04-30",0.000653962269176526,1.0285115738186
"2013-05-02",0.000755168172719225,0.296911268765189
"2013-05-03",0.000728274418467051,-0.451925590814156
"2013-05-06",0.000654474464039384,0.686997162459141
"2013-05-07",0.000595777472913882,0.549281618719617
"2013-05-08",0.000549602648621498,-0.678510037855239
"2013-05-09",0.000515747283749784,-0.0986657662520089
"2013-05-10",0.000476800512771347,-0.650542810702148
"2013-05-13",0.000447778852703425,-1.33478366459421
"2013-05-14",0.000469096696616843,0.389886901503676
"2013-05-15",0.000471396830730936,0.0575311634009872
"2013-05-16",0.000441534195928507,0.446506453833659
"2013-05-17",0.000409988526472779,0.508799224407489
"2013-05-20",0.000387307269130507,0.644308146635809
"2013-05-21",0.000374618781774409,0.113915518317112
"2013-05-22",0.000357789668442369,-0.830542750395208
"2013-05-23",0.000352705925059996,-0.148558108107934
"2013-05-24",0.000342821783772629,0.526484615253278
"2013-05-27",0.000331375313884768,-0.289764241876929
"2013-05-28",0.000318835670227079,0.376624802796973
"2013-05-29",0.000306928567144361,-0.616206431302403
"2013-05-31",0.000301610728580287,0.590302463006189
"2013-06-03",0.000299845052518388,0.700252879153319
"2013-06-04",0.000301101569961648,-0.615215348305916
"2013-06-05",0.000301479078867342,-1.88307372329098
"2013-06-06",0.000360659297142126,0.120278709945472
"2013-06-07",0.000385877551226516,-1.63676375961704
"2013-06-10",0.000431494890120637,0.113009970068467
"2013-06-11",0.000438609309198693,-0.882658463958119
"2013-06-12",0.000426712135427524,-1.07218492974387
"2013-06-13",0.000430233893310492,1.78705181472923
"2013-06-14",0.000499190986282754,-1.78720249279685
"2013-06-17",0.00061418498448632,0.0761156012861313
"2013-06-18",0.000627927035428229,-0.568680500455519
"2013-06-19",0.000577393563811037,-1.48763671871867
"2013-06-20",0.000592392668590221,-0.422926488406727
"2013-06-21",0.000582899381777063,-1.37633679729129
"2013-06-24",0.000598289183293467,-1.38016427329267
"2013-06-25",0.000648343069156521,0.230435502746169
"2013-06-26",0.000632022122544616,0.380187403066394
"2013-06-27",0.000571187555823067,0.601167949973779
"2013-06-28",0.000517776739989169,-0.529937092805762
"2013-07-01",0.000476767394064684,-0.0462677087976819
"2013-07-02",0.000435413921432366,-2.32882032644309
"2013-07-03",0.000545891837719307,1.40503779508493
"2013-07-04",0.000666129023280159,0.154713944185788
"2013-07-05",0.000663670085282279,-2.01299858847913
"2013-07-08",0.000763767959357746,-0.4001233902341
"2013-07-10",0.000792102610729199,0.549444167429762
"2013-07-11",0.000731276100813707,1.41569672528775
"2013-07-12",0.000735652486125173,-0.86530784835383
"2013-07-15",0.000738698608703024,0.269703767586147
"2013-07-16",0.000683912557230994,0.521939754131297
"2013-07-17",0.000615485348533473,0.794790775371795
"2013-07-18",0.000572838325019595,0.113401927842528
"2013-07-19",0.000527080526237305,-0.589427435429926
"2013-07-22",0.000487863283748567,1.1921269082697
"2013-07-23",0.000493638882564851,0.312917668459568
"2013-07-24",0.000484402950084142,-0.0451134692565654
"2013-07-25",0.000449889057408044,1.28766909126269
"2013-07-26",0.000458781930957769,0.314550936328157
"2013-07-29",0.000455453753828099,-0.741791154883511
"2013-07-30",0.000441539892894742,-0.6210770227449
"2013-07-31",0.000426527931170333,-0.491714987914366
"2013-08-01",0.000407410323006963,1.94966677851504
"2013-08-02",0.000479525091400126,-0.341452092120334
"2013-08-05",0.000511498620708394,-0.41284885170504
"2013-08-06",0.000485236779937683,-1.00990381696093
"2013-08-07",0.00047237325840283,-0.0744381026093382
"2013-08-08",0.000447748744762635,1.15991608703027
"2013-08-09",0.000448116014672488,1.21521458726272
"2013-08-12",0.00047589206030747,-1.49001822134621
"2013-08-13",0.000533494677046675,-0.411296286526157
"2013-08-14",0.000538914771426828,1.50957324692467
"2013-08-15",0.000572905493272582,2.12409681571704
"2013-08-16",0.000727911895497853,-0.0956862090292827
"2013-08-19",0.000767487332755802,0.109545652378705
"2013-08-20",0.000693266900843645,-1.51251705313627
"2013-08-21",0.000699763748210446,0.46918079058819
"2013-08-22",0.000686717658749104,1.98141254421169
"2013-08-23",0.00079141335501769,0.568160001321855
"2013-08-26",0.000828594306375167,-0.672954046234478
"2013-08-27",0.000779415337287628,-1.4795373839828
"2013-08-28",0.000800806510444296,-0.584198353007572
"2013-08-29",0.000789423819157135,-0.535325363974048
"2013-08-30",0.000727448633649895,-0.211637627708306
"2013-09-02",0.000647414027790362,0.335061097204507
"2013-09-03",0.000574773060477136,-0.386386125298497
"2013-09-04",0.000518843930307911,0.192709218974467
"2013-09-05",0.000472906361369195,1.85593541779057
"2013-09-06",0.000536677211852974,0.547837006946031
"2013-09-09",0.000572451015281766,0.963378640233332
"2013-09-10",0.000574257716931272,0.398068634748862
"2013-09-11",0.00054676540172835,-0.200691989747813
"2013-09-12",0.000500013667833431,-0.980948220947946
"2013-09-13",0.000482784475728029,0.718681178846169
"2013-09-16",0.000475477119572604,0.812776556046677
"2013-09-17",0.000469151854187005,0.210216571091322
"2013-09-18",0.000446313920157714,0.946575277712864
"2013-09-19",0.000437943999110662,0.663706187070803
"2013-09-20",0.000432350651997223,-0.544512971830054
"2013-09-23",0.000418170576675096,0.473632885010471
"2013-09-24",0.000399048919736921,-0.913509375382144
"2013-09-25",0.000395656068342197,0.0916802839473306
"2013-09-26",0.000382844525563712,-0.562518282715269
"2013-09-27",0.000367021448892777,-0.241492538248877
"2013-09-30",0.00034935988196186,-0.394290109366714
"2013-10-01",0.000333214337655306,0.929660735960768
"2013-10-02",0.000335377510396216,0.333152088563387
"2013-10-03",0.000332628187625561,-0.692797642150523
"2013-10-04",0.000328850083123997,0.397811361977249
"2013-10-07",0.000321361517192145,-0.136952259242537
"2013-10-08",0.000307885639415248,-0.943900461540649
"2013-10-09",0.00031020731201789,-0.736266944079715
"2013-10-10",0.000317246762963707,0.26073488014554
"2013-10-11",0.000311654542267657,-0.143426801512925
"2013-10-14",0.000297613187108788,0.555027226717082
"2013-10-15",0.000288362329757136,0.494855855588682
"2013-10-16",0.000283048026082435,-0.212841579025571
"2013-10-17",0.000275144848652229,-0.448053170892653
"2013-10-18",0.000268392531466969,-0.932020515020511
"2013-10-21",0.000275235595150276,3.12560397910164
"2013-10-22",0.000445186788878906,-0.824986847393482
"2013-10-23",0.0005509710973524,-0.498625535377378
"2013-10-24",0.000540939228633769,-0.201885544479022
"2013-10-25",0.000486397991968944,0.627523002686719
"2013-10-28",0.000440045851693361,3.49014198870538
"2013-10-29",0.000738233057798591,-0.344928259722047
"2013-10-30",0.000897488587840459,0.428501960403193
"2013-10-31",0.000843296109572393,0.826523112948121
"2013-11-01",0.000763315214120952,-1.01599771571668
"2013-11-04",0.000723198251558922,0.676443705921709
"2013-11-05",0.000681178156597037,0.0654874663217234
"2013-11-06",0.000612323827653202,0.327206628542097
"2013-11-07",0.000542286512353219,-0.861685089060552
"2013-11-08",0.000507597091810408,-0.796157787333134
"2013-11-11",0.00049340569066,1.0300612083964
"2013-11-12",0.000497065342095504,-1.21194596029147
"2013-11-13",0.000522813599147769,0.873779941615707
"2013-11-14",0.000534681678148046,1.10199875455781
"2013-11-18",0.000546282925237435,2.03237385876533
"2013-11-19",0.000664513441462895,-0.592938845938105
"2013-11-21",0.000710887479440865,-0.366473876985597
"2013-11-22",0.000662012097299834,-0.421272935127006
"2013-11-25",0.000591339642019963,-0.612093912480215
"2013-11-26",0.000536980606462391,-2.79227393476799
"2013-11-27",0.000751834763776146,-0.202602445452565
"2013-11-28",0.000856154499429683,-0.555362955689945
"2013-11-29",0.000805977121172466,0.865781738080258
"2013-12-02",0.000746156360529004,-3.526873602029
"2013-12-03",0.00125952420891305,0.248805176194213
"2013-12-04",0.00151426813585638,-0.156123755788517
"2013-12-05",0.00138514045525105,0.358927979699068
"2013-12-06",0.00117276368075858,-0.663539786628314
"2013-12-09",0.00101311143602971,0.0435664952470259
"2013-12-10",0.000877691879324666,0.105345817011916
"2013-12-11",0.00075862648933081,-1.09980775612327
"2013-12-12",0.00072122623175078,0.185542091036445
"2013-12-13",0.000681864231038087,0.392882075752967
"2013-12-16",0.000626365282058877,0.729846463305886
"2013-12-17",0.000590090186007426,-1.29305025649944
"2013-12-18",0.000612837826084308,0.105217785572306
"2013-12-19",0.000603595133775606,0.988341194116663
"2013-12-20",0.000594018497608013,-0.807483102512199
"2013-12-23",0.000588288010506614,0.373453436305769
"2013-12-26",0.00055965163885706,-0.338741146836952
"2013-12-27",0.00051838809229559,0.0359030205847702
"2013-12-30",0.000475594607679951,0.414872547514716
"2014-01-02",0.000442624498343365,-0.916567059737689
"2014-01-03",0.000437899924113082,-0.940050478093013
"2014-01-06",0.000450190329005393,0.581273876175848
"2014-01-07",0.000449474326152756,-1.31321086164035
"2014-01-08",0.000476661104694436,0.0953308555849986
"2014-01-09",0.000475383630327881,-1.3991671325951
"2014-01-10",0.000502540042211408,0.770733851955753
"2014-01-13",0.000518731001144054,-0.543385112751603
"2014-01-14",0.000502131737709936,-0.188416184206542
"2014-01-15",0.000465455982272284,1.0035720125828
"2014-01-16",0.000454690928215822,-1.32386047713539
"2014-01-17",0.000486961286357375,-0.222869375874369
"2014-01-20",0.000486013796873143,-0.965248659832297
"2014-01-21",0.000479873542799333,0.488981057095406
"2014-01-22",0.000463681662666252,1.50005992159808
"2014-01-23",0.000497255001307516,-1.04977321299513
"2014-01-24",0.000533917073870246,-1.03785370512358
"2014-01-27",0.000552651118030459,0.0378005473947482
"2014-01-28",0.00052657446800969,-0.163513649760641
"2014-01-29",0.000477363602300754,-0.756303287860975
"2014-01-30",0.000447287978731298,-0.309850445052468
"2014-01-31",0.000421286321677479,0.0110401985645598
"2014-02-03",0.00039122313948273,-2.99987733785072
"2014-02-04",0.000586236846884471,0.71891872291723
"2014-02-05",0.000708142917078705,-0.691391098271561
"2014-02-06",0.000697624114378562,1.03482524736793
"2014-02-07",0.000675733899125382,0.653016055451275
"2014-02-10",0.000641797178466507,0.443614906387289
"2014-02-11",0.000588585842587236,0.985143168345732
"2014-02-12",0.000562885669275669,0.00955114565013264
"2014-02-13",0.000526596831443858,-1.02176453983346
"2014-02-14",0.000511989533239281,-0.0808273846034414
"2014-02-17",0.000486381027321054,-0.458634664704153
"2014-02-18",0.000452651195875833,-1.04340196984581
"2014-02-19",0.000449023341147644,0.310747927377073
"2014-02-20",0.000437189824105623,-0.12407398039154
"2014-02-21",0.000409100402879682,-0.0237246997438396
"2014-02-24",0.000378763492416852,1.26712681391992
"2014-02-25",0.00039121569778748,-1.11680731036144
"2014-02-26",0.000422910875352751,-1.73456640310282
"2014-02-27",0.00050009849622309,1.17167765805054
"2014-02-28",0.000561128980512356,-1.365642829571
"2014-03-05",0.000612995295254379,-0.89244246265375
"2014-03-06",0.000628026495913655,0.427196553228146
"2014-03-07",0.000591729926363393,-0.328780194900243
"2014-03-10",0.00053397372449399,-1.00925650641205
"2014-03-11",0.000510458258584925,0.348935306996233
"2014-03-12",0.000484730928928337,0.732082432358963
"2014-03-13",0.00046135712169048,-0.729298386317108
"2014-03-14",0.000446559526118996,-1.19568898182525
"2014-03-17",0.000461216044112891,-0.760936312799792
"2014-03-18",0.000468790728573343,1.45728787561223
"2014-03-19",0.000508059705895541,1.25796002180135
"2014-03-20",0.000557663816776844,2.02424476292071
"2014-03-21",0.000690263139210519,0.0901575219233913
"2014-03-24",0.000721136501478214,1.00431753774186
"2014-03-25",0.000698895218223142,0.218136127350754
"2014-03-26",0.000642187858056403,-0.209679497378334
"2014-03-27",0.000568842434697924,3.28482219921777
"2014-03-28",0.000890943998372185,0.200689164190754
"2014-03-31",0.001059087081038,0.241529007941872
"2014-04-01",0.000980856998227081,0.0678809488026538
"2014-04-02",0.000839457079994649,1.60747870974138
"2014-04-03",0.000848994570360864,-0.365918446943753
"2014-04-04",0.000834301314928694,0.097653071366017
"2014-04-07",0.000749799989189968,2.34450141429612
"2014-04-08",0.000915712337794357,-0.949846771332935
"2014-04-09",0.0010353430369471,-0.266261335352224
"2014-04-10",0.000979029202815161,-0.3373943937832
"2014-04-11",0.000860246304773136,1.09902503744871
"2014-04-14",0.000808963534415667,-0.561243276922285
"2014-04-15",0.000764913045828644,-1.40356041740111
"2014-04-16",0.000787197785124239,1.06250511581032
"2014-04-17",0.000819642030889903,1.3113924052372
"2014-04-22",0.000864670275282744,-0.875655211606793
"2014-04-23",0.000871744817145955,0.155899301465061
"2014-04-24",0.000805402989271943,0.227118187377941
"2014-04-25",0.000712640011128188,-0.224470918326162
"2014-04-28",0.000629766475468238,1.30522381144197
"2014-04-29",0.000630085600362897,0.320546172913988
"2014-04-30",0.000618905845774516,-0.280945185241935
"2014-05-02",0.000575049495959751,2.52423664821305
"2014-05-05",0.000756080146135408,-0.0538022929982829
"2014-05-06",0.000841478198566043,1.29793054271603
"2014-05-07",0.000868916898466403,0.634226694766329
"2014-05-08",0.000845147668022604,-1.31319199435362
"2014-05-09",0.000855190251110697,-0.396253066220898
"2014-05-12",0.000821270468095864,0.711685538646509
"2014-05-13",0.000762149393684846,-0.132696935760791
"2014-05-14",0.000688134806624099,0.702720913159036
"2014-05-15",0.000633132470844298,-0.560001308818554
"2014-05-16",0.000592916006109341,0.0548360507311153
"2014-05-19",0.000546776610716673,-0.251728222774133
"2014-05-20",0.000501936459370089,-1.61131277021556
"2014-05-21",0.000545485582490496,0.403870532817125
"2014-05-22",0.000565033678261881,0.464856236548443
"2014-05-23",0.000540349154034603,0.131443539534318
"2014-05-26",0.000499198606902427,0.412909674074908
"2014-05-27",0.000462776648979852,-0.962599871237544
"2014-05-28",0.000457539553435082,0.568576645295129
"2014-05-29",0.000453391110039041,-1.06286354970689
"2014-05-30",0.000464235405704493,-1.65552574285774
"2014-06-02",0.000534907026143638,-0.223989388000112
"2014-06-03",0.000552814839998669,0.771415366815906
"2014-06-04",0.000535293759775272,-0.76435016464353
"2014-06-05",0.000517743005757474,-0.737662272569442
"2014-06-06",0.00050222742580163,3.58178340955086
"2014-06-09",0.000879459477479487,0.74338706217453
"2014-06-10",0.00110213613475386,0.453574538962728
"2014-06-11",0.00105506598565933,0.900360063047265
"2014-06-13",0.000968604893742588,0.193942741635861
"2014-06-16",0.000861580134482759,-0.443763319204513
"2014-06-17",0.000755942618703036,-0.816177326972563
"2014-06-18",0.000694409299484092,1.3916482294233
"2014-06-20",0.000719598845042328,-0.584851956629704
"2014-06-23",0.000718743154896692,-0.798073532808029
"2014-06-24",0.000691207557616026,-1.38852258352844
"2014-06-25",0.000721057330792798,-0.737888093340839
"2014-06-26",0.00072839177520479,0.0726305418852753
"2014-06-27",0.000676046155266325,-0.258680260107691
"2014-06-30",0.00060628608379333,0.221156884917606
"2014-07-01",0.00054469880259619,-0.238824676898508
"2014-07-02",0.000495796133937222,-0.173078354241945
"2014-07-03",0.000456993160261367,1.03754969689349
"2014-07-04",0.000456272677599334,0.0106084841594015
"2014-07-07",0.000447645660597729,-0.587235418805558
"2014-07-08",0.000432608726183545,0.149810381606787
"2014-07-10",0.000412074614361973,2.17993089725863
"2014-07-11",0.000512437433699167,0.422753141853138
"2014-07-14",0.000566481278007379,1.85318340155379
"2014-07-15",0.000661307857245713,0.33320521674659
"2014-07-16",0.000684064821228381,0.107793255690119
"2014-07-17",0.000626835182200411,0.522839802196164
"2014-07-18",0.000564743276337652,2.0257235567061
"2014-07-21",0.000655365059411715,0.725612105837189
"2014-07-22",0.000710795552862216,0.276736562437285
"2014-07-23",0.000671121059429191,-1.46782413444978
"2014-07-24",0.000689375026484777,0.102509317094118
"2014-07-25",0.000672309168732108,0.349038361503622
"2014-07-28",0.000612552851814904,-0.666917207833303
"2014-07-29",0.000564154808629545,-1.11267659345035
"2014-07-30",0.000561214539223989,0.501526909161275
"2014-07-31",0.00054831651613487,-1.63515581923199
"2014-08-01",0.000601899895475231,-0.18328197904568
"2014-08-04",0.000610493801347003,0.935258011499803
"2014-08-05",0.000595990756649928,0.532429861143773
"2014-08-06",0.000567848618480783,1.28921071856212
"2014-08-07",0.000580797154472679,-0.318778804938546
"2014-08-08",0.000568954746469193,-1.77566735104704
"2014-08-11",0.000636706551819885,1.67682473789804
"2014-08-12",0.000764039551575733,-0.8460774718879
"2014-08-13",0.000808093672806186,-1.78982758065011
"2014-08-14",0.000913472035666033,-0.152212926015854
"2014-08-15",0.000915164984597301,2.50540696947567
"2014-08-18",0.00117905900170241,0.496068633221621
"2014-08-19",0.00129046017976896,0.693684614822913
"2014-08-20",0.00120785750544725,0.619179152501821
"2014-08-21",0.0010817749794458,-0.0786351801235482
"2014-08-22",0.000940121544838818,-0.579713570185858
"2014-08-25",0.000827424978836709,1.82096144049194
"2014-08-26",0.000905671734184669,-0.295378417251397
"2014-08-27",0.000925101575348922,1.47940565713488
"2014-08-28",0.000969791184249969,-0.0490100776375846
"2014-08-29",0.000938869701164719,0.785322484311119
"2014-09-01",0.000873014836913861,0.696349279399953
"2014-09-02",0.000814221842962306,1.06538883095126
"2014-09-03",0.000796860209534732,-0.882937061596279
"2014-09-04",0.000788671049400912,-1.75976111241549
"2014-09-05",0.000890523797488177,0.0516762434037786
"2014-09-08",0.000902469152606729,-1.66766331195545
"2014-09-09",0.000975521348849813,-0.31899850807405
"2014-09-10",0.000971151727324053,-0.794428524715441
"2014-09-11",0.000911784770233152,0.415976259859873
"2014-09-12",0.000831649237234109,-1.78714507982135
"2014-09-15",0.000907570828827794,0.676482549346956
"2014-09-16",0.000944152124474222,1.55372758946682
"2014-09-17",0.00101687225497091,0.82578412748375
"2014-09-18",0.00103794625268308,-1.18005681282593
"2014-09-19",0.00104545626893306,-0.549997792377652
"2014-09-22",0.000997289448401322,-0.481172970201163
"2014-09-23",0.000906198454814686,-0.743034966763588
"2014-09-24",0.000833474476048466,0.17949504711778
"2014-09-25",0.000757464410870247,-0.699073341405178
"2014-09-26",0.000701415227772354,2.04603554855887
"2014-09-29",0.000831866375190909,-4.10070858743244
"2014-09-30",0.00176604531510895,-0.656183466408777
"2014-10-01",0.00224443403502398,-1.19553881991766
"2014-10-02",0.00228434244352626,0.260271171611773
"2014-10-03",0.0020661037231972,1.30129664311416
"2014-10-06",0.00195927657395962,2.38664129565796
"2014-10-07",0.00249139683456572,0.794463897818406
"2014-10-08",0.00273211675793029,-0.323174461691494
"2014-10-09",0.00249125441702472,0.338068567287164
"2014-10-10",0.0021165032512913,-1.23991353842292
"2014-10-13",0.00197300118790423,2.26097308247106
"2014-10-14",0.00244468215125072,-0.438925176445734
"2014-10-15",0.00259631092566331,-1.40468956192376
"2014-10-16",0.00264597602108841,-1.49947436993185
"2014-10-17",0.00284037114362438,0.441786961130156
"2014-10-20",0.00273800678366025,-1.20438534269985
"2014-10-21",0.00263168286416661,-1.39338215512922
"2014-10-22",0.00271613119131093,-0.0763456713917046
"2014-10-23",0.00255856513419306,-1.47802153880258
"2014-10-24",0.00256551392739958,1.11301198218935
"2014-10-27",0.00262563476901053,-2.56393602421682
"2014-10-28",0.00351987457993142,0.854813257473498
"2014-10-29",0.00396580731696935,-1.10102576883599
"2014-10-30",0.00393155179934454,0.341278634803569
"2014-10-31",0.00355039031789635,1.0927928045333
"2014-11-03",0.00327590289454954,-0.494768345816214
"2014-11-04",0.00297746483254345,-0.0329076249031407
"2014-11-05",0.00258139679438701,-0.561390334280756
"2014-11-06",0.00225089940973441,-0.498859593501636
"2014-11-07",0.00200412610577368,0.336229611093727
"2014-11-10",0.00179213674703993,-0.479644405218643
"2014-11-11",0.00162228162447399,0.0411195683397325
"2014-11-12",0.00146705466728734,0.210250319117753
"2014-11-13",0.00132912900380322,-1.00356989954668
"2014-11-14",0.00129625966839027,-0.822872018061744
"2014-11-17",0.0013007541115115,-1.28357601625958
"2014-11-18",0.00137640314224466,-0.316701276736583
"2014-11-19",0.00136243356616292,0.71489030978561
"2014-11-21",0.00129997669086436,3.12312021549806
"2014-11-24",0.00200657070579035,-0.135886248808522
"2014-11-25",0.00235205168907356,-0.0825749255963602
"2014-11-26",0.00216901818296476,-0.0711408698517383
"2014-11-27",0.00185818849403026,-1.10685456492716
"2014-11-28",0.00172553989931363,-1.16909020960023
"2014-12-01",0.00174093804520481,-0.910605630871408
"2014-12-02",0.00173898718693126,-0.367271084193665
"2014-12-03",0.00162515715196311,1.20323484473616
"2014-12-04",0.00159717521405348,-0.99695194212065
"2014-12-05",0.00161083756137452,0.0666891166568395
"2014-12-08",0.00151172577174968,-1.64009225362746
"2014-12-09",0.00160615420913143,-0.299974124771213
"2014-12-10",0.001606614517426,-1.18634404535399
"2014-12-11",0.00160214551741248,-0.017417942272637
"2014-12-12",0.00151001014738031,-1.740778204286
"2014-12-15",0.00163713932049787,-2.37932452102604
"2014-12-16",0.00223125238504255,0.461069934523957
"2014-12-17",0.0024337679410992,0.6008219199465
"2014-12-18",0.00225945438315044,-0.435368047999887
"2014-12-19",0.00199105933410676,0.864904529994369
"2014-12-22",0.00181077431927787,1.14847851015288
"2014-12-23",0.00177741187128497,1.45417561152399
"2014-12-26",0.0019039854840409,-1.43907949006225
"2014-12-29",0.00210223121242411,-0.0374488268448965
"2014-12-30",0.00203975876490066,-0.562189719315247
"2015-01-02",0.00184044266496061,-1.58299765890463
"2015-01-05",0.00190814025929944,-1.90682349977737
"2015-01-06",0.00230629501239308,-0.683706634644258
"2015-01-07",0.00242387736257721,0.817176046200357
"2015-01-08",0.00230338716101631,1.19568021207037
"2015-01-09",0.00225820546631468,0.50313123136122
"2015-01-12",0.00212726697170298,-1.15581485932316
"2015-01-13",0.00206236402302001,0.226298204722966
"2015-01-14",0.00191804503449155,-0.664173046363817
"2015-01-15",0.0017466466056906,1.59411439117847
"2015-01-16",0.00184333033929922,0.253326617748717
"2015-01-19",0.00182956092051719,-0.62219653781171
"2015-01-20",0.00169730822845588,0.346452653359236
"2015-01-21",0.00153425739467827,1.33994474041337
"2015-01-22",0.00154093003371122,1.09752988240056
"2015-01-23",0.00160908097804848,-0.609921850049145
"2015-01-26",0.00157508856946092,-0.222089250426
"2015-01-27",0.0014441822880735,0.687442523443698
"2015-01-28",0.00133130800708922,-3.25219763075002
"2015-01-29",0.00210997896478603,-0.680796767150643
"2015-01-30",0.0025601569784757,-1.32683021103819
"2015-02-02",0.00268437847133014,1.10496203990819
"2015-02-03",0.00270880632384211,2.76863612741636
"2015-02-04",0.00379323627385129,0.0361200284832311
"2015-02-05",0.00418255485329981,-0.33977421097859
"2015-02-06",0.00374828112824962,-1.17089550959707
"2015-02-09",0.00345899829971951,0.299564228945733
"2015-02-10",0.00312095322110745,-0.704173465531495
"2015-02-11",0.00277617437766734,0.236917110071245
"2015-02-12",0.00243354118157958,1.03314550599176
"2015-02-13",0.00226896263026363,1.06058257279222
"2015-02-18",0.00224700912971753,0.2775304815403
"2015-02-19",0.00211398739284491,-0.80516073719732
"2015-02-20",0.00197327212029426,-0.180371388099039
"2015-02-23",0.00180271835538984,-0.43720630878452
"2015-02-24",0.00163253293047709,0.952221886938545
"2015-02-25",0.00156717198411923,-1.25493586817087
"2015-02-26",0.00163488716775089,-0.286141748928118
"2015-02-27",0.00160424696009712,0.800848559304725
"2015-03-02",0.00153535032164684,-0.451641435331816
"2015-03-03",0.00144394891751921,0.560010224605623
"2015-03-04",0.00135014889547818,-1.12252959254578
"2015-03-05",0.001351761767841,0.212104475169313
"2015-03-06",0.00130964967968791,-0.113102017430576
"2015-03-09",0.00120925033595555,-1.03930388831895
"2015-03-10",0.00118616124223026,-1.19092717265234
"2015-03-11",0.00124889253913083,0.789764838271641
"2015-03-12",0.00127609279294729,-0.932801463474827
"2015-03-13",0.00127969781127301,-0.659271945514163
"2015-03-16",0.00124821802891303,0.546849452353037
"2015-03-17",0.00118448670862962,1.44711586295779
"2015-03-18",0.00124965478956098,1.19044948501426
"2015-03-19",0.00135492975457415,-1.10041273082986
"2015-03-20",0.00142345125609128,1.31336969659547
"2015-03-23",0.0015146470194482,0.00582250468375116
"2015-03-24",0.00146494263255544,0.117455348972708
"2015-03-25",0.00131549923389715,1.29686421636695
"2015-03-26",0.0013032490037196,-1.40864276564346
"2015-03-27",0.00142126203175861,0.0909829288882472
"2015-03-30",0.00140255548179974,0.956789895989998
"2015-03-31",0.00135165887663763,0.0341325611881329
"2015-04-01",0.00125507612962594,1.36563258779784
"2015-04-02",0.00127623662523362,1.37077325813206
"2015-04-06",0.00139638671508844,-0.0689308997348954
"2015-04-07",0.00137381102640718,0.506214398569377
"2015-04-08",0.00126477332041155,-0.752575497633581
"2015-04-09",0.00118293604166987,2.52729767827683
"2015-04-10",0.00156938942004744,0.567170435621622
"2015-04-13",0.00177046824410658,0.893383797690984
"2015-04-14",0.00173768078995479,0.431748905090488
"2015-04-15",0.00159618991844866,1.63483300033379
"2015-04-16",0.00167665003358074,-0.738525400658215
"2015-04-17",0.00170913864210238,0.154679126849426
"2015-04-20",0.00157215714101721,0.160323337353442
"2015-04-22",0.0013824354688564,0.0676635545961913
"2015-04-23",0.00121218111229058,-0.434699910001111
"2015-04-24",0.00109092275850169,0.79330268153873
"2015-04-27",0.00103801523918196,-1.62693940449384
"2015-04-28",0.00115448904468913,0.470890212103108
"2015-04-29",0.00119679991487527,0.096881781866304
"2015-04-30",0.00112053395795508,0.537972218920681
"2015-05-04",0.00103328903579215,1.74544678366008
"2015-05-05",0.00114771612232449,1.22192611387116
"2015-05-06",0.00128920091342452,-1.46510085834471
"2015-05-07",0.00143756414454057,0.121739580875413
"2015-05-08",0.00141506863322477,-0.345562424734322
"2015-05-11",0.00128050307901102,0.416697562529903
"2015-05-12",0.00114585963748953,0.157033569793088
"2015-05-13",0.00102733891239175,0.411675767633182
"2015-05-14",0.000937147664593935,-0.180199177250081
"2015-05-15",0.000863845258734512,0.421599450835788
"2015-05-18",0.000809545908969822,-0.699024820542366
"2015-05-19",0.000786271771106641,-2.31769653521378
"2015-05-20",0.00102303612278245,-0.0413877636157032
"2015-05-21",0.00113257066254746,1.27040736443208
"2015-05-22",0.0011794804081284,-0.805628584652453
"2015-05-25",0.00118198935757739,-0.622819291468194
"2015-05-26",0.00112656386767942,-0.963191512548932
"2015-05-27",0.00109242200935265,0.395063800976318
"2015-05-28",0.00103308268590416,0.303125251998666
"2015-05-29",0.000947276000901455,-0.876444420497031
"2015-06-01",0.000905659618233532,0.115154234795655
"2015-06-02",0.00085649315592157,1.28195986738819
"2015-06-03",0.000880367934372148,-0.0186214417410953
"2015-06-05",0.000869596696309476,-0.713570082858449
"2015-06-08",0.000837643829609746,0.0353279596833971
"2015-06-09",0.000787527265137981,1.12435138457253
"2015-06-10",0.000791612663320427,0.226607417378896
"2015-06-11",0.000777063242597301,0.00812900481579508
"2015-06-12",0.00072882958626125,-0.0768569109773871
"2015-06-15",0.000676402637886692,-0.0799839968941098
"2015-06-16",0.000631779779968153,1.0965945916668
"2015-06-17",0.000643839242170709,-0.466257625167346
"2015-06-18",0.000650774112277544,0.744914415052905
"2015-06-19",0.000649670611602333,-0.787300492421076
"2015-06-22",0.000653463086112436,0.0978728718512269
"2015-06-23",0.000633661775150236,-0.689289192495118
"2015-06-24",0.000616920308360256,0.7168258254322
"2015-06-25",0.000612602597042932,-1.87037970109785
"2015-06-26",0.000728332895828498,1.76020954622594
"2015-06-29",0.000916668325911574,-1.16315320407789
"2015-06-30",0.00103119116905495,-0.0907937360003734
"2015-07-01",0.000996276763712446,-1.34227025678327
"2015-07-02",0.00100432427841219,0.316511914861401
"2015-07-03",0.000970348170130389,-1.51596700268856
"2015-07-06",0.00101937173883108,-0.667656441446129
"2015-07-07",0.00103127531087842,0.81035732994646
"2015-07-08",0.000995683809662452,-0.617698406221912
"2015-07-10",0.000939060822785281,0.678528036492086
"2015-07-13",0.000883269547798647,0.0931330501860313
"2015-07-14",0.000812158251214189,0.538284464118557
"2015-07-15",0.000751148215648852,-0.604971904138613
"2015-07-16",0.000711815378015875,0.387735537657097
"2015-07-17",0.000675207093880343,-1.70783662878955
"2015-07-20",0.000757369769129365,-1.99005351970474
"2015-07-21",0.000976388369530108,-0.0521225712297979
"2015-07-22",0.00103499708156385,-1.19937853973987
"2015-07-23",0.00104403159499546,-0.56584919903505
"2015-07-24",0.00100720634812387,-0.398231912409797
"2015-07-27",0.000924195161552519,-1.77650024374901
"2015-07-28",0.00101221007472182,1.4918415452156
"2015-07-29",0.00117210245145254,2.1251668787951
"2015-07-30",0.0014985808207501,-0.603710091613019
"2015-07-31",0.00160018698614268,0.0771913704424873
"2015-08-03",0.00145251562351683,-1.22181206842282
"2015-08-04",0.00138221208951349,0.432203710542686
"2015-08-05",0.00129545349496892,-0.461592189882296
"2015-08-06",0.00116827045954887,0.898940760352717
"2015-08-07",0.00109284993784268,-1.89854794171094
"2015-08-10",0.00125566771319862,0.753617194917325
"2015-08-11",0.00133878408468818,-0.3254225141724
"2015-08-12",0.00125430451534776,0.149654289506251
"2015-08-13",0.00111061023012177,-1.13851761409499
"2015-08-14",0.00106528888495035,-0.677197021511414
"2015-08-17",0.00103719475865622,-0.599835065556862
"2015-08-18",0.000983311457254396,-0.415163847060142
"2015-08-19",0.000912474548659678,-0.774095830086672
"2015-08-20",0.000866804730175177,-0.224945337960548
"2015-08-21",0.000814121285628584,-1.76229578956327
"2015-08-24",0.00091026688779034,-2.22224655595347
"2015-08-25",0.00122610687380633,0.517110092948953
"2015-08-26",0.00134104993106827,0.722595841623107
"2015-08-27",0.00128035287860122,2.5726827922262
"2015-08-28",0.00168372912105108,0.305218940753735
"2015-08-31",0.00185204791532086,0.490711114995809
"2015-09-01",0.00170611725828226,-1.62910826159189
"2015-09-02",0.00175949111716593,0.635330036587807
"2015-09-03",0.00174781083521432,-0.157853692703913
"2015-09-04",0.00157126032149165,-0.724722319575341
"2015-09-08",0.00140670774914649,0.41025971924903
"2015-09-09",0.00126412876292011,-0.819457084288518
"2015-09-10",0.00117547298654295,-1.4912984947476
"2015-09-11",0.00124481472300252,-1.11802001599995
"2015-09-14",0.00132907532582865,0.220234703257968
"2015-09-15",0.0012755213761126,-0.248698081324055
"2015-09-16",0.00114745060209887,1.83949522069178
"2015-09-17",0.00126283299074041,-0.978630594566685
"2015-09-18",0.00136850052118559,-0.90318521668671
"2015-09-21",0.00136943156129272,-1.08218879494824
"2015-09-22",0.00136464639675349,-1.24610514234898
"2015-09-23",0.00140885326588531,-0.573580002420899
"2015-09-24",0.00137038244906513,0.555033487396134
"2015-09-25",0.00126488368125987,-0.564973560603896
"2015-09-28",0.001156207875098,-1.67938809355414
"2015-09-29",0.00124773710020273,0.658245312835293
"2015-09-30",0.00128937146257129,2.62601471208545
"2015-10-01",0.00175949936978779,-0.730250869001835
"2015-10-02",0.00200252189266654,2.27339845343246
"2015-10-05",0.00251042060537641,0.132543912642817
"2015-10-06",0.00261887599986149,0.907786756719457
"2015-10-07",0.00244624839831833,0.684260262500792
"2015-10-08",0.00221975882441625,0.695113439917541
"2015-10-09",0.00199992494341495,0.132481107812378
"2015-10-13",0.00175511387002803,-1.8848533378593
"2015-10-14",0.00191039360312748,-0.478294523415456
"2015-10-15",0.00196220181563065,0.118273804180926
"2015-10-16",0.00178223522856899,-0.143143227965205
"2015-10-19",0.00154994259285032,0.00575582733503518
"2015-10-20",0.0013466112973824,0.346814240828775
"2015-10-21",0.00119606387213173,-1.09161677133301
"2015-10-22",0.00116846309866232,1.00846601366048
"2015-10-23",0.00119799722990578,-0.101729149523543
"2015-10-26",0.00115318256567992,-0.513880280015274
"2015-10-27",0.00107529382747676,-0.98008666557068
"2015-10-28",0.00105396158693998,0.409634280146523
"2015-10-29",0.00101822710507407,-0.361349824820992
"2015-10-30",0.000954744271003087,0.429840641297156
"2015-11-03",0.000892911026467829,3.19322965688382
"2015-11-04",0.00140816042167076,-1.28158241480705
"2015-11-05",0.00182214721259089,0.0921272025452906
"2015-11-06",0.00179345635425253,-0.85448353957259
"2015-11-09",0.00165360773975246,-0.567086902397092
"2015-11-10",0.00150550985151683,-0.0955603694766208
"2015-11-11",0.00133253672114536,0.399348675431238
"2015-11-12",0.00118027788052168,-0.526108881499075
"2015-11-13",0.00107321185323106,-1.26771722645935
"2015-11-16",0.00108823110490635,1.74881871107124
"2015-11-17",0.00127447256187743,0.223772071192519
"2015-11-18",0.0013135451310904,0.218769231272087
"2015-11-19",0.00120719261732529,0.0800376610958444
"2015-11-23",0.00107279853454922,0.927520577638101
"2015-11-24",0.00101371123044918,1.59870480618465
"2015-11-25",0.00111794036471907,-2.18260679874235
"2015-11-26",0.00147001356357232,0.0718569380514919
"2015-11-27",0.00157034868393516,-1.03504450076736
"2015-11-30",0.00153325365504956,0.239932148500502
"2015-12-01",0.00141017837245077,-0.626358138881561
"2015-12-02",0.00127565402616568,0.118263747483497
"2015-12-03",0.00114109481282574,1.76431938950242
"2015-12-04",0.00123977612054751,-1.67977582333591
"2015-12-07",0.00148421278443316,-1.1589306778179
"2015-12-08",0.00162960075810885,-0.201973617198725
"2015-12-09",0.00155247942573899,1.79234264009151
"2015-12-10",0.00168355178447731,-0.640124384946567
"2015-12-11",0.001724182466817,-0.649899599953759
"2015-12-14",0.00161481673728547,-0.13203790795602
"2015-12-15",0.00143555979257743,0.763727610168786
"2015-12-16",0.0013041809328242,-0.483169304110599
"2015-12-17",0.00119952587265671,-0.352135371850082
"2015-12-18",0.00109488695186687,-0.758292707298704
"2015-12-21",0.00103157719602788,-1.72564757327585
"2015-12-22",0.00115769504844811,0.663207505871814
"2015-12-23",0.00122124580109146,0.590490507040949
"2015-12-28",0.00117446906162404,-0.978265764488947
"2015-12-29",0.00114299835067025,-0.0374775080934302
"2015-12-30",0.00107251332201917,0.0525280802930565
"2016-01-04",0.000970931430911547,0.811404598665964
"2016-01-05",0.000916857672527695,-0.918752649699987
"2016-01-06",0.000912119522016528,-1.41031580970962
"2016-01-07",0.000990250702023578,-0.695660002856837
"2016-01-08",0.00102106893137564,0.0570433376645413
"2016-01-11",0.000962933835245845,-0.93137529518136
"2016-01-12",0.000927020769582093,-3.16069278909947
"2016-01-13",0.00146256387908688,-1.25330770500365
"2016-01-14",0.00186835184950729,1.77923637736053
"2016-01-15",0.00219527247641194,-2.04062614885002
"2016-01-18",0.00274686999061946,-1.41250398087209
"2016-01-19",0.00314043810244242,-0.524162567463284
"2016-01-20",0.00302867771976075,-0.915611964785748
"2016-01-21",0.00277311447478813,0.302018690712838
"2016-01-22",0.00243850724278998,-0.40452817338803
"2016-01-26",0.0020956361898516,-1.06084658266497
"2016-01-27",0.00194026350380801,1.92186866652849
"2016-01-28",0.00222802603885898,0.143419892025219
"2016-01-29",0.00227641047127379,1.07070118191039
"2016-02-01",0.0022021936581947,-0.530164593609154
"2016-02-02",0.00204910489824772,-2.05374979761509
"2016-02-03",0.00235982209245499,0.894731810897272
"2016-02-04",0.00254979358389319,1.03571850109028
"2016-02-05",0.00253364224936176,-0.809999918574093
"2016-02-10",0.00241220038150032,-1.05392230216831
"2016-02-11",0.0023249540409179,-0.383868961070248
"2016-02-12",0.00214621663128601,1.09932439183177
"2016-02-15",0.00204986115778142,0.34973745673029
"2016-02-16",0.00190862153244028,-0.403568620675023
"2016-02-17",0.00171651086057275,1.27611201084428
"2016-02-18",0.00169856141456667,-0.465658898447109
"2016-02-19",0.00165038766998857,-0.701653677983211
"2016-02-22",0.00155747730584178,3.10361762869955
"2016-02-23",0.00237491183849192,-0.489830620729571
"2016-02-24",0.00280221547843699,-0.188680646705826
"2016-02-25",0.00259899493058603,0.0848360266759471
"2016-02-26",0.00222362206799787,-0.082106649393408
"2016-02-29",0.0018821573602513,1.24898460806923
"2016-03-01",0.00180048328227639,0.7721832559169
"2016-03-02",0.00177172719794134,1.47986495616862
"2016-03-03",0.00188386850146209,3.48093361837212
"2016-03-04",0.00329209109939525,1.64818900062061
"2016-03-07",0.0044886913717283,0.310299566354817
"2016-03-08",0.00447867582764598,0.204771370013287
"2016-03-09",0.00386035372786091,0.281335267614248
"2016-03-10",0.00320767196548631,0.79896239439195
"2016-03-11",0.00279662428309207,0.334386580910339
"2016-03-14",0.00247130073155931,-1.78873929651002
"2016-03-15",0.00265584780234784,-2.18627965568219
"2016-03-16",0.00346851524134602,1.52616276173243
"2016-03-17",0.00416084398965702,1.76501552919792
"2016-03-18",0.00486792033045007,0.0385936192318657
"2016-03-21",0.00477688516710755,-0.104029418250517
"2016-03-22",0.00412158790163311,0.0998591129154363
"2016-03-23",0.00342959993624502,-0.705480897024064
"2016-03-24",0.00297428592628308,0.0747240872725355
"2016-03-28",0.00260861440471872,1.52333945051869
"2016-03-29",0.00266100195480752,0.118897092555334
"2016-03-30",0.0026064799179222,-0.111257150364327
"2016-03-31",0.0023522915275942,-0.216372663131917
"2016-04-01",0.00207941470511567,0.0312165010238483
"2016-04-04",0.00184543040198583,-2.27472295105257
"2016-04-05",0.00226079049356804,0.687222825495389
"2016-04-06",0.00251900264687563,-0.642018755705131
"2016-04-07",0.00243644788376416,0.322804031141534
"2016-04-08",0.0022094773211728,1.49836709537776
"2016-04-11",0.00226505156618978,0.332878428690191
"2016-04-12",0.00222887903734316,1.5618911135524
"2016-04-13",0.00236493062718289,1.06965908300688
"2016-04-14",0.00249569909018122,-0.746063924961617
"2016-04-15",0.00244342626661049,1.14249805176327
"2016-04-18",0.00241986496752981,-0.96206332229057
"2016-04-19",0.00240314573755364,0.826752735846274
"2016-04-20",0.00232815260003502,-0.299130905383273
"2016-04-22",0.00213963238504782,0.612017326753265
"2016-04-25",0.00194815664947583,-0.99247222573512
"2016-04-26",0.00187645347741499,0.831521671565476
"2016-04-27",0.00184294390504669,1.36213951655205
"2016-04-28",0.00193881177574261,-0.0392106872536837
"2016-04-29",0.00189471928002305,0.00520586769700714
"2016-05-02",0.00171808662412987,-0.136448566529143
"2016-05-03",0.00153278937452296,-0.992982758380381
"2016-05-04",0.00147339569641998,0.376191262497152
"2016-05-05",0.00141745190356583,-0.290154497093163
"2016-05-06",0.00132510953247133,0.752089210512464
"2016-05-09",0.00127055445177284,-1.71532113625686
"2016-05-10",0.00144150927788753,1.95984673616482
"2016-05-11",0.00184365806739313,0.0963410453249249
"2016-05-12",0.00194008898931063,-1.03730618774856
"2016-05-13",0.00190177394150001,-0.781082121644926
"2016-05-16",0.00183263628373532,0.710628389263896
"2016-05-17",0.00173317674603317,-0.618496112972683
"2016-05-18",0.00161869884396762,-0.469826768190391
"2016-05-19",0.00149345077095335,-1.01347148166299
"2016-05-20",0.00145194554202601,-0.170383125182211
"2016-05-23",0.00137914417313791,-1.23215982018073
"2016-05-24",0.00139521934605931,0.100389194875535
"2016-05-25",0.0013574233779372,0.448007234698905
"2016-05-27",0.00126666007294436,-1.45703647353714
"2016-05-30",0.00133348351361954,0.50082307089441
"2016-05-31",0.00135379048410613,-1.11953985216749
"2016-06-01",0.00137404811438767,0.471824679516204
"2016-06-02",0.00133794867829328,0.731756035961053
"2016-06-03",0.00127944706028538,0.566480085713427
"2016-06-06",0.00121535258539609,-0.364063729441216
"2016-06-07",0.00113642063228505,0.562504964071435
"2016-06-08",0.0010706651256361,2.62176461660892
"2016-06-09",0.00146787778582324,-0.584437346445471
"2016-06-10",0.00169244052520566,-1.07741778296995
"2016-06-13",0.00172303311186994,-0.437604617871428
"2016-06-14",0.00162607301625475,-0.932506980290039
"2016-06-15",0.00154076374967596,0.642328256394014
"2016-06-16",0.00145712119108901,-0.0248656013836175
"2016-06-17",0.00132802297731991,1.42181826639726
"2016-06-20",0.00135892284483256,0.694459999079843
"2016-06-21",0.0013779917541183,1.014083680457
"2016-06-22",0.00137950520261683,-0.536105437930783
"2016-06-23",0.0013292068120855,0.958592995648848
"2016-06-24",0.00129702631072828,-1.22668535714531
"2016-06-27",0.00134452176614671,-1.41597403597711
"2016-06-28",0.00147466271114485,1.22270948346321
"2016-06-29",0.00159435703721904,0.809301341222348
"2016-06-30",0.00160159336249747,-0.205650303913056
"2016-07-01",0.00148042395176933,1.08671210259352
"2016-07-04",0.00142418089120476,0.140582142199202
"2016-07-05",0.0013376518002029,-1.64966439735312
"2016-07-06",0.00143791879862923,0.595461719934498
"2016-07-07",0.00147674462568606,0.169731902694958
"2016-07-08",0.0013722943089291,0.785395782427221
"2016-07-11",0.00127912934198157,1.44619733427405
"2016-07-12",0.00134723705576881,0.758328962742382
"2016-07-13",0.00138159451512593,-0.0444741852901526
"2016-07-14",0.00129480491529147,0.779740506138734
"2016-07-15",0.00121359961392061,0.241902671213871
"2016-07-18",0.00112669946494416,1.40617744545024
"2016-07-19",0.00116952057115201,0.583197734871272
"2016-07-20",0.00118548815473412,0.105034569080658
"2016-07-21",0.00111293170499371,0.0827759687971044
"2016-07-22",0.00101312663341282,0.244829688109529
"2016-07-25",0.000926863571625554,0.254103095954039
"2016-07-26",0.000860159933439422,-0.420090359622383
"2016-07-27",0.000814404253632652,-1.10076889180348
"2016-07-28",0.000835655396099335,-0.203185754906988
"2016-07-29",0.000833459247807945,1.28594453610272
"2016-08-01",0.00088048422260943,-1.80027496845563
"2016-08-02",0.00106294985769056,0.305398722350693
"2016-08-03",0.00111970953905743,1.39461193143255
"2016-08-04",0.00118176956382013,0.274249442148188
"2016-08-05",0.00116102932736329,-0.886510510553149
"2016-08-08",0.00111632964703703,0.667398745682471
"2016-08-09",0.00106918950297501,-0.0702010507019525
"2016-08-10",0.000988772347589894,-0.861156381829117
"2016-08-11",0.000944119683644709,1.49321096138937
"2016-08-12",0.00102492043521782,-0.25214294995262
"2016-08-15",0.00103692303129271,0.799095127263552
"2016-08-16",0.001004742253725,0.465112644373864
"2016-08-17",0.000952719772239695,0.700234736890072
"2016-08-18",0.000908929494683315,0.317994566952362
"2016-08-19",0.000857628687175674,-0.231703365350016
"2016-08-22",0.000798848887530628,-1.23057791744589
"2016-08-23",0.000819190227487858,0.901683516728483
"2016-08-24",0.000856432917352063,-0.728310599890855
"2016-08-25",0.000861594511305143,0.363026763216073
"2016-08-26",0.000826838645774992,0.0633459282383794
"2016-08-29",0.000769851021700337,0.915619751458601
"2016-08-30",0.000753759557139202,0.62561866000768
"2016-08-31",0.000747886410605852,-0.668366674668588
"2016-09-01",0.000737337632266144,0.43574301369044
"2016-09-02",0.000714333622718165,1.61404895126222
"2016-09-05",0.000794596586798606,0.681313786949475
"2016-09-06",0.000844278901027698,0.379061569900737
"2016-09-08",0.000817501215837482,0.603256284706096
"2016-09-09",0.000775831270458075,-1.8307291968748
"2016-09-12",0.000889706411272535,1.08207110137102
"2016-09-13",0.000995743229406425,-2.20357257973814
"2016-09-14",0.00127634209747043,0.220669080526497
"2016-09-15",0.00136255880654878,0.820349923805095
"2016-09-16",0.00129866074164214,-0.722082012062796
"2016-09-19",0.00121212663169257,-0.234584125235827
"2016-09-20",0.0010961472383766,1.03080937301569
"2016-09-21",0.00104540611533421,0.371412117167637
"2016-09-22",0.000989351533222563,0.788838012168102
"2016-09-23",0.000942129793437379,-0.7221278238914
"2016-09-26",0.000909371010917548,-0.702496504310102
"2016-09-27",0.000880056658060875,-0.70418989085019
"2016-09-28",0.00085336525475414,1.86133361488595
"2016-09-29",0.000990413692319546,-0.971299792284052
"2016-09-30",0.00109348951113198,0.320463328857216
"2016-10-03",0.00105808697064723,0.900057748003995
"2016-10-04",0.00101089548417564,0.119495554247346
"2016-10-05",0.000939356795687477,1.285279790927
"2016-10-06",0.000948141494455776,1.14545101010758
"2016-10-07",0.00100200265968533,0.340138378107025
"2016-10-10",0.00097905578789085,0.976715368716511
"2016-10-11",0.000955791281386941,-0.699484222247824
"2016-10-13",0.000930582934031762,0.786211436750988
"2016-10-14",0.000903722419978461,1.0464921642623
"2016-10-17",0.00090935780224613,1.28772673066379
"2016-10-18",0.000967845998492702,0.981412189722274
"2016-10-19",0.00100897129140665,0.366519927283042
"2016-10-20",0.000970209480290803,0.225180348098891
"2016-10-21",0.000886694731096761,0.402813308886125
"2016-10-24",0.000809360101905228,0.494145881433463
"2016-10-25",0.000754072742408647,-0.394139894875914
"2016-10-26",0.000710365529822678,0.216367832313321
"2016-10-27",0.00066841346443321,-0.0126108057311222
"2016-10-28",0.00062811223738657,0.00904163427899415
"2016-10-31",0.00059283676237515,-0.909026230087777
"2016-11-01",0.000594682190570594,-1.9613197641242
"2016-11-03",0.00073324391006213,-1.62625311828585
"2016-11-04",0.000914716975861838,-0.280739366689061
"2016-11-07",0.000947091468865688,2.39655703784485
"2016-11-08",0.00121654659510473,-0.278118010505073
"2016-11-09",0.00132385731795978,-0.630116708776312
"2016-11-10",0.00124417313181107,-2.02262116415632
"2016-11-11",0.00142479937636075,-2.67155951411395
"2016-11-14",0.00210926513963837,-0.0106131593050884
"2016-11-16",0.00232221761092615,1.07355907020849
"2016-11-17",0.00224081066902232,-0.650192464669883
"2016-11-18",0.00205939861699316,0.356840177521877
"2016-11-21",0.00180596086604978,1.66337158328193
"2016-11-22",0.00186027332357837,0.520339101439774
"2016-11-23",0.00184750616788248,-0.111859629426826
"2016-11-24",0.00165944303449288,-0.416210426198962
"2016-11-25",0.00145296630607933,-0.469822795970899
"2016-11-28",0.00129141487855596,0.295796427825313
"2016-11-29",0.00115867249885057,-1.55428509904192
"2016-11-30",0.00121888437937182,2.51178136052713
"2016-12-01",0.00170761333834624,-0.856673914700694
"2016-12-02",0.00196328501605138,0.568100116346706
"2016-12-05",0.00188054972865325,-0.243756621678551
"2016-12-06",0.0016628393187841,0.761121627516151
"2016-12-07",0.00149393305926615,-0.462938379982323
"2016-12-08",0.00135576424449772,-0.269220841424295
"2016-12-09",0.00121806338980742,-0.213349735589956
"2016-12-12",0.00109270892420284,0.0456640250721776
"2016-12-13",0.000986182144597671,-0.300453669300875
"2016-12-14",0.00090495853525311,-1.55630246482347
"2016-12-15",0.000977753974624161,0.245021180456997
"2016-12-16",0.00100376525394158,-0.18472306363894
"2016-12-19",0.000946148742979724,-0.885827962890654
"2016-12-20",0.000914997512753581,-0.0155383518876103
"2016-12-21",0.000870790575719038,-0.015944339289226
"2016-12-22",0.000808048247937891,-0.811043347779707
"2016-12-23",0.000782228405846503,0.590315504481413
"2016-12-26",0.000769141311013249,0.461098538070879
"2016-12-27",0.000745776550436326,-0.017104999398522
"2016-12-28",0.000707715979311037,0.961514643139228
"2016-12-29",0.000707455823589688,0.236763592248979
"2017-01-02",0.000696446275868153,-0.53036447962379
"2017-01-03",0.000675171906642129,2.15300874328908
"2017-01-04",0.000843117957304965,0.00780407427635797
"2017-01-05",0.000920996829709445,0.534696914058421
"2017-01-06",0.000885563779459034,-0.184958444652925
"2017-01-09",0.000814216757904045,-0.738453689218063
"2017-01-10",0.000768246203097263,0.35947926201283
"2017-01-11",0.000727805193410103,0.436929512720262
"2017-01-12",0.000688110565661565,0.588445525686324
"2017-01-13",0.000661535161835244,-0.532905042731926
"2017-01-16",0.000642119081521625,0.184725359299328
"2017-01-17",0.000614923963621107,0.187969345864381
"2017-01-18",0.000584138917556105,-0.0691602247249132
"2017-01-19",0.000555342392612792,-0.0441669103619601
"2017-01-20",0.00053043743596326,0.638521080225318
"2017-01-23",0.000523310461935315,-0.017424059361089
"2017-01-24",0.000513684216558393,0.147749272039347
"2017-01-26",0.000498252808233023,-0.66523343443406
"2017-01-27",0.00049608642936212,-0.504251506264663
"2017-01-30",0.000497265936910957,-2.28701962614113
"2017-01-31",0.000652376365422864,0.480901078281563
"2017-02-01",0.000739083211103144,0.00833525508873532
"2017-02-02",0.000710957626948861,-0.317516643321594
"2017-02-03",0.000653438751549459,1.17361811802323
"2017-02-06",0.000655438315274136,-0.970927162979389
"2017-02-07",0.000680902914794457,-0.663209877592632
"2017-02-08",0.000680086591366422,1.0381687694047
"2017-02-09",0.000689198938745718,-0.117708334987804
"2017-02-10",0.000666375244435861,1.34951272846067
"2017-02-13",0.000694386954857635,0.105904266203005
"2017-02-14",0.000689768277115973,0.493058826252872
"2017-02-15",0.000652732143468253,0.0583212253805413
"2017-02-16",0.00060588032816563,0.0604694196162809
"2017-02-17",0.00056062762880064,-0.661464603340552
"2017-02-20",0.000538658556547323,0.857039626665776
"2017-02-21",0.000543004749296498,0.46554666139898
"2017-02-22",0.000539821017768457,-1.04633703940467
"2017-02-23",0.000555892885827617,-0.370295187065853
"2017-02-24",0.000554737458417724,-1.04013433826641
"2017-03-01",0.000567029442088348,0.93973578953137
"2017-03-02",0.000588947879891064,-1.09386285655846
"2017-03-03",0.000620038466526924,0.563400358924938
"2017-03-06",0.000621361088015548,-0.571177901580106
"2017-03-07",0.0005998223269281,0.22500388865819
"2017-03-08",0.00056474869822097,-1.77412857327059
"2017-03-09",0.000638282333746071,-0.127284254771843
"2017-03-10",0.00066799149911942,-0.501574242871818
"2017-03-13",0.000639171434070045,0.174461569043328
"2017-03-14",0.000592274417581142,-2.28387146823425
"2017-03-15",0.000740687629337678,1.62165731260133
"2017-03-16",0.000934840532705387,-1.14111801117218
"2017-03-17",0.00102924913864113,-1.2691563867932
"2017-03-20",0.00108388037641044,1.00583589231363
"2017-03-21",0.00109810433566759,-1.35476783447421
"2017-03-22",0.00114415630752562,1.47076249106218
"2017-03-23",0.00124886738135536,-0.180642347322283
"2017-03-24",0.00121353060658463,-0.184516263399091
"2017-03-27",0.00107575739237736,0.655873052634877
"2017-03-28",0.000961164181085319,0.426215157326841
"2017-03-29",0.000870772662816588,1.20104647894868
"2017-03-30",0.000863511306664353,0.00771137014279757
"2017-03-31",0.000831195239515672,0.103742537440918
"2017-04-03",0.000760813394373287,0.455806437425896
"2017-04-04",0.00069947921559994,0.469677530755667
"2017-04-05",0.000655616574574348,-0.734568804011626
"2017-04-06",0.00063574978575575,-0.100044885743853
"2017-04-07",0.00060820253697367,0.480850429638864
"2017-04-10",0.000580264011775516,0.681701770991849
"2017-04-11",0.000567557713367969,-0.727415179107956
"2017-04-12",0.000566106508873733,-0.0764546428701113
"2017-04-13",0.000548842332815374,-1.6842845691505
"2017-04-17",0.000618778022366748,0.57612323940146
"2017-04-18",0.000659378096547425,-0.485177296871386
"2017-04-19",0.000642141349464599,-1.41585171065604
"2017-04-20",0.000680068047557787,0.790155493689179
"2017-04-24",0.000706295147177507,0.412983655850178
"2017-04-25",0.000680829235682985,0.846272715117402
"2017-04-26",0.000658628078074168,-0.926166376563621
"2017-04-27",0.000657651856818836,-0.750544520009536
"2017-04-28",0.000653171426470354,0.686911853234218
"2017-05-02",0.000638341631309983,0.0655923434041996
"2017-05-03",0.000601611030439037,0.501672486565282
"2017-05-04",0.000565615397860479,-1.68713993811281
"2017-05-05",0.000632516914371249,1.75359630523229
"2017-05-08",0.000779928738624588,-0.320976935534642
"2017-05-09",0.000815359310151102,0.156854896125973
"2017-05-10",0.000754059702257914,1.49690284558608
"2017-05-11",0.000780672405753071,0.226122970045817
"2017-05-12",0.000774110532155382,1.50444683331808
"2017-05-15",0.000821116051452979,0.523592753346565
"2017-05-16",0.00082623206801514,0.0522295841160234
"2017-05-17",0.000762406479279894,-0.200001197182541
"2017-05-18",0.00068449518885958,-6.54604961965466
"2017-05-19",0.0024759514934509,0.710307523387675
"2017-05-22",0.0035505345867719,-0.269491040450466
"2017-05-23",0.00336788045543527,0.119251347344474
"2017-05-24",0.00280288078315364,0.624082736774882
"2017-05-25",0.0023329509154542,-0.294499583621873
"2017-05-26",0.00196350685033033,-0.093650044660885
"2017-05-29",0.00165437887763368,-0.192919911131608
"2017-05-30",0.00141186847703167,-0.409042419438423
"2017-05-31",0.00124070426892688,-0.856552045578411
