Date,Mean_Predicted,Median_Predicted,Std_Predicted,Returns_sq
2023-01-31,16.31731132,16.44589,0.7234728475325756,1.69340678979854
2023-02-01,16.31731132,16.445892,0.723472792547787,6.72481774520417
2023-02-02,16.31731132,16.445892,0.723472792547787,1.06553727409923
2023-02-03,16.317311400000005,16.445892,0.7234728639110569,0.0591136663429008
2023-02-04,16.317311360000005,16.44589,0.7234728252003709,0.201934557163312
2023-02-05,16.317311360000005,16.44589,0.7234728252003709,2.90076493346173
2023-02-06,16.317311360000005,16.44589,0.7234728252003709,0.556168881714269
2023-02-07,16.317311280000002,16.44589,0.7234727438340668,4.31783529022324
2023-02-08,16.31731132,16.44589,0.7234727215019191,1.44252117711908
2023-02-09,16.317311280000002,16.44589,0.7234726056302755,27.1875691565178
2023-02-10,16.317311360000005,16.44589,0.7234726995029414,0.621524998648147
2023-02-11,16.317311440000005,16.445894,0.7234729219951312,1.19165353670895
2023-02-12,16.31731132,16.445892,0.7234729683801666,0.13107937923395
2023-02-13,16.317311280000002,16.445892,0.7234728148800478,0.0019308911448379
2023-02-14,16.317311520000004,16.445892,0.7234727188554473,3.75191553009588
2023-02-15,16.317311360000005,16.44589,0.7234728252003709,83.5039417079441
2023-02-16,16.31731132,16.44589,0.7234727315047149,11.3645803705854
2023-02-17,16.3173112,16.445892,0.7234729477961377,19.1588170487556
2023-02-18,16.31731128,16.445892,0.7234726474610447,0.0634745299628484
2023-02-19,16.317311399999998,16.445892,0.7234727940157227,2.16997827403294
2023-02-20,16.317311319999998,16.445892,0.7234727779875177,5.39646157469883
2023-02-21,16.31731128,16.445894,0.7234728741294495,2.50438993142014
2023-02-22,16.31731136,16.445894,0.7234726053168193,1.23239232862725
2023-02-23,16.31731144,16.445892,0.7234728261136855,1.01167076356724
2023-02-24,16.317311520000004,16.445892,0.7234729354514652,10.2662750486981
2023-02-25,16.317311440000005,16.445892,0.7234729801159404,0.0148326184196197
2023-02-26,16.317311520000004,16.445892,0.7234729354514652,2.90075759006256
2023-02-27,16.317311280000002,16.445892,0.7234728148800478,0.0711809226885747
2023-02-28,16.3173114,16.445892,0.7234727105881394,2.25997144271263
2023-03-01,16.31731132,16.44589,0.7234728818752019,4.34427907895393
2023-03-02,16.317311560000004,16.445894,0.7234727342132,0.483013199629092
2023-03-03,16.317311560000004,16.445894,0.7234728371847651,23.5255079031802
2023-03-04,16.317311400000005,16.445892,0.723472714136419,0.0012085630408062
2023-03-05,16.31731136,16.445892,0.7234729981649783,0.139667139901713
2023-03-06,16.31731132,16.445892,0.7234729727074419,0.0081497673242809
2023-03-07,16.31731132,16.44589,0.7234726957776704,0.903810534691255
2023-03-08,16.317311200000002,16.44589,0.7234727807268679,5.03440167304507
2023-03-09,16.31731132,16.44589,0.7234726907409107,40.8087125076892
2023-03-10,16.317311200000002,16.44589,0.7234727807268679,1.09049817954785
2023-03-11,16.3173114,16.445894,0.7234727588169783,2.25735836368793
2023-03-12,16.3173114,16.445894,0.7234727007912942,52.7773804313797
2023-03-13,16.3173114,16.445892,0.7234729385374984,84.3824841753155
2023-03-14,16.3173112,16.445892,0.7234725535883627,5.21370071841358
2023-03-15,16.317311240000002,16.445894,0.7234730843513506,2.4707115047262
2023-03-16,16.317311319999998,16.445892,0.7234726772458719,8.37579801213635
2023-03-17,16.31731128,16.445892,0.7234726474610447,83.7924877689544
2023-03-18,16.31731128,16.445892,0.7234727214000838,3.22582213307261
2023-03-19,16.3173112,16.445892,0.7234729307005894,15.0780193491174
2023-03-20,16.3173112,16.445892,0.7234726743510541,0.84434187737613
2023-03-21,16.31731128,16.445892,0.7234726778396976,1.93708362712037
2023-03-22,16.317311359999998,16.445892,0.7234727097053534,9.53271955079603
2023-03-23,16.3173114,16.445894,0.7234728987995446,14.1454849739618
2023-03-24,16.31731136,16.445894,0.7234728154918165,9.10265373105671
2023-03-25,16.31731136,16.445894,0.7234728033250959,0.000953743191441
2023-03-26,16.317311200000002,16.445892,0.7234726916890734,3.32149300831184
2023-03-27,16.31731144,16.445892,0.7234728300349914,9.36990058740091
2023-03-28,16.31731128,16.445892,0.7234728358211706,0.250718842599388
2023-03-29,16.31731124,16.445892,0.7234728954486521,15.3021550568814
2023-03-30,16.317311440000005,16.445892,0.7234730174111584,1.28929808146071
2023-03-31,16.3173112,16.445892,0.7234728627111731,2.39165898450129
2023-04-01,16.317311440000005,16.445892,0.7234729801159404,0.0019695457375417
2023-04-02,16.317311280000006,16.445892,0.7234729131333298,0.984094043497997
2023-04-03,16.317311720000003,16.445894,0.7234726694297975,1.76569393694149
2023-04-04,16.317311680000003,16.445894,0.7234727516246277,1.70582900321512
2023-04-05,16.317311440000005,16.44589,0.7234729190729992,0.0002597811893996
2023-04-06,16.317311360000005,16.44589,0.7234726769937987,0.234866084756632
2023-04-07,16.317311440000005,16.44589,0.7234725508019224,0.207762175534738
2023-04-08,16.317311400000005,16.44589,0.7234726147567141,0.0131750440037186
2023-04-09,16.317311400000005,16.44589,0.7234728222564181,1.87680618768852
2023-04-10,16.317311400000005,16.445892,0.723472714136419,20.551737716349
2023-04-11,16.317311280000002,16.44589,0.7234727632807219,3.54221713055314
2023-04-12,16.317311280000002,16.445892,0.7234728148800478,1.08085703683794
2023-04-13,16.317311440000005,16.445892,0.7234728415788483,2.59928799456479
2023-04-14,16.317311520000004,16.445892,0.7234728082677053,0.093643432863577
2023-04-15,16.317311280000002,16.44589,0.7234727538368624,0.319923710711398
2023-04-16,16.31731132,16.44589,0.7234726993259502,0.0009954839477225
2023-04-17,16.317311480000004,16.44589,0.7234726670067386,8.57167882345276
2023-04-18,16.317311280000002,16.44589,0.7234727632807219,10.0876682631736
2023-04-19,16.317311360000005,16.44589,0.723472847709509,28.633349441286
2023-04-20,16.317311440000005,16.445892,0.7234728351577364,3.76594158037751
2023-04-21,16.31731132,16.445892,0.7234728597842444,12.4920192493518
2023-04-22,16.317311480000004,16.445892,0.7234730099007447,4.04707746782389
2023-04-23,16.3173112,16.445892,0.723472870656472,0.666969029890024
2023-04-24,16.317311360000005,16.445892,0.7234728894099901,0.0836224552646955
2023-04-25,16.31731132,16.445892,0.7234729683801666,8.01248838909493
2023-04-26,16.317311200000002,16.445892,0.7234728417700509,0.163027073221108
2023-04-27,16.317311280000002,16.445892,0.7234728148800478,13.3512816528201
2023-04-28,16.317311360000005,16.44589,0.7234728252003709,0.300307562159836
2023-04-29,16.31731132,16.445892,0.7234727747734486,0.0770495225764484
2023-04-30,16.31731132,16.44589,0.7234726957776704,8.91468816292384e-05
2023-05-01,16.31731132,16.44589,0.7234728818752019,16.5372284092305
2023-05-02,16.317311480000004,16.445892,0.723472840187817,4.49736686350634
2023-05-03,16.317311320000005,16.445892,0.723472890801072,1.52549562571275
2023-05-04,16.317311200000002,16.445892,0.7234728417700509,0.42223773038841
2023-05-05,16.317311720000003,16.445894,0.7234726776670356,5.23535797755378
2023-05-06,16.317311480000004,16.445894,0.7234727611032383,5.07727771239229
2023-05-07,16.317311520000004,16.445892,0.7234728066996897,2.13135363464506
2023-05-08,16.317311480000004,16.445892,0.7234728713636582,7.36763072198522
2023-05-09,16.317311400000005,16.44589,0.7234728549851863,0.0214780543456442
2023-05-10,16.317311480000004,16.44589,0.7234728757997265,0.0114285086388557
2023-05-11,16.317311280000002,16.44589,0.7234727538368624,5.33448957303405
2023-05-12,16.317311360000005,16.44589,0.723472847709509,0.417095320363163
2023-05-13,16.317311360000005,16.44589,0.7234728252003709,0.005425830297284
2023-05-14,16.317311400000005,16.44589,0.7234727806922547,0.281113839357485
2023-05-15,16.317311360000005,16.44589,0.7234726176422114,0.817758700540757
2023-05-16,16.317311240000002,16.44589,0.7234726279624245,0.224171696761486
2023-05-17,16.317311520000004,16.44589,0.7234728522327288,1.86549770541505
2023-05-18,16.31731132,16.445892,0.723472642772904,4.64494508818324
2023-05-19,16.317311400000005,16.445892,0.7234727774973637,0.048249897680203
2023-05-20,16.317311280000002,16.44589,0.7234725657253427,0.677527116377668
2023-05-21,16.317311200000002,16.44589,0.723472790170727,1.73499279395383
2023-05-22,16.317311360000005,16.445892,0.7234727737639175,0.143425298104854
2023-05-23,16.31731132,16.44589,0.7234726993259502,1.87663612456688
2023-05-24,16.317311400000005,16.44589,0.7234728179875983,11.0664647053667
2023-05-25,16.317311440000005,16.44589,0.7234727548916453,0.300722142756861
2023-05-26,16.317311440000005,16.445892,0.7234728625199703,0.762142396522625
2023-05-27,16.317311400000005,16.44589,0.7234726138978357,0.306869054978562
2023-05-28,16.317311360000005,16.44589,0.7234726769937987,19.4466962571748
2023-05-29,16.317311280000002,16.44589,0.7234727923385418,1.38712295769848
2023-05-30,16.317311280000002,16.445892,0.7234728148800478,0.0229644709786638
2023-05-31,16.317311520000004,16.445892,0.7234729129423297,3.10916025860882
2023-06-01,16.317311360000005,16.44589,0.7234726462327884,2.11025651008256
2023-06-02,16.317311280000002,16.44589,0.7234727538368624,2.46831243169318
2023-06-03,16.317311440000005,16.44589,0.7234729190729992,0.407588842721503
2023-06-04,16.317311400000005,16.44589,0.7234727806922547,0.0288162856674037
2023-06-05,16.317311440000005,16.44589,0.7234727708664461,27.5700168907711
2023-06-06,16.31731148,16.445894,0.7234729161982685,32.1881234302467
2023-06-07,16.317311800000002,16.445894,0.7234727633607457,11.0613484405221
2023-06-08,16.317311400000005,16.445894,0.723472796310211,0.363444970266176
2023-06-09,16.31731144,16.445894,0.7234727734824161,0.0061662551731571
2023-06-10,16.31731136,16.445894,0.723472679609769,5.92266170553942
2023-06-11,16.317311400000005,16.445894,0.723472981622615,0.10617590835815
2023-06-12,16.317311280000002,16.445892,0.7234729356426953,0.006172211004293
2023-06-13,16.317311280000002,16.445892,0.7234728148800478,0.0125698674910342
2023-06-14,16.317311400000005,16.44589,0.7234727655729342,9.95897848530142
2023-06-15,16.317311280000002,16.44589,0.7234727538368624,3.43239564186834
2023-06-16,16.31731132,16.44589,0.7234726957776704,8.26282975333007
2023-06-17,16.317311360000005,16.445892,0.7234727686473348,0.42343078805314
2023-06-18,16.3173114,16.445892,0.7234727105881394,0.448645739920446
2023-06-19,16.317311400000005,16.44589,0.7234728549851863,3.59777935466041
2023-06-20,16.317311520000004,16.445892,0.7234729338834498,28.1841287609514
2023-06-21,16.317311360000005,16.44589,0.7234728252003709,33.4657590732913
2023-06-22,16.317311520000004,16.445894,0.72347299492662,0.132473353485355
2023-06-23,16.317311400000005,16.445894,0.7234727220172733,7.04052425648884
2023-06-24,16.31731136,16.445894,0.7234726618353128,0.276925156406509
2023-06-25,16.31731148,16.445894,0.7234727919138881,0.045111738438793
2023-06-26,16.317311280000002,16.445892,0.7234729356426953,0.411003164024971
2023-06-27,16.317311280000002,16.445892,0.7234727971055948,1.93923776541963
2023-06-28,16.317311520000004,16.445892,0.7234729129423297,4.097376954115
2023-06-29,16.317311600000004,16.445892,0.7234728796311808,1.4940801312923
2023-06-30,16.317311480000004,16.445892,0.723472829031904,0.0065704069227279
2023-07-01,16.317311280000002,16.44589,0.7234727538368624,0.139195347792704
2023-07-02,16.31731132,16.44589,0.7234727215019191,0.0103484160268609
2023-07-03,16.317311400000005,16.44589,0.7234726138978357,3.04742388718877
2023-07-04,16.317311440000005,16.44589,0.723472864606031,1.58420022769868
2023-07-05,16.317311400000005,16.44589,0.7234728348212184,0.729723353281198
2023-07-06,16.31731132,16.44589,0.7234727634577153,4.07181959297471
2023-07-07,16.317311360000005,16.44589,0.7234728862111834,2.22494425336495
2023-07-08,16.31731152,16.445894,0.7234727969559466,0.039265397782387
2023-07-09,16.31731144,16.445894,0.7234727808799538,0.168119607778522
2023-07-10,16.31731132,16.44589,0.7234727634577153,0.686088201242919
2023-07-11,16.317311280000002,16.445892,0.7234727024004038,0.475940263628578
2023-07-12,16.317311400000005,16.44589,0.7234728179875983,0.630034829591439
2023-07-13,16.317311440000005,16.44589,0.7234727266550366,12.0749134275763
2023-07-14,16.317311440000005,16.44589,0.7234728791193603,13.6822086785393
2023-07-15,16.317311280000002,16.44589,0.7234727632807219,0.0055089872126271
2023-07-16,16.317311280000002,16.445892,0.7234727971055948,0.0361434405115998
2023-07-17,16.317311600000004,16.445892,0.7234728796311808,0.0969575838537467
2023-07-18,16.317311360000005,16.445892,0.7234727686473348,0.864189305620152
2023-07-19,16.317311240000002,16.44589,0.7234726501383957,0.0280831905733353
2023-07-20,16.31731132,16.44589,0.7234726993259502,0.133814484013759
2023-07-21,16.317311360000005,16.44589,0.7234726661466947,0.116118080547392
2023-07-22,16.317311440000005,16.44589,0.7234727717252667,0.130246851644683
2023-07-23,16.317311400000005,16.445892,0.7234727106679629,0.936661597857256
2023-07-24,16.317311480000004,16.44589,0.7234728710964288,9.37680434847928
2023-07-25,16.317311440000005,16.44589,0.7234728799781808,0.0322093818368218
2023-07-26,16.31731132,16.44589,0.7234727215019191,0.176487060785244
2023-07-27,16.31731132,16.44589,0.7234726993259502,0.194549993604659
2023-07-28,16.317311360000005,16.44589,0.7234728571533672,0.0974345857324057
2023-07-29,16.317311440000005,16.44589,0.7234727175962984,0.0174598014594929
2023-07-30,16.317311440000005,16.44589,0.7234727175962984,0.0599972551212763
2023-07-31,16.317311480000004,16.44589,0.7234730252407549,0.0278677384609701
2023-08-01,16.317311440000005,16.445892,0.7234728225663283,2.58442827245026
2023-08-02,16.317311440000005,16.44589,0.7234727223277599,3.11848195793914
2023-08-03,16.317311440000005,16.44589,0.7234728799781808,0.0006832601599067
2023-08-04,16.31731132,16.445892,0.7234726393044477,0.0746416641290385
2023-08-05,16.317311520000004,16.44589,0.7234729738507927,0.0207023569590139
2023-08-06,16.317311400000005,16.44589,0.7234727446599145,0.0031379438855993
2023-08-07,16.317311440000005,16.44589,0.7234727223277599,0.177009344599187
2023-08-08,16.317311400000005,16.44589,0.7234727854237157,3.59780411277175
2023-08-09,16.3173116,16.445894,0.7234729566691374,0.403168218397974
2023-08-10,16.31731144,16.445894,0.7234728039393904,0.18289247569688
2023-08-11,16.317311400000005,16.44589,0.7234727854237157,0.010190507541243
2023-08-12,16.317311440000005,16.44589,0.7234727223277599,0.0001979138728733
2023-08-13,16.317311400000005,16.44589,0.7234727854237157,0.185052525882811
2023-08-14,16.31731132,16.44589,0.723472812313734,0.187280931779372
2023-08-15,16.317311200000002,16.44589,0.7234727958462456,0.620542638704751
2023-08-16,16.317311280000002,16.44589,0.723472810578861,2.62734435282762
2023-08-17,16.317311400000005,16.44589,0.7234727854237157,58.0167396378002
2023-08-18,16.317311480000004,16.44589,0.723472858355223,4.67406959790735
2023-08-19,16.31731128,16.445892,0.7234727911209192,0.0311307276008507
2023-08-20,16.31731128,16.445892,0.7234726474610447,0.11844467555673
2023-08-21,16.3173112,16.445892,0.7234727968166804,0.0581328886148633
2023-08-22,16.31731132,16.445894,0.7234728599999284,0.073882439262785
2023-08-23,16.3173114,16.445894,0.723472814068999,2.0605364265155
2023-08-24,16.317311360000005,16.445892,0.7234730070059558,0.922553784354854
2023-08-25,16.317311480000004,16.445892,0.7234729577836755,0.211205955183853
2023-08-26,16.317311280000002,16.445892,0.7234727971055948,0.0268161436707094
2023-08-27,16.317311520000004,16.44589,0.7234728648207384,0.104894124366973
2023-08-28,16.317311360000005,16.445892,0.7234727811536796,0.0048745012777743
2023-08-29,16.317311400000005,16.44589,0.7234725731340823,35.1896046424785
2023-08-30,16.31731132,16.44589,0.7234726993259502,2.29092292759703
2023-08-31,16.31731132,16.445892,0.7234728597842444,26.0815389479883
2023-09-01,16.317311520000004,16.445892,0.7234729468048038,0.275209211954043
2023-09-02,16.31731132,16.445894,0.7234728599999284,0.0622425632728863
2023-09-03,16.31731152,16.445894,0.7234728409243683,0.153943360264226
2023-09-04,16.317311400000005,16.445892,0.7234730397434193,0.314284241863959
2023-09-05,16.31731136,16.445892,0.7234727702155808,0.0172729866628777
2023-09-06,16.317311520000004,16.445892,0.7234729129423297,0.0155571549933769
2023-09-07,16.317311280000002,16.44589,0.7234727538368624,3.62349759591468
2023-09-08,16.317311280000002,16.44589,0.7234727438340668,1.74455362030449
2023-09-09,16.317311280000002,16.44589,0.7234727438340668,0.0011776085874915
2023-09-10,16.317311600000004,16.445894,0.7234728569667743,0.0537843566783342
2023-09-11,16.3173114,16.445894,0.7234728448347827,7.09178080371382
2023-09-12,16.317311360000005,16.44589,0.7234728571533672,7.06069221753558
2023-09-13,16.31731132,16.44589,0.7234726993259502,2.15244232714972
2023-09-14,16.317311440000005,16.44589,0.7234728865091212,1.30036348319534
2023-09-15,16.317311360000005,16.44589,0.7234728377067148,0.0846294770706544
2023-09-16,16.317311360000005,16.44589,0.7234726769937987,0.0230224770852304
2023-09-17,16.31731132,16.44589,0.7234726993259502,0.0146795541536354
2023-09-18,16.317311360000005,16.44589,0.7234728445885673,0.777874580572483
2023-09-19,16.317311360000005,16.445892,0.7234727780911939,2.75297134892021
2023-09-20,16.317311360000005,16.44589,0.7234728403197478,0.0984890303533004
2023-09-21,16.317311360000005,16.44589,0.7234726362299914,4.30368162887624
2023-09-22,16.317311520000004,16.44589,0.7234728487642734,0.0020595729239388
2023-09-23,16.317311440000005,16.44589,0.7234727708664461,0.0002473468233463
2023-09-24,16.317311400000005,16.445892,0.7234729190849739,1.53828825341463
2023-09-25,16.317311480000004,16.44589,0.7234728710964288,0.0461192525016276
2023-09-26,16.317311560000004,16.445892,0.7234728859068758,0.100213022491753
2023-09-27,16.317311400000005,16.44589,0.7234728071620361,0.331109582244834
2023-09-28,16.317311480000004,16.445892,0.7234728002341737,5.89926093920099
2023-09-29,16.31731124,16.44589,0.7234727409504497,0.180097143794688
2023-09-30,16.317311280000002,16.445892,0.7234727067276807,0.0426111908245406
2023-10-01,16.317311240000002,16.44589,0.7234728329110037,14.0549116188655
2023-10-02,16.317311400000005,16.44589,0.7234727854237157,3.22301930566272
2023-10-03,16.317311440000005,16.445892,0.7234728625199703,0.0614101696069136
2023-10-04,16.317311440000005,16.445892,0.7234728625199703,1.62731335367788
2023-10-05,16.31731132,16.44589,0.7234726807381142,1.78028217615422
2023-10-06,16.31731132,16.44589,0.7234725017705536,3.54127162912746
2023-10-07,16.31731132,16.44589,0.7234726993259502,0.0083796856224434
2023-10-08,16.317311440000005,16.44589,0.7234725508019224,0.0201128634515006
2023-10-09,16.317311400000005,16.44589,0.7234729159959963,1.38765470668311
2023-10-10,16.317311280000002,16.44589,0.7234727589534453,0.529310551308174
2023-10-11,16.31731132,16.44589,0.7234726993259502,3.59729234770668
2023-10-12,16.31731156,16.445894,0.723472815675549,0.18674727343094
2023-10-13,16.317311559999997,16.445894,0.7234729579431474,0.145789561578524
2023-10-14,16.317311440000005,16.44589,0.7234727548916453,0.001256467170544
2023-10-15,16.317311360000005,16.44589,0.7234728086146868,1.2480704915094
2023-10-16,16.317311360000005,16.44589,0.7234728077558662,23.4271160192924
2023-10-17,16.317311480000004,16.445892,0.7234728002341737,0.135890628533495
2023-10-18,16.317311280000002,16.445892,0.7234728148800478,0.0716553602016708
2023-10-19,16.31731132,16.445892,0.7234727552526147,1.90617791714119
2023-10-20,16.317311400000005,16.44589,0.7234728549851863,10.7121158287653
2023-10-21,16.317311280000002,16.44589,0.7234727538368624,0.653204701835663
2023-10-22,16.317311520000004,16.445892,0.7234728066996897,0.0761666630213736
2023-10-23,16.317311400000005,16.44589,0.7234727806922547,95.4142300864303
2023-10-24,16.317311400000005,16.445892,0.723472714136419,6.48164070659598
2023-10-25,16.31731132,16.445894,0.7234729644926684,2.80881964922452
2023-10-26,16.317311319999998,16.445892,0.7234729946798126,1.00673747349367
2023-10-27,16.31731128,16.445892,0.7234729208013775,0.582414020071577
2023-10-28,16.317311319999998,16.445892,0.7234725771463697,0.309186687907877
2023-10-29,16.31731144,16.445894,0.7234729307693594,1.68206195736933
2023-10-30,16.31731132,16.445892,0.7234727185442515,0.0219894940012476
2023-10-31,16.317311400000005,16.445892,0.7234730219689718,0.228087629255247
2023-11-01,16.31731132,16.445892,0.7234729727074419,4.97939599651311
2023-11-02,16.317311200000002,16.445892,0.7234728417700509,1.86027611805127
2023-11-03,16.317311520000004,16.445892,0.7234729129423297,0.416627221740563
2023-11-04,16.317311400000005,16.445892,0.7234728559219297,0.979461719723867
2023-11-05,16.317311280000002,16.44589,0.7234727538368624,0.0205201879058406
2023-11-06,16.317311360000005,16.44589,0.7234726769937987,0.009537863672561
2023-11-07,16.31731132,16.44589,0.7234726993259502,1.00458699556988
2023-11-08,16.317311360000005,16.44589,0.7234728862111834,0.403582944462439
2023-11-09,16.317311280000002,16.44589,0.7234727632807219,8.86054999086095
2023-11-10,16.317311440000005,16.445892,0.7234728967528246,2.63431419888637
2023-11-11,16.317311280000002,16.44589,0.7234727438340668,0.212683048211395
2023-11-12,16.317311240000002,16.44589,0.7234726279624245,0.0315280022677367
2023-11-13,16.31731156,16.445894,0.7234726996473378,2.6743786144865
2023-11-14,16.3173114,16.445894,0.7234728678942173,6.41228924860287
2023-11-15,16.317311360000005,16.44589,0.7234726769937987,39.5313627960938
2023-11-16,16.317311440000005,16.44589,0.7234725508019224,20.9736536215735
2023-11-17,16.317311080000003,16.445892,0.7234726609475829,1.53212323563609
2023-11-18,16.31731148,16.445894,0.7234727289742922,0.0156805571175342
2023-11-19,16.317311280000002,16.445894,0.7234727064997866,4.5884169193666
2023-11-20,16.31731144,16.445892,0.7234728640882161,0.0565139664574009
2023-11-21,16.317311240000002,16.445892,0.7234729952701687,21.769183159163
2023-11-22,16.31731132,16.445892,0.7234727517841013,20.7726281849564
2023-11-23,16.3173114,16.445892,0.7234729385374984,0.0932514799762989
2023-11-24,16.31731136,16.445894,0.723472679609769,1.24992689659832
2023-11-25,16.3173114,16.445892,0.7234728002501774,0.0315993118929255
2023-11-26,16.317311240000002,16.445892,0.7234729952701687,0.784909775379632
2023-11-27,16.317311200000002,16.445892,0.7234728417700509,0.300537527288859
2023-11-28,16.317311440000005,16.44589,0.7234728981318788,2.35691025746916
2023-11-29,16.317311280000002,16.44589,0.7234727538368624,0.008937379086166
2023-11-30,16.317311360000005,16.44589,0.7234728252003709,0.119586298273345
2023-12-01,16.317311480000004,16.44589,0.7234726670067386,6.29627637600146
2023-12-02,16.31731132,16.44589,0.7234726993259502,3.86322988683294
2023-12-03,16.317311400000005,16.44589,0.7234727931985994,1.727330417279
2023-12-04,16.317311360000005,16.44589,0.723472479438396,24.2772777019989
2023-12-05,16.31731132,16.44589,0.7234726993259502,23.4226183109609
2023-12-06,16.317311400000005,16.445892,0.7234729846736964,0.500270860164737
2023-12-07,16.3173114,16.445894,0.7234728365783676,1.26551445661747
2023-12-08,16.31731136,16.445892,0.7234729087526865,4.21732206472923
2023-12-09,16.3173114,16.445892,0.723472886420424,1.0834670351974
2023-12-10,16.317311280000002,16.445892,0.7234728148800478,0.0301030995251844
2023-12-11,16.317311400000005,16.44589,0.7234727621044209,35.5940596816319
2023-12-12,16.317311360000005,16.44589,0.7234728252003709,0.333679903896858
2023-12-13,16.317311240000002,16.445894,0.723472691834338,10.653445901274
2023-12-14,16.3173114,16.445892,0.7234727141636024,0.127306408157005
2023-12-15,16.317311680000003,16.445894,0.7234729491797258,6.4874523125955
2023-12-16,16.317311720000006,16.445894,0.7234730036800797,0.643266117705402
2023-12-17,16.31731136,16.445892,0.7234729087526865,4.66525066334898
2023-12-18,16.317311200000002,16.445892,0.7234728417700509,9.32799513679621
2023-12-19,16.317311280000002,16.445892,0.7234728148800478,0.808349980020635
2023-12-20,16.31731132,16.445892,0.723472792547787,10.5089771946731
2023-12-21,16.317311400000005,16.44589,0.7234727621044209,0.194209136412395
2023-12-22,16.317311280000002,16.445892,0.7234727971055948,0.0596320804049948
2023-12-23,16.317311600000004,16.445892,0.7234728796311808,0.370664360252091
2023-12-24,16.317311440000005,16.445892,0.7234728625199703,2.68799535602383
2023-12-25,16.317311240000002,16.44589,0.723472803461556,1.82441794596735
2023-12-26,16.317311280000002,16.44589,0.7234727438340668,6.14809474092794
2023-12-27,16.317311360000005,16.44589,0.7234726769937987,4.58379334711242
2023-12-28,16.31731132,16.44589,0.7234727093287464,4.04845780091449
2023-12-29,16.317311240000002,16.44589,0.7234726279624245,1.37846155429963
2023-12-30,16.317311400000005,16.44589,0.7234727621044209,0.0303336602357778
2023-12-31,16.317311360000005,16.44589,0.7234726769937987,0.11524518685894
2024-01-01,16.317311240000002,16.44589,0.7234726279624245,19.2397867496554
2024-01-02,16.317311360000005,16.44589,0.7234728571533672,2.96528509213944
2024-01-03,16.317311240000002,16.445892,0.7234727786741115,22.932313527711
2024-01-04,16.317311600000004,16.445892,0.7234728796311808,9.01411843714636
2024-01-05,16.317311520000004,16.445894,0.72347299492662,0.0001840897095609
2024-01-06,16.317311520000004,16.445892,0.7234729354514652,0.161024638820147
2024-01-07,16.3173114,16.445892,0.72347292804298,0.0079963848036055
2024-01-08,16.31731132,16.44589,0.7234726957776704,44.2626845841982
2024-01-09,16.317311400000005,16.44589,0.7234728549851863,3.26724076763883
2024-01-10,16.31731116,16.445894,0.7234728586472494,1.37560244769303
2024-01-11,16.3173114,16.445894,0.723472635101644,0.458472837324121
2024-01-12,16.31731144,16.445892,0.7234728300349914,63.7648172031319
2024-01-13,16.31731136,16.445892,0.7234729087526865,0.0232324551302028
2024-01-14,16.31731128,16.445892,0.7234728733116925,6.96016715040943
2024-01-15,16.31731124,16.445892,0.723472648054868,3.41828732284945
2024-01-16,16.31731128,16.445894,0.7234730547680821,2.14268169934937
2024-01-17,16.317311599999996,16.445894,0.7234730173941645,0.709567796265187
2024-01-18,16.31731132,16.445892,0.7234727992583018,11.8689878682008
2024-01-19,16.31731128,16.445894,0.723472954767518,0.638403219836219
2024-01-20,16.3173114,16.445892,0.7234728456567436,0.0078855897219831
2024-01-21,16.317311440000005,16.445892,0.7234729801159404,0.0772251508399152
2024-01-22,16.317311200000002,16.445892,0.7234728417700509,24.6075550073938
2024-01-23,16.317311520000004,16.445892,0.7234728066996897,0.688062862971015
2024-01-24,16.31731144,16.445894,0.7234728781568155,0.219308087671298
2024-01-25,16.31731136,16.445892,0.7234729087526865,0.0956649537937202
2024-01-26,16.317311280000002,16.445892,0.7234728148800478,20.75020319101
2024-01-27,16.317311440000005,16.44589,0.7234728981318788,0.501125639016978
2024-01-28,16.317311440000005,16.445892,0.7234729801159404,0.045316857210904
2024-01-29,16.317311200000002,16.445892,0.7234728417700509,8.88404786039256
2024-01-30,16.317311440000005,16.445892,0.7234728400108327,0.703179428781653
2024-01-31,16.31731136,16.445892,0.7234727702155808,0.713137991404185
2024-02-01,16.317311440000005,16.44589,0.7234727918892365,1.37884794280676
2024-02-02,16.317311520000004,16.445892,0.7234729338834498,0.0736254045608594
2024-02-03,16.31731132,16.44589,0.7234727215019191,0.192063573679184
2024-02-04,16.31731132,16.44589,0.7234726993259502,1.00113929462266
2024-02-05,16.317311400000005,16.44589,0.7234728348212184,0.0870457684772809
2024-02-06,16.317311440000005,16.44589,0.7234727808692413,0.827370033434028
2024-02-07,16.317311240000002,16.445892,0.723472766355173,8.18249153543237
2024-02-08,16.317311520000004,16.44589,0.7234729738507927,4.39018137791129
2024-02-09,16.31731132,16.44589,0.7234727409485746,15.9297282034884
2024-02-10,16.317311240000002,16.44589,0.7234726279624245,1.69869022321021
2024-02-11,16.317311400000005,16.445892,0.7234727576684096,1.30632549670223
2024-02-12,16.31731132,16.44589,0.7234727093287464,10.8475911235113
2024-02-13,16.31731132,16.44589,0.7234727093287464,0.190999721827064
2024-02-14,16.317311480000004,16.445892,0.7234727769148793,17.0570801537182
2024-02-15,16.317311400000005,16.445892,0.7234726955485835,0.0267799404435108
2024-02-16,16.317311400000005,16.445892,0.7234728639110569,0.220359472400016
2024-02-17,16.317311720000003,16.445894,0.7234726776670356,0.861168743864739
2024-02-18,16.317311640000003,16.445894,0.723472815579473,0.910122161834723
2024-02-19,16.317311400000005,16.44589,0.7234727806922547,0.487975976764817
2024-02-20,16.317311440000005,16.44589,0.7234725508019224,0.866107194693131
2024-02-21,16.317311160000003,16.44589,0.7234727433071615,0.618662558418671
2024-02-22,16.317311360000005,16.44589,0.7234728571533672,1.18334673902747
2024-02-23,16.317311360000005,16.445892,0.7234728006003335,1.13820207185453
2024-02-24,16.31731132,16.44589,0.7234727626868961,2.59507965649915
2024-02-25,16.31731132,16.445892,0.7234726393044477,0.0967248364649418
2024-02-26,16.317311240000002,16.44589,0.7234726244939681,26.7839499036192
2024-02-27,16.317311440000005,16.44589,0.7234728799781808,21.1023330383804
2024-02-28,16.317311280000002,16.445892,0.7234729356426953,81.6735596513033
2024-02-29,16.317311480000004,16.445894,0.723472951779938,4.43556911712183
2024-03-01,16.31731124,16.445894,0.7234727709303852,4.14227146120384
2024-03-02,16.317311359999998,16.445892,0.7234727946095529,0.415012142871513
2024-03-03,16.317311319999998,16.445892,0.7234727102991814,3.24465897507495
2024-03-04,16.31731128,16.445894,0.7234728741294495,61.1092963946528
2024-03-05,16.31731132,16.445894,0.7234726619916675,46.9953578838377
2024-03-06,16.317311359999998,16.445892,0.7234727946095529,13.1149122727783
2024-03-07,16.3173112,16.445892,0.723472761946905,1.27101841474367
2024-03-08,16.317311319999998,16.445892,0.7234727648247328,3.71814278494988
2024-03-09,16.3173112,16.445892,0.723472775370642,0.0768218007693127
2024-03-10,16.31731136,16.445894,0.7234727851131695,0.876628138495108
2024-03-11,16.31731136,16.445894,0.7234727929824473,19.6101717395668
2024-03-12,16.31731144,16.445892,0.7234728300349914,0.761119764223914
2024-03-13,16.31731136,16.445894,0.7234728418574694,5.02873080831843
2024-03-14,16.31731136,16.445892,0.7234729087526865,5.43258759236307
2024-03-15,16.317311240000002,16.445892,0.7234729952701687,7.19224491616376
2024-03-16,16.317311440000005,16.445892,0.7234729801159404,38.8414514573293
2024-03-17,16.317311240000002,16.445892,0.7234729952701687,21.4145100137783
2024-03-18,16.317311319999998,16.445894,0.7234728478332662,1.32750613657036
2024-03-19,16.3173112,16.445892,0.7234727968166804,76.7928954341939
2024-03-20,16.317311800000002,16.445894,0.7234727633607457,82.8742795554965
2024-03-21,16.317311500000002,16.445894,0.7234728373991489,12.3130651237845
2024-03-22,16.317311280000002,16.445894,0.7234728794273333,6.95324550158978
2024-03-23,16.317311240000002,16.445892,0.7234730651597817,0.091594179952204
2024-03-24,16.31731116,16.445892,0.7234729115902035,24.1031114709566
2024-03-25,16.31731128,16.445892,0.7234726474610447,15.1770481821205
2024-03-26,16.31731124,16.445892,0.723472648054868,0.0238446226767664
2024-03-27,16.31731124,16.445892,0.723472648054868,0.551891201736543
2024-03-28,16.31731128,16.445894,0.7234728741294495,3.49319505121912
2024-03-29,16.31731148,16.445894,0.723472772154564,1.74957108968591
2024-03-30,16.317311359999998,16.445894,0.7234728506318716,0.148172371301019
2024-03-31,16.31731144,16.445894,0.7234729235633768,5.81167861982075
2024-04-01,16.317311200000002,16.445892,0.7234728417700509,5.35278879495137
2024-04-02,16.317311280000002,16.445892,0.7234728148800478,38.4147183906862
2024-04-03,16.31731132,16.445892,0.723472792547787,0.577296510016605
2024-04-04,16.317311439999997,16.445894,0.7234727245160477,14.1054760162651
2024-04-05,16.31731148,16.445894,0.723472772154564,0.958284895630437
2024-04-06,16.31731132,16.445894,0.7234726619916675,2.47490874114059
2024-04-07,16.31731144,16.445894,0.7234727734824161,0.451292951549546
2024-04-08,16.317311280000002,16.445892,0.7234729356426953,10.2774160533559
2024-04-09,16.317311360000005,16.445892,0.7234728862433201,12.3581450102749
2024-04-10,16.317311280000006,16.445892,0.7234729131333298,4.51565181032852
2024-04-11,16.317311280000002,16.445892,0.7234729356426953,0.789616387733944
2024-04-12,16.31731132,16.445892,0.7234729727074419,17.7696179939411
2024-04-13,16.317311480000004,16.445892,0.7234727784828949,23.7435536525125
2024-04-14,16.31731124,16.445892,0.723472892495996,7.19048457227674
2024-04-15,16.31731144,16.445894,0.723472839172054,12.0678585115663
2024-04-16,16.317311319999998,16.445892,0.723472780670526,0.344624008377663
2024-04-17,16.317311319999998,16.445894,0.7234727241179469,16.1917496506973
2024-04-18,16.3173114,16.445892,0.7234729237157046,12.3608545612859
2024-04-19,16.31731132,16.445892,0.7234727992583018,0.298861773358851
2024-04-20,16.317311439999997,16.445892,0.7234726677539424,3.04063373067943
2024-04-21,16.317311720000003,16.445894,0.7234728080254942,7.43600801360152e-07
2024-04-22,16.317311680000003,16.445894,0.7234727416218322,8.12864867642631
2024-04-23,16.317311400000005,16.44589,0.7234727671409499,0.370197122492826
2024-04-24,16.31731136,16.445892,0.7234727702155808,10.5691029847039
2024-04-25,16.317311440000005,16.445892,0.7234728415788483,0.10509048457193
2024-04-26,16.317311440000005,16.445892,0.7234728415788483,1.2896940849227
2024-04-27,16.317311600000004,16.445892,0.7234728796311808,0.234452614548636
2024-04-28,16.317311280000002,16.44589,0.7234727538368624,0.294325047268864
2024-04-29,16.31731132,16.44589,0.7234727215019191,1.38564097436468
2024-04-30,16.317311440000005,16.44589,0.7234725508019224,26.3218576276869
2024-05-01,16.31731132,16.44589,0.7234727409485746,15.0283574874087
2024-05-02,16.31731144,16.445894,0.7234729235633768,1.40382773176277
2024-05-03,16.3173114,16.445892,0.7234728578234637,39.3077694476758
2024-05-04,16.317311400000005,16.445892,0.7234730397434193,2.53913731116339
2024-05-05,16.317311359999998,16.445894,0.723472784737378,0.0351855736030794
2024-05-06,16.31731136,16.445894,0.7234727929824473,1.77348015899864
2024-05-07,16.317311320000005,16.445892,0.7234730666334278,1.84906985388913
2024-05-08,16.317311280000002,16.445892,0.7234729356426953,3.28407367318253
2024-05-09,16.317311280000002,16.445892,0.7234728148800478,9.16606182412117
2024-05-10,16.317311280000002,16.445892,0.7234728148800478,13.4829776164426
2024-05-11,16.31731132,16.445892,0.723472792547787,0.0018279065761101
2024-05-12,16.31731132,16.445892,0.7234729133104383,1.15770089198129
2024-05-13,16.317311280000002,16.445892,0.7234728148800478,5.47857078410544
2024-05-14,16.317311520000004,16.445892,0.7234729129423297,4.7903118291897
2024-05-15,16.317311520000004,16.44589,0.7234728648207384,52.5367855911416
2024-05-16,16.317311480000004,16.445892,0.723472829031904,2.18427459923432
2024-05-17,16.31731128,16.445892,0.7234727365953697,7.31778802536255
2024-05-18,16.31731136,16.445894,0.7234726947291489,0.0263938395244468
2024-05-19,16.3173114,16.445894,0.7234727333549503,0.927047733695223
2024-05-20,16.317311440000005,16.445892,0.7234729766474856,56.4794081436124
2024-05-21,16.317311440000005,16.445892,0.7234729801159404,3.36298922919557
2024-05-22,16.31731116,16.445892,0.7234725541821816,1.98634250966099
2024-05-23,16.317311359999998,16.445894,0.7234730278780777,3.04750141012247
2024-05-24,16.317311720000003,16.445894,0.7234727902508107,0.722836318626752
2024-05-25,16.31731132,16.445892,0.7234727992583018,1.15467097781772
2024-05-26,16.3173112,16.445892,0.7234728627111731,1.29120316549403
2024-05-27,16.31731132,16.445892,0.7234727517841013,1.81331753850847
2024-05-28,16.31731136,16.445892,0.7234727702155808,2.26875032203015
2024-05-29,16.317311400000005,16.44589,0.7234728549851863,1.20256665256999
2024-05-30,16.317311360000005,16.44589,0.7234728252003709,1.05887900858484
2024-05-31,16.317311400000005,16.44589,0.7234727621044209,1.42877747163239
2024-06-01,16.317311400000005,16.44589,0.723472595310055,0.112424366983572
2024-06-02,16.317311360000005,16.44589,0.7234726769937987,3.2411033690987e-06
2024-06-03,16.317311400000005,16.44589,0.7234729159959963,2.33860424024338
2024-06-04,16.317311280000002,16.445892,0.7234727067276807,6.15123007338347
2024-06-05,16.317311400000005,16.44589,0.7234727931985994,0.648112690917795
2024-06-06,16.317311280000002,16.44589,0.7234727632807219,0.189583982897627
2024-06-07,16.317311480000004,16.445892,0.723472808009057,4.24311816108583
2024-06-08,16.317311480000004,16.445892,0.7234725879445446,0.0042387985759988
2024-06-09,16.317311440000005,16.44589,0.7234728342273858,0.236211762125858
2024-06-10,16.31731132,16.445892,0.7234728377186849,0.0241450680617516
2024-06-11,16.317311480000004,16.445892,0.7234728327980555,10.5822187642576
2024-06-12,16.317311400000005,16.44589,0.7234727446599145,1.96296648386097
2024-06-13,16.31731132,16.44589,0.7234726993259502,4.87678223506097
2024-06-14,16.31731132,16.44589,0.7234726993259502,1.20514767576914
2024-06-15,16.317311280000002,16.445892,0.7234726872810243,0.077622078950156
2024-06-16,16.317311280000002,16.44589,0.7234727438340668,0.455760967601834
2024-06-17,16.31731132,16.44589,0.7234726993259502,0.0671358075589052
2024-06-18,16.317311360000005,16.44589,0.7234728445885673,4.07482212553801
2024-06-19,16.317311360000005,16.445892,0.7234727780911939,0.0953565273114118
2024-06-20,16.317311440000005,16.44589,0.723472864606031,0.0258492878822404
2024-06-21,16.317311400000005,16.445892,0.7234727557590426,1.26819507438848
2024-06-22,16.317311360000005,16.44589,0.7234728403197478,0.0340378908843376
2024-06-23,16.317311440000005,16.44589,0.7234727548916453,2.72446639259283
2024-06-24,16.31731144,16.445894,0.7234728039393904,22.3177710760286
2024-06-25,16.31731152,16.445894,0.7234726846847849,6.14029690125282
2024-06-26,16.317311440000005,16.445892,0.7234729623414915,2.35391580939324
2024-06-27,16.317311400000005,16.445892,0.7234729846736964,1.88530889112708
2024-06-28,16.317311360000005,16.445892,0.7234728862433201,4.38435931449008
2024-06-29,16.317311440000005,16.445892,0.7234727353361977,0.847422202973646
2024-06-30,16.317311520000004,16.445892,0.7234728066996897,8.32541417215267
2024-07-01,16.317311280000002,16.44589,0.7234727538368624,0.0414827414688825
2024-07-02,16.317311360000005,16.44589,0.7234728252003709,1.49548522194224
2024-07-03,16.317311360000005,16.44589,0.7234728252003709,9.92384467227024
2024-07-04,16.317311360000005,16.44589,0.7234726769937987,29.0376732822361
2024-07-05,16.317311440000005,16.44589,0.7234727918892365,0.549190445551037
2024-07-06,16.317311319999998,16.445894,0.7234727241179469,7.7759582551152
2024-07-07,16.317311400000005,16.445892,0.7234730397434193,17.3002454791969
2024-07-08,16.317311240000002,16.445892,0.7234729952701687,2.31729719325321
2024-07-09,16.317311359999998,16.445892,0.7234729830456627,5.41617742500095
2024-07-10,16.317311240000002,16.445892,0.7234729952701687,0.313558339912615
2024-07-11,16.31731136,16.445892,0.7234729087526865,0.450044827618724
2024-07-12,16.31731136,16.445892,0.7234727702155808,0.908698750134839
2024-07-13,16.317311560000004,16.445892,0.7234729427271323,5.04466591999037
2024-07-14,16.317311440000005,16.445892,0.7234728625199703,7.05750676572327
2024-07-15,16.317311360000005,16.44589,0.723472847709509,39.1610936149095
2024-07-16,16.317311360000005,16.44589,0.7234728252003709,0.243006767061531
2024-07-17,16.317311200000002,16.445892,0.7234728706916611,2.19242135995858
2024-07-18,16.317311400000005,16.445892,0.7234728440884979,0.0244192919426181
2024-07-19,16.31731136,16.445892,0.7234729087526865,16.7369006575962
2024-07-20,16.317311280000002,16.445892,0.7234728148800478,0.514709091033762
2024-07-21,16.317311320000005,16.445892,0.7234730666334278,2.29729457483694
2024-07-22,16.317311280000002,16.445892,0.7234728148800478,0.87133204445509
2024-07-23,16.317311560000004,16.445892,0.723472853314891,5.72022000924695
2024-07-24,16.31731132,16.44589,0.7234727889944398,0.727525002985855
2024-07-25,16.317311560000004,16.445892,0.7234729019633975,0.417814837383733
2024-07-26,16.317311520000004,16.445894,0.7234727856032965,9.94432399678038
2024-07-27,16.317311600000004,16.445894,0.7234726702583522,0.0002863332567273
2024-07-28,16.31731132,16.44589,0.7234727315047149,0.269484429993825
2024-07-29,16.317311400000005,16.44589,0.7234727806922547,4.70968694620134
2024-07-30,16.317311440000005,16.44589,0.7234725508019224,0.805449713486334
2024-07-31,16.317311280000002,16.44589,0.7234725870424371,5.68890437084551
2024-08-01,16.317311440000005,16.44589,0.7234725508019224,1.24795702365158
2024-08-02,16.31731132,16.44589,0.7234726993259502,36.9772634788466
2024-08-03,16.317311480000004,16.44589,0.7234726670067386,1.71595226894119
2024-08-04,16.317311280000002,16.445892,0.7234728006811149,18.2291057201589
2024-08-05,16.31731112,16.445892,0.7234727992931798,54.5865450913286
2024-08-06,16.3173114,16.445894,0.7234727007912942,13.2585777511813
2024-08-07,16.31731124,16.445892,0.7234728034377124,2.55205783928867
2024-08-08,16.31731116,16.445892,0.7234725751233121,126.084491753197
2024-08-09,16.31731128,16.445894,0.7234728150957894,1.91612295430469
2024-08-10,16.31731112,16.445894,0.7234728853808965,0.0197322013924934
2024-08-11,16.31731108,16.445894,0.7234729832470661,13.6640816934227
2024-08-12,16.31731128,16.445892,0.7234727911209192,1.15375996093693
2024-08-13,16.31731128,16.445892,0.7234726474610447,4.27965136106069
2024-08-14,16.31731128,16.445892,0.7234728681799637,10.192759773204
2024-08-15,16.31731136,16.445892,0.7234728720443885,3.86434709081352
2024-08-16,16.31731128,16.445894,0.7234726943331216,5.24912928370136
2024-08-17,16.31731132,16.445894,0.7234726619916675,1.08825025452271
2024-08-18,16.317311360000005,16.445892,0.7234728894099901,3.26076178012857
2024-08-19,16.317311400000005,16.445892,0.7234730440706941,2.94399106555835
2024-08-20,16.317311200000002,16.445892,0.7234728417700509,0.514210853998073
2024-08-21,16.31731136,16.445892,0.7234727702155808,12.714325162889
2024-08-22,16.31731132,16.44589,0.7234726907409107,1.64851279283217
2024-08-23,16.317311280000002,16.445892,0.7234728148800478,34.6635561209179
2024-08-24,16.317311560000004,16.445892,0.723472849846378,0.0349155792546765
2024-08-25,16.31731136,16.445892,0.7234726895015273,0.0096300549423228
2024-08-26,16.3173114,16.445892,0.7234729237157046,4.76040851335138
2024-08-27,16.317311720000003,16.445894,0.7234728860838832,31.3035869144367
2024-08-28,16.317311680000003,16.445894,0.7234727416218322,0.411897650889013
2024-08-29,16.317311280000002,16.445894,0.7234727872490847,0.2997700882469
2024-08-30,16.31731144,16.445894,0.7234727734824161,0.157383315580548
2024-08-31,16.31731136,16.445892,0.7234729087526865,0.0645294610498218
2024-09-01,16.317311280000002,16.445892,0.7234728148800478,8.27334060838843
2024-09-02,16.317311600000004,16.445892,0.7234728796311808,9.88558337696942
2024-09-03,16.31731132,16.445892,0.7234727552526147,7.95403443180708
2024-09-04,16.317311200000002,16.445892,0.7234728417700509,0.700506523532127
2024-09-05,16.317311360000005,16.445892,0.7234728684688689,9.84725664879751
2024-09-06,16.317311480000004,16.445892,0.7234727784828949,16.2108912455338
2024-09-07,16.31731132,16.445892,0.723472792547787,0.133987972706216
2024-09-08,16.31731136,16.445892,0.7234729087526865,1.69190697994357
2024-09-09,16.31731136,16.445892,0.7234727702155808,15.071475892154
2024-09-10,16.317311400000005,16.445892,0.7234728639110569,1.07316347131583
2024-09-11,16.3173114,16.445892,0.723472886420424,0.268699037210852
2024-09-12,16.317311240000002,16.44589,0.7234727404421374,1.89288377636822
2024-09-13,16.317311240000002,16.44589,0.7234728105116942,15.9109364302173
2024-09-14,16.317311280000002,16.44589,0.7234727538368624,0.702565465351734
2024-09-15,16.317311320000005,16.445892,0.723472890801072,2.0898043960954
2024-09-16,16.317311440000005,16.445892,0.7234728400108327,2.44813875403817
2024-09-17,16.317311280000002,16.44589,0.7234727538368624,12.5587874861417
2024-09-18,16.317311280000002,16.44589,0.7234727538368624,5.61294769767727
2024-09-19,16.31731136,16.445892,0.7234727702155808,3.63020089092404
2024-09-20,16.317311400000005,16.44589,0.7234727621044209,0.160968265409429
2024-09-21,16.317311440000005,16.44589,0.7234727918892365,0.0546425669876111
2024-09-22,16.317311440000005,16.445892,0.7234728625199703,0.131113687323248
2024-09-23,16.317311360000005,16.44589,0.7234726769937987,0.141569260196745
2024-09-24,16.317311280000002,16.44589,0.7234726056302755,2.09163512274093
2024-09-25,16.317311400000005,16.44589,0.7234728222564181,3.03968497100778
2024-09-26,16.31731132,16.44589,0.7234726993259502,9.93244747743265
2024-09-27,16.317311440000005,16.44589,0.723472864606031,0.828570378073443
2024-09-28,16.3173116,16.445894,0.7234729336097055,0.0178987460548699
2024-09-29,16.31731144,16.445894,0.7234727808799538,0.1516770131742
2024-09-30,16.317311360000005,16.445892,0.7234727780911939,12.4504820100679
2024-10-01,16.31731132,16.44589,0.7234726993259502,16.5130440173946
2024-10-02,16.317311400000005,16.44589,0.7234727621044209,0.0664137388411636
2024-10-03,16.317311360000005,16.445892,0.723472923538543,0.029033650159291
2024-10-04,16.31731132,16.445892,0.7234727552526147,4.71273317771786
2024-10-05,16.317311400000005,16.44589,0.7234728142214467,0.0020348134502954
2024-10-06,16.31731132,16.44589,0.7234726907409107,1.48904174548251
2024-10-07,16.317311400000005,16.445892,0.723472714136419,0.90845375285801
2024-10-08,16.317311520000004,16.44589,0.7234726446745771,0.0104282595699693
2024-10-09,16.317311240000002,16.44589,0.7234726279624245,6.16552884842696
2024-10-10,16.317311440000005,16.445892,0.7234728719638283,0.262087973045109
2024-10-11,16.317311360000005,16.44589,0.7234726987321222,12.9864366958757
2024-10-12,16.317311240000002,16.44589,0.7234726279624245,1.12282887675952
2024-10-13,16.317311280000002,16.44589,0.7234727538368624,0.284440197700157
2024-10-14,16.317311360000005,16.44589,0.7234728252003709,24.8572924718339
2024-10-15,16.317311440000005,16.44589,0.7234725733110691,2.21178347560862
2024-10-16,16.31731132,16.445892,0.7234729133104383,0.656970293857718
2024-10-17,16.317311280000002,16.445892,0.7234728148800478,0.0861912154768245
2024-10-18,16.317311480000004,16.445892,0.7234727769148793,2.19454195175424
2024-10-19,16.317311280000002,16.44589,0.7234727538368624,0.0053430562796769
2024-10-20,16.317311360000005,16.44589,0.7234726462327884,0.906091693672204
2024-10-21,16.317311400000005,16.44589,0.7234725731340823,5.88493552556202
2024-10-22,16.317311280000002,16.44589,0.7234727632807219,0.0051777510990067
2024-10-23,16.31731132,16.44589,0.7234727215019191,1.27596741691065
2024-10-24,16.317311240000002,16.44589,0.7234726279624245,5.14587318448205
2024-10-25,16.317311360000005,16.44589,0.7234726370888698,4.94592222847069
2024-10-26,16.317311360000005,16.44589,0.7234726769937987,0.347654618280201
2024-10-27,16.317311360000005,16.44589,0.723472479438396,1.89079891909281
2024-10-28,16.31731132,16.44589,0.7234726993259502,7.91210667877009
2024-10-29,16.317311360000005,16.44589,0.7234726370888698,15.1219743357224
2024-10-30,16.31731148,16.445894,0.7234729161982685,0.29154315895143
2024-10-31,16.317311640000003,16.445894,0.7234727118370282,8.28553870484307
