Date,Prediction
2017-06-01,0.00045009188478045166
2017-06-02,0.0004491354747039825
2017-06-05,0.000449171447038427
2017-06-06,0.00043885073399335146
2017-06-07,0.00042009622564703227
2017-06-08,0.0004027966759929061
2017-06-09,0.0004161366204095632
2017-06-12,0.00039913369699545205
2017-06-13,0.00038096676588222385
2017-06-14,0.00036421733683139086
2017-06-16,0.00036168998929835856
2017-06-19,0.0003768558498302102
2017-06-20,0.0003935326357202232
2017-06-21,0.00037712281926698983
2017-06-22,0.0003509028000587225
2017-06-23,0.0003730982542799413
2017-06-26,0.0003646819212769717
2017-06-27,0.00036059711136087776
2017-06-28,0.00032188549528993667
2017-06-29,0.00032538776293560863
2017-06-30,0.0003236165911255032
2017-07-03,0.00031745854074299336
2017-07-04,0.0003128775105176121
2017-07-05,0.0003041357966901362
2017-07-06,0.0002948217560367286
2017-07-07,0.00030209314434953034
2017-07-10,0.0003039545671378821
2017-07-11,0.0003057828406633437
2017-07-12,0.0003015798691955954
2017-07-13,0.0003241358325646818
2017-07-14,0.00032948948217719794
2017-07-17,0.00031909368124954403
2017-07-18,0.00030715072069481016
2017-07-19,0.00030313471223391593
2017-07-20,0.00029852370506316424
2017-07-21,0.0002962180123028904
2017-07-24,0.0002960965620183945
2017-07-25,0.0002958033118227124
2017-07-26,0.0002892328310588002
2017-07-27,0.0002858982305803895
2017-07-28,0.0002891807060984522
2017-07-31,0.0002846671094482392
2017-08-01,0.0002798342728817463
2017-08-02,0.00027730244335882366
2017-08-03,0.00027619390756055713
2017-08-04,0.00029031505699433387
2017-08-07,0.0002926979040091485
2017-08-08,0.00028747749173246325
2017-08-09,0.0002859636850950867
2017-08-10,0.00028441498296499253
2017-08-11,0.00028009914684273303
2017-08-14,0.00029128188624210656
2017-08-15,0.0002902724489865452
2017-08-16,0.00029144664302632213
2017-08-17,0.00028694198125205935
2017-08-18,0.0002892679011745006
2017-08-21,0.00028668676976278425
2017-08-22,0.0002944551059806347
2017-08-23,0.00029691071257159114
2017-08-24,0.00028990446015425027
2017-08-25,0.00028566033587023616
2017-08-28,0.00028271150666452945
2017-08-29,0.0002767307277133316
2017-08-30,0.0002746753278949857
2017-08-31,0.0002725345665419102
2017-09-01,0.0002818774490913004
2017-09-04,0.00028010022368445993
2017-09-05,0.00028019935133099556
2017-09-06,0.00027470306384541095
2017-09-08,0.00027997012956231833
2017-09-11,0.0002859914792531729
2017-09-12,0.0002900884254665673
2017-09-13,0.00028505561648100615
2017-09-14,0.00028245038709767163
2017-09-15,0.00028180058587506414
2017-09-18,0.0002794094733723998
2017-09-19,0.00027453414521344007
2017-09-20,0.0002711175592446327
2017-09-21,0.00026766636882141233
2017-09-22,0.0002957672230729461
2017-09-25,0.0002916701895480603
2017-09-26,0.0002904466063079983
2017-09-27,0.0002864036768039316
2017-09-28,0.00029454634648911655
2017-09-29,0.000312810979161188
2017-10-02,0.000310773478198573
2017-10-03,0.00030622291968367994
2017-10-04,0.00030320875237859786
2017-10-05,0.00030761472306378186
2017-10-06,0.00030093318208284677
2017-10-09,0.00029445565895341337
2017-10-10,0.0002871218138204515
2017-10-11,0.00028527235270641745
2017-10-13,0.0002784087672659755
2017-10-16,0.0002753580746536702
2017-10-17,0.00027169503744855524
2017-10-18,0.00026990654885932804
2017-10-19,0.0002659366117620468
2017-10-20,0.0002625964815558493
2017-10-23,0.00026132478968404234
2017-10-24,0.00016185169523280114
2017-10-25,0.0001584996906637773
2017-10-26,0.00016939486966632307
2017-10-27,0.0001692366321401298
2017-10-30,0.00017240544264834375
2017-10-31,0.00018775660726871342
2017-11-01,0.000197099577129595
2017-11-03,0.00019002284978680313
2017-11-06,0.00018404323498882354
2017-11-07,0.00018708861615207047
2017-11-08,0.00022492732103612274
2017-11-09,0.00034481480259612203
2017-11-10,0.0003423639108256996
2017-11-13,0.0002972367918880284
2017-11-14,0.0002662525629454851
2017-11-16,0.0003768062277992815
2017-11-17,0.0006139321602711081
2017-11-21,0.0005614893278868496
2017-11-22,0.00048618351582601667
2017-11-23,0.00043692240149877966
2017-11-24,0.00034995814792975784
2017-11-27,0.0003041830904146284
2017-11-28,0.00028238519451744855
2017-11-29,0.0002495272900739312
2017-11-30,0.0002515772474759817
2017-12-01,0.0002945261484307796
2017-12-04,0.00030121254975140095
2017-12-05,0.00032687386272639037
2017-12-06,0.0003198438033757359
2017-12-07,0.0003561636666597426
2017-12-08,0.00039282657679334283
2017-12-11,0.00037612551830872894
2017-12-12,0.0003551911330612004
2017-12-13,0.0002982152335641533
2017-12-14,0.0002856594918591529
2017-12-15,0.0003434711078477651
2017-12-18,0.00033225973027922214
2017-12-19,0.0003122684837614745
2017-12-20,0.00027003737057723105
2017-12-21,0.00022736924882676453
2017-12-22,0.0002168647305404395
2017-12-26,0.0002534385247451812
2017-12-27,0.0002300032327945903
2017-12-28,0.0002205804311267659
2018-01-02,0.00020271633992135525
2018-01-03,0.000188269795111157
2018-01-04,0.00019819609304588289
2018-01-05,0.00019532203158061952
2018-01-08,0.0001949662081494555
2018-01-09,0.00019537476772140712
2018-01-10,0.0001942003117471561
2018-01-11,0.00018105760398950428
2018-01-12,0.0001838355063989386
2018-01-15,0.00019969504217781127
2018-01-16,0.0002051478921964392
2018-01-17,0.0002061800158878416
2018-01-18,0.0002670854854693264
2018-01-19,0.00027609670076683164
2018-01-22,0.00029857239577151835
2018-01-23,0.00028561755323946477
2018-01-24,0.00026756558225654066
2018-01-26,0.0003088815254920721
2018-01-29,0.00047143954442046583
2018-01-30,0.0004753440561068803
2018-01-31,0.0004164248356425762
2018-02-01,0.00037836945274077356
2018-02-02,0.0003454806982369721
2018-02-05,0.00035183656735509635
2018-02-06,0.0003628025414252281
2018-02-07,0.00042541515438981355
2018-02-08,0.0005779898609796166
2018-02-09,0.0005790116382592916
2018-02-14,0.000614130648394823
2018-02-15,0.000616063259152472
2018-02-16,0.0005172008067199587
2018-02-19,0.00045155502164900303
2018-02-20,0.00040226556019090117
2018-02-21,0.0003785174748224765
2018-02-22,0.00041081929237745703
2018-02-23,0.00041281089659944177
2018-02-26,0.0003752441379071772
2018-02-27,0.0003597143339754641
2018-02-28,0.0003152304970023781
2018-03-01,0.0002890673757826537
2018-03-02,0.00028224331334397197
2018-03-05,0.0003046124592253566
2018-03-06,0.0004004061455668509
2018-03-07,0.00041069120641961694
2018-03-08,0.00042180118624284864
2018-03-09,0.000419411645347029
2018-03-12,0.00042212479173369706
2018-03-13,0.00042010801269836724
2018-03-14,0.0003705126117745042
2018-03-15,0.000348085316439867
2018-03-16,0.0003423408896958083
2018-03-19,0.0003732204903678596
2018-03-20,0.0003797806974796206
2018-03-21,0.00035582905992098153
2018-03-22,0.0003192254924976826
2018-03-23,0.00035565079895943404
2018-03-26,0.000304656900774464
2018-03-27,0.00028774492683053017
2018-03-28,0.00026866431006394327
2018-03-29,0.00029200226425357163
2018-04-02,0.00027000131093129516
2018-04-03,0.000261883670540303
2018-04-04,0.00029407029513433576
2018-04-05,0.00029777247699141503
2018-04-06,0.0002709557419472933
2018-04-09,0.00024325465791091323
2018-04-10,0.00024392440980929882
2018-04-11,0.0002966460423374176
2018-04-12,0.00031269849285647274
2018-04-13,0.0002922984539361298
2018-04-16,0.0002625478781589866
2018-04-17,0.0002814412117765844
2018-04-18,0.00027198878240935505
2018-04-19,0.000258840195677951
2018-04-20,0.0002624672605486214
2018-04-23,0.00024128169469233603
2018-04-24,0.00022964222888160497
2018-04-25,0.00022039684416424484
2018-04-26,0.00022207788141142577
2018-04-27,0.0002225453762400523
2018-04-30,0.00023395230244543404
2018-05-02,0.0002164603473681584
2018-05-03,0.00020276584553696216
2018-05-04,0.0001997098851313442
2018-05-07,0.0002128361783286184
2018-05-08,0.00020768918046426029
2018-05-09,0.00022156991770654917
2018-05-10,0.000327422673657313
2018-05-11,0.0005210123607718944
2018-05-14,0.0005140237161719799
2018-05-15,0.0004903859343209862
2018-05-16,0.0004519733601079881
2018-05-17,0.0004535266897471249
2018-05-18,0.00040111496935762466
2018-05-21,0.000513737741933912
2018-05-22,0.0005002794904464483
2018-05-23,0.000518432946486175
2018-05-24,0.0006206128281371295
2018-05-25,0.0011005438981407881
2018-05-28,0.0011833617580884696
2018-05-29,0.001587175892276466
2018-05-30,0.0017712394591251016
2018-06-01,0.0017766174977475405
2018-06-04,0.0018438304658809305
2018-06-05,0.0017293365789407492
2018-06-06,0.0016246606945821643
2018-06-07,0.001524668198620677
2018-06-08,0.0013792964281344414
2018-06-11,0.0010737817618826032
2018-06-12,0.0010299341637471319
2018-06-13,0.0009091046057471632
2018-06-14,0.0007429832593367993
2018-06-15,0.0007069063839332759
2018-06-18,0.0006402820116670429
2018-06-19,0.0006594451377929747
2018-06-20,0.0006507721381092071
2018-06-21,0.0009853642085397244
2018-06-22,0.0008883541567081213
2018-06-25,0.0011919455254280568
2018-06-26,0.001490927895141542
2018-06-27,0.0012647776283153892
2018-06-28,0.0015152337845245004
2018-06-29,0.001293136051466465
2018-07-02,0.0014601675910705329
2018-07-03,0.0019022968016394973
2018-07-04,0.0021277498571032286
2018-07-05,0.0012810540037059785
2018-07-06,0.0012129499926993251
2018-07-10,0.0013743895223194361
2018-07-11,0.001200882380438745
2018-07-12,0.0007682810654693841
2018-07-13,0.0008001405048014223
2018-07-16,0.0007374832756647467
2018-07-17,0.0006636887091042101
2018-07-18,0.0006262041396291553
2018-07-19,0.0006147541688585281
2018-07-20,0.000613440538367033
2018-07-23,0.0007299443940462172
2018-07-24,0.000626201694907397
2018-07-25,0.0005985874567010998
2018-07-26,0.0005255882396192848
2018-07-27,0.0004277041997590661
2018-07-30,0.00039656048182561994
2018-07-31,0.00034809861689038575
2018-08-01,0.00030554290868505836
2018-08-02,0.00027700002545654774
2018-08-03,0.000279274140560776
2018-08-06,0.00036248420372769237
2018-08-07,0.00032967242885544897
2018-08-08,0.00030795759529039264
2018-08-09,0.000347461097484231
2018-08-10,0.00039663327050559223
2018-08-13,0.00040660299135535956
2018-08-14,0.0004104033986402303
2018-08-15,0.0004142154183534533
2018-08-16,0.00044035979670636356
2018-08-17,0.00046471280519083143
2018-08-20,0.00048820093514561654
2018-08-21,0.0004390003276818991
2018-08-22,0.00046368488700293005
2018-08-23,0.00048716402387410403
2018-08-24,0.0005210170755924284
2018-08-27,0.000474886194646135
2018-08-28,0.00040433580296278
2018-08-29,0.00034761491122819484
2018-08-30,0.0003263029619881511
2018-08-31,0.0003532773233780265
2018-09-03,0.00038029900759622455
2018-09-04,0.00034069431138388813
2018-09-05,0.00030066292391322554
2018-09-06,0.0002805196389851719
2018-09-10,0.00026658746072255075
2018-09-11,0.0002604296431706846
2018-09-12,0.00026637651615940035
2018-09-13,0.0002521386021578312
2018-09-14,0.0002537304652684927
2018-09-17,0.00024536096032872797
2018-09-18,0.00025020404144354165
2018-09-19,0.0003410751350054145
2018-09-20,0.00034688682070165873
2018-09-21,0.0003358345246703923
2018-09-24,0.0003399062960704416
2018-09-25,0.00028305280728429556
2018-09-26,0.0002667408088052273
2018-09-27,0.0002634649107528478
2018-09-28,0.00029505077407859266
2018-10-01,0.0003354107437951118
2018-10-02,0.0003472452925813943
2018-10-03,0.00044902327943757177
2018-10-04,0.0004953958676958084
2018-10-05,0.0006241132040338218
2018-10-08,0.0006101940642872452
2018-10-09,0.0007925838116386532
2018-10-10,0.0007097662427292764
2018-10-11,0.0006231161068023741
2018-10-15,0.0005961385439911484
2018-10-16,0.0006629485986956954
2018-10-17,0.0006676296587863564
2018-10-18,0.0005946482532487809
2018-10-19,0.0005171396304683387
2018-10-22,0.00048803591642692686
2018-10-23,0.0004950515693815052
2018-10-24,0.0004549448029899597
2018-10-25,0.00043616445044219494
2018-10-26,0.0005188657204450666
2018-10-29,0.0005984946154819428
2018-10-30,0.0006425220752896368
2018-10-31,0.0010223661200904847
2018-11-01,0.0009261375061066448
2018-11-05,0.000787979585660398
2018-11-06,0.0007317154203371703
2018-11-07,0.0006619548193009197
2018-11-08,0.0006212346023710072
2018-11-09,0.0006204234204085171
2018-11-12,0.0006668880349786579
2018-11-13,0.0006285461830736696
2018-11-14,0.0006236916059458255
2018-11-16,0.0006412588526324927
2018-11-19,0.0006263757940211892
2018-11-21,0.000566056475585103
2018-11-22,0.0005221165600994229
2018-11-23,0.00046352595098480583
2018-11-26,0.0004279631074348092
2018-11-27,0.00041669954669825733
2018-11-28,0.00045921672143206
2018-11-29,0.0005275980919429659
2018-11-30,0.00048379636144429446
2018-12-03,0.0004511751293500513
2018-12-04,0.0004090453557034582
2018-12-05,0.0003412171325942129
2018-12-06,0.00034340937862336636
2018-12-07,0.00033576115391381085
2018-12-10,0.00033795412753872574
2018-12-11,0.0004260749382262677
2018-12-12,0.0005863859086127579
2018-12-13,0.0005794786965304613
2018-12-14,0.000493441370857656
2018-12-17,0.0004200275406071544
2018-12-18,0.00034434850102454424
2018-12-19,0.00033730944859027863
2018-12-20,0.00031617200591765345
2018-12-21,0.00043253325282759965
2018-12-26,0.0004685117863880098
2018-12-27,0.00041028913700185717
2018-12-28,0.0005317288568073511
2019-01-02,0.00046987480607979
2019-01-03,0.0004796179245056212
2019-01-04,0.0006443633000196516
2019-01-07,0.0005500445375980436
2019-01-08,0.00047522414832539857
2019-01-09,0.00045654862777493895
2019-01-10,0.0004392177041915804
2019-01-11,0.0003902798752130568
2019-01-14,0.0003622732300607115
2019-01-15,0.0003365418059581518
2019-01-16,0.0003292093287052214
2019-01-17,0.00035754644785240293
2019-01-18,0.00032768725657999516
2019-01-21,0.00032645078034304083
2019-01-22,0.0003105551121586561
2019-01-23,0.00029389957206487656
2019-01-24,0.00029755585718132556
2019-01-28,0.0002747277147898078
2019-01-29,0.0002591548662928492
2019-01-30,0.00026913465706795455
2019-01-31,0.00023998436234589667
2019-02-01,0.0002126643202097714
2019-02-04,0.00018787357556331903
2019-02-05,0.00017292004202656448
2019-02-06,0.00015938297736622394
2019-02-07,0.0001468000235797465
2019-02-08,0.00015044859618112445
2019-02-11,0.00020782155923709274
2019-02-12,0.00020340288472991437
2019-02-13,0.00020336892055977136
2019-02-14,0.00020293783462304622
2019-02-15,0.00018566306688055397
2019-02-18,0.00020386470431160182
2019-02-19,0.0001767948678059131
2019-02-20,0.00016943835078902543
2019-02-21,0.00016184568529181183
2019-02-22,0.00016755320837885142
2019-02-25,0.0001704318391454965
2019-02-26,0.0001688675810180232
2019-02-27,0.00015911506205495447
2019-02-28,0.00015794964282006026
2019-03-01,0.00015622299987055362
2019-03-06,0.0002028743591688201
2019-03-07,0.00020029472660437227
2019-03-08,0.0001807217021302879
2019-03-11,0.00016955603212747723
2019-03-12,0.00016867796956259758
2019-03-13,0.0001784267923391983
2019-03-14,0.00019168232109561563
2019-03-15,0.00018345335855312646
2019-03-18,0.00016700740969438106
2019-03-19,0.00015398973199237139
2019-03-20,0.00015444348981302232
2019-03-21,0.00016193445197470487
2019-03-22,0.00016300688447128982
2019-03-25,0.00024708245190024376
2019-03-26,0.000289934582618773
2019-03-27,0.00027698870406650007
2019-03-28,0.00031147106791079045
2019-03-29,0.0002844700765160471
2019-04-01,0.00029696647551074625
2019-04-02,0.0002746462531683594
2019-04-03,0.00023428497377946973
2019-04-04,0.00021182669741731138
2019-04-05,0.00021952688701614738
2019-04-08,0.00024302207464981825
2019-04-09,0.0002329008538106084
2019-04-10,0.00020695049614343793
2019-04-11,0.00018318061200600118
2019-04-12,0.00018845285820472986
2019-04-15,0.00033030811472028494
2019-04-16,0.0004445942294148356
2019-04-17,0.00040920493200585247
2019-04-18,0.00048684725778341294
2019-04-22,0.0004664624983740598
2019-04-23,0.00038388614201150835
2019-04-24,0.00032542562701903284
2019-04-25,0.00026823549422599376
2019-04-26,0.00024030547945924104
2019-04-29,0.00022066228564992548
2019-04-30,0.0002142209822374955
2019-05-02,0.00018968587108585984
2019-05-03,0.00018631315914146603
2019-05-06,0.0001668556914262101
2019-05-07,0.00015216032341752202
2019-05-08,0.0001521426137366891
2019-05-09,0.0001492764394094795
2019-05-10,0.00019747664635699243
2019-05-13,0.00018980621542479843
2019-05-14,0.00020358277550596744
2019-05-15,0.00020217611462041736
2019-05-16,0.0001783855958671868
2019-05-17,0.00017866365386337042
2019-05-20,0.0002183563018513471
2019-05-21,0.0002288911754328385
2019-05-22,0.0002562298149166256
2019-05-23,0.00029535595684476197
2019-05-24,0.00025067913237191737
2019-05-27,0.00020248234512448311
2019-05-28,0.00017471569015808404
2019-05-29,0.00015581067135255784
2019-05-30,0.00015634225281585008
2019-05-31,0.0001496777521276474
2019-06-03,0.0001765552559697628
2019-06-04,0.00018927547797258944
2019-06-05,0.0001758429106155038
2019-06-06,0.00016505279644090683
2019-06-07,0.00016946744006756694
2019-06-10,0.00019063619846176357
2019-06-11,0.00017739123439580203
2019-06-12,0.00017173816457554699
2019-06-13,0.00022187102593645454
2019-06-14,0.0002020178770942241
2019-06-17,0.0001827886416174099
2019-06-18,0.00017163566088467837
2019-06-19,0.00016610024329904467
2019-06-21,0.00015057333519846201
2019-06-24,0.00015202845396172256
2019-06-25,0.0001464065688958019
2019-06-26,0.0001383307216053456
2019-06-27,0.00014742437350261957
2019-06-28,0.00014537316463585944
2019-07-01,0.00014305178491096944
2019-07-02,0.00014339371126309038
2019-07-03,0.0001609369036338851
2019-07-04,0.00015848154442548752
2019-07-05,0.00014451043978963048
2019-07-08,0.0001341312280453369
2019-07-10,0.00012930534729432315
2019-07-11,0.0001233409829035029
2019-07-12,0.0001193838369397074
2019-07-15,0.00011765886746045203
2019-07-16,0.00011355787581462414
2019-07-17,0.00011394682668080554
2019-07-18,0.00012243906974956394
2019-07-19,0.00012131781557738781
2019-07-22,0.00012009978389298544
2019-07-23,0.00011495488878037781
2019-07-24,0.00011314953452140093
2019-07-25,0.00011181839807588608
2019-07-26,0.0001153885649580136
2019-07-29,0.00014459783859249205
2019-07-30,0.0001510576374891773
2019-07-31,0.00015302930558729917
2019-08-01,0.00014510056360788644
2019-08-02,0.00015193874140433968
2019-08-05,0.0002910072624979168
2019-08-06,0.00031996860060073436
2019-08-07,0.0002845813404598832
2019-08-08,0.0002603211149869114
2019-08-09,0.00021077919235151262
2019-08-12,0.00018583879580885172
2019-08-13,0.0001867328218247369
2019-08-14,0.0001585914695931226
2019-08-15,0.00021211376304902137
2019-08-16,0.0002515866189093888
2019-08-19,0.0003043978184757382
2019-08-20,0.000322331249557212
2019-08-21,0.00029275011628098786
2019-08-22,0.00026307675296604634
2019-08-23,0.0004660280946006626
2019-08-26,0.0004273861530998349
2019-08-27,0.0004704467254520953
2019-08-28,0.00043742770220316947
2019-08-29,0.00039249910049304367
2019-08-30,0.00034757428228087724
2019-09-02,0.00031574377215631307
2019-09-03,0.00027433760704636574
2019-09-04,0.0002269881341669336
2019-09-05,0.00022911895656190813
2019-09-06,0.0002043318789980933
2019-09-09,0.00019200927352696658
2019-09-10,0.00019589496958699078
2019-09-11,0.00018452462689649314
2019-09-12,0.0001822651946747303
2019-09-13,0.00018138528401661665
2019-09-16,0.00017700963952276856
2019-09-17,0.00019883905486833305
2019-09-18,0.00019000998589374126
2019-09-19,0.000184261702892147
2019-09-20,0.0001700759284028411
2019-09-23,0.00017284352805629373
2019-09-24,0.00015848049668759108
2019-09-25,0.00016067603144958616
2019-09-26,0.0001517202152933553
2019-09-27,0.0001505848166595772
2019-09-30,0.00013964451216790826
2019-10-01,0.00013343900798983872
2019-10-02,0.0001250239555554092
2019-10-03,0.00012797210082110018
2019-10-04,0.0001314502850470692
2019-10-07,0.0001341110154350847
2019-10-08,0.00014786146938033402
2019-10-09,0.0001488736423959583
2019-10-10,0.0001378953865093738
2019-10-11,0.00013805489005219192
2019-10-14,0.0001310959604631737
2019-10-15,0.0001270348847208172
2019-10-16,0.00012421514555510134
2019-10-17,0.00012762349513988942
2019-10-18,0.00013032393770456315
2019-10-21,0.0001262779668502137
2019-10-22,0.0001235732751262933
2019-10-23,0.00012424561726558954
2019-10-24,0.00014567920596502722
2019-10-25,0.0001452567493140325
2019-10-28,0.00018525056373957545
2019-10-29,0.00018390058256383986
2019-10-30,0.00017290090625803918
2019-10-31,0.00017502640265204013
2019-11-01,0.00017024241686496884
2019-11-04,0.0002442703524900228
2019-11-05,0.00029479448574759067
2019-11-06,0.0003300310753581673
2019-11-07,0.0003372148902451247
2019-11-08,0.0006142542232589423
2019-11-11,0.000583939324209243
2019-11-12,0.0005075924099253118
2019-11-13,0.0004345236346887052
2019-11-14,0.0003660869086922705
2019-11-18,0.00032961521072477103
2019-11-19,0.00031849990490056575
2019-11-21,0.00031621781534679235
2019-11-22,0.00030740008231416345
2019-11-25,0.0003144578776152432
2019-11-26,0.00029368129333645106
2019-11-27,0.0002648485359565914
2019-11-28,0.0002472955792506784
2019-11-29,0.000216559664189592
2019-12-02,0.00021580938199233264
2019-12-03,0.0002049200674116239
2019-12-04,0.00018895065012086183
2019-12-05,0.00018035253459285945
2019-12-06,0.00017667250075075776
2019-12-09,0.00019311871154397727
2019-12-10,0.00018039055874735117
2019-12-11,0.0001717186795610562
2019-12-12,0.00015580071784254164
2019-12-13,0.0001473961282351613
2019-12-16,0.00014962437570258976
2019-12-17,0.00019609516028478742
2019-12-18,0.00019125081315334887
2019-12-19,0.0001804416650736332
2019-12-20,0.0001953941508724913
2019-12-23,0.00016570104060858489
2019-12-26,0.0001563133236083761
2019-12-27,0.00014991375508882106
2019-12-30,0.00013830448450218887
2020-01-02,0.00014098285181146116
2020-01-03,0.0001401190501235053
2020-01-06,0.00013412674605544657
2020-01-07,0.00014486202861346305
2020-01-08,0.00016904498341657222
2020-01-09,0.00015892625095486641
2020-01-10,0.0001562127262184024
2020-01-13,0.00014520105913445354
2020-01-14,0.000131234829390198
2020-01-15,0.0001284638100366667
2020-01-16,0.00013613985800813884
2020-01-17,0.00013433940774459392
2020-01-20,0.00013093664609525353
2020-01-21,0.00012883092575404794
2020-01-22,0.00013074272727292032
2020-01-23,0.00013404784557107837
2020-01-24,0.0001374552492813766
2020-01-27,0.00018202406943939627
2020-01-28,0.0002743059420788288
2020-01-29,0.0003077074769714475
2020-01-30,0.00030143641641527415
2020-01-31,0.0002458113712088764
2020-02-03,0.00028391902459017933
2020-02-04,0.0002592656354715675
2020-02-05,0.00022812580289948732
2020-02-06,0.00021389516485553235
2020-02-07,0.00022264833104029298
2020-02-10,0.000327058759361282
2020-02-11,0.00029888808502048255
2020-02-12,0.00027010148631572724
2020-02-13,0.00024087702048175037
2020-02-14,0.00020256773576304317
2020-02-17,0.0001881780743894726
2020-02-18,0.00018513948897063733
2020-02-19,0.00017491043843958527
2020-02-20,0.00020041568212375045
2020-02-21,0.00020425861010491849
2020-02-26,0.0002696258715184033
2020-02-27,0.0005410582642832398
2020-02-28,0.0007079116302372515
2020-03-02,0.0008181795245797932
2020-03-03,0.0006884633447805047
2020-03-04,0.0006630121032537519
2020-03-05,0.0006772500463591516
2020-03-06,0.0006281716749833524
2020-03-09,0.0010172542068937421
2020-03-10,0.0015107800835573674
2020-03-11,0.001632722106372714
2020-03-12,0.0016430376680397988
2020-03-13,0.0013306320296430588
2020-03-16,0.0012076497195118666
2020-03-17,0.0009862078703770042
2020-03-18,0.0008256412810476124
2020-03-19,0.0007114397711881995
2020-03-20,0.0006954344688744843
2020-03-23,0.0007020796300673484
2020-03-24,0.0006624290953220427
2020-03-25,0.0006733064191246032
2020-03-26,0.0006282046787270903
2020-03-27,0.0006326796254904568
2020-03-30,0.0005667714402841031
2020-03-31,0.0005164415459910035
2020-04-01,0.0005071289023214578
2020-04-02,0.0006236262387426197
2020-04-03,0.0007403241587632894
2020-04-06,0.00085208880489856
2020-04-07,0.0009963611490854622
2020-04-08,0.0011790259858423472
2020-04-09,0.0008907847922125458
2020-04-13,0.0006476115203292667
2020-04-14,0.0010386589100414515
2020-04-15,0.0009194491548293828
2020-04-16,0.0007594895549879968
2020-04-17,0.0005958188093097507
2020-04-20,0.0008662116714583337
2020-04-22,0.0008892780869098007
2020-04-23,0.0011143710115754605
2020-04-24,0.0009906959138640762
2020-04-27,0.0007857396384531259
2020-04-28,0.0010661145323717595
2020-04-29,0.0016213158495554329
2020-04-30,0.001771647494828105
2020-05-04,0.0013512547710740567
2020-05-05,0.0012302965741434694
2020-05-06,0.0014136070502752066
2020-05-07,0.0009028797620737552
2020-05-08,0.0009752011509442329
2020-05-11,0.0012157398858869076
2020-05-12,0.001062573993189037
2020-05-13,0.0010723122512751818
2020-05-14,0.001017534185742736
2020-05-15,0.0009455085499973595
2020-05-18,0.000766070745961517
2020-05-19,0.0010893971310758591
2020-05-20,0.0010043481714853645
2020-05-21,0.0010444822372698784
2020-05-22,0.0007660762174816429
2020-05-25,0.0007017442957328259
2020-05-26,0.0007239506347866356
2020-05-27,0.0006796611240895092
2020-05-28,0.0006638928433710336
2020-05-29,0.0005886107800358533
2020-06-01,0.0005716159474866092
2020-06-02,0.000630716630333811
2020-06-03,0.000726856943296045
2020-06-04,0.0006427914021366834
2020-06-05,0.0005853299052284657
2020-06-08,0.00063058275271371
2020-06-09,0.0006658880273641645
2020-06-10,0.0005736627616749703
2020-06-12,0.0005297565484249591
2020-06-15,0.0006043803995305299
2020-06-16,0.0006849837490187585
2020-06-17,0.0009628432570786774
2020-06-18,0.0008182941936717927
2020-06-19,0.0006847502198831737
2020-06-22,0.0006032828358763456
2020-06-23,0.0005841253558935225
2020-06-24,0.0005619998672807216
2020-06-25,0.0005605297745966911
2020-06-26,0.0005374903674998879
2020-06-29,0.0005115042557770013
2020-06-30,0.00047747384531587363
2020-07-01,0.00043597355841822923
2020-07-02,0.00039627404192626477
2020-07-03,0.00037382681046776474
2020-07-06,0.0003023306316060573
2020-07-07,0.0002763130004347861
2020-07-08,0.0002502558171579242
2020-07-09,0.00022633876950178296
2020-07-10,0.00020805200336664916
2020-07-13,0.00023046348076943309
2020-07-14,0.00023374533055514098
2020-07-15,0.00023617192062713206
2020-07-16,0.00032021985396906734
2020-07-17,0.000264818180661425
2020-07-20,0.00026696045541368425
2020-07-21,0.00023893156038295478
2020-07-22,0.00021502480093088002
2020-07-23,0.00019226307348046452
2020-07-24,0.00017732003187458963
2020-07-27,0.00018381922280579806
2020-07-28,0.0001851928217399493
2020-07-29,0.00020707191732410342
2020-07-30,0.0001900295582197234
2020-07-31,0.00016862840573932976
2020-08-03,0.00016647117161821574
2020-08-04,0.00022435656581703574
2020-08-05,0.00025502768119961024
2020-08-06,0.0002883960668293387
2020-08-07,0.00034921969643957913
2020-08-10,0.0002877262712752074
2020-08-11,0.0002440935903757438
2020-08-12,0.00023981049606274814
2020-08-13,0.00023737887102808804
2020-08-14,0.00022628155137110502
2020-08-17,0.00024205125817727298
2020-08-18,0.00021398471734184772
2020-08-19,0.00020513614880084992
2020-08-20,0.00018901914598584176
2020-08-21,0.0001781562431312725
2020-08-24,0.00017726355589158834
2020-08-25,0.00015914071708150209
2020-08-26,0.00021454933165270836
2020-08-27,0.0002149118344129622
2020-08-28,0.00025289672783739865
2020-08-31,0.00022764873291064054
2020-09-01,0.00024511445088475943
2020-09-02,0.0002370752598687634
2020-09-03,0.00024082166499622167
2020-09-04,0.0002238583809991926
2020-09-08,0.00020662172472268343
2020-09-09,0.00020487434529397637
2020-09-10,0.00018661316142581404
2020-09-11,0.00017910790928337724
2020-09-14,0.00017372505397699774
2020-09-15,0.00017758474576450885
2020-09-16,0.00017527246098663658
2020-09-17,0.0001742625435178727
2020-09-18,0.0001579606440679729
2020-09-21,0.0001948511461557448
2020-09-22,0.00026393976885057986
2020-09-23,0.00029009087018832565
2020-09-24,0.00036926484325133265
2020-09-25,0.0003818968951997906
2020-09-28,0.0004057091836182028
2020-09-29,0.00041364838842466474
2020-09-30,0.0005429739948192238
2020-10-01,0.00047532094766549767
2020-10-02,0.0004313680809752643
2020-10-05,0.000583078956773281
2020-10-06,0.0005109665334054827
2020-10-07,0.000526613276527971
2020-10-08,0.0004975509481334686
2020-10-09,0.0004053819983562082
2020-10-13,0.0004033485137221962
2020-10-14,0.0003400774848011881
2020-10-15,0.00028502677458502353
2020-10-16,0.0002528952726458758
2020-10-19,0.00023445038539987058
2020-10-20,0.0002024456597461924
2020-10-21,0.00022503611115437002
2020-10-22,0.00023677723664488644
2020-10-23,0.00024206512615248561
2020-10-26,0.0002637771657498181
2020-10-27,0.0002547638840803504
2020-10-28,0.0002468278224875778
2020-10-29,0.0003765522968785465
2020-10-30,0.000357456604327783
2020-11-03,0.0008085789858193695
2020-11-04,0.0006606599898838996
2020-11-05,0.0005461297231556475
2020-11-06,0.0004977210891263186
2020-11-09,0.00035703311449080706
2020-11-10,0.0004066836962772161
2020-11-11,0.0006639760803261399
2020-11-12,0.0006070078351365029
2020-11-13,0.0005448720302262902
2020-11-16,0.0005619542906822264
2020-11-17,0.0005668795319104194
2020-11-18,0.000539873563760668
2020-11-19,0.0005593429203906655
2020-11-20,0.0005320121534930169
2020-11-23,0.0004760444979944825
2020-11-24,0.0005418359768407046
2020-11-25,0.0006476998213508725
2020-11-26,0.0006683849613943696
2020-11-27,0.0006520619034597277
2020-11-30,0.0006206723163665831
2020-12-01,0.000610768690315783
2020-12-02,0.000659462367260605
2020-12-03,0.0005810963456349074
2020-12-04,0.000669485144393295
2020-12-07,0.0007263091509991884
2020-12-08,0.00061175618328318
2020-12-09,0.000575397815631479
2020-12-10,0.0005024229875595867
2020-12-11,0.00046410025687120855
2020-12-14,0.00047673350207671524
2020-12-15,0.0004083835054950416
2020-12-16,0.00035846831168211997
2020-12-17,0.0002922722313848883
2020-12-18,0.000265085557551831
2020-12-21,0.0002221623843831569
2020-12-22,0.0002074898337775469
2020-12-23,0.000228635236347802
2020-12-28,0.0001892216940939054
2020-12-29,0.0002009741991821304
2020-12-30,0.00018060971059069038
2021-01-04,0.00016170479364857078
2021-01-05,0.00015592455464113504
2021-01-06,0.0001781982108547911
2021-01-07,0.0003634335124695301
2021-01-08,0.00037817754208274186
2021-01-11,0.0003349577426740527
2021-01-12,0.0003553351388143003
2021-01-13,0.0002945320565083623
2021-01-14,0.0003254253068768978
2021-01-15,0.000447063660325259
2021-01-18,0.0004877527652604133
2021-01-19,0.00048147928908631206
2021-01-20,0.00040894919664762915
2021-01-21,0.0004186044797131419
2021-01-22,0.0004938686732964217
2021-01-26,0.0004979826743544638
2021-01-27,0.00044817062451668084
2021-01-28,0.00045826057329006494
2021-01-29,0.0005981656839901208
2021-02-01,0.0006832890329712629
2021-02-02,0.0005931686145083606
2021-02-03,0.0005135898362675309
2021-02-04,0.0004292339261917025
2021-02-05,0.00033736736521288753
2021-02-08,0.0003001191479449719
2021-02-09,0.00042114742689929903
2021-02-10,0.0005148975877852737
2021-02-11,0.0004751251661980152
2021-02-12,0.0004233683402014524
2021-02-17,0.0003545734624674171
2021-02-18,0.0003544529435054958
2021-02-19,0.0003932503285647929
2021-02-22,0.0006018895190970599
2021-02-23,0.0018530077185311914
2021-02-24,0.001855542662163973
2021-02-25,0.0014624543372371793
2021-02-26,0.0009566526395098865
2021-03-01,0.0008097616490738093
2021-03-02,0.0006912042853252589
2021-03-03,0.0006161563914099335
2021-03-04,0.0005706768832930922
2021-03-05,0.0006087629707360267
2021-03-08,0.0005760679022239148
2021-03-09,0.0005229269271546602
2021-03-10,0.0005750974058935046
2021-03-11,0.0006023141439834237
2021-03-12,0.0006264376105570793
2021-03-15,0.0005915912451052665
2021-03-16,0.000574996240978837
2021-03-17,0.000539329380338788
2021-03-18,0.0005426184042187035
2021-03-19,0.0005450344296002388
2021-03-22,0.0006125822664068639
2021-03-23,0.0006596259307877719
2021-03-24,0.0006968077040107548
2021-03-25,0.0004943398643115162
2021-03-26,0.00042968483183696867
2021-03-29,0.0005584330764429271
2021-03-30,0.0006302683731371164
2021-03-31,0.0005585760926657915
2021-04-01,0.000555178744328916
2021-04-05,0.0004919566098430752
2021-04-06,0.0004289805773475766
2021-04-07,0.0003640390467660129
2021-04-08,0.00032484887641087175
2021-04-09,0.0002827139513862878
2021-04-12,0.0002520931419746578
2021-04-13,0.00020427614516276867
2021-04-14,0.00019370809321455658
2021-04-15,0.00018024627650786192
2021-04-16,0.00018172051648773253
2021-04-19,0.00022611049360759557
2021-04-20,0.0002405641106485948
2021-04-22,0.0007504553767682611
2021-04-23,0.0006522826269099116
2021-04-26,0.0005326678045855462
2021-04-27,0.0004326162278482318
2021-04-28,0.00033417822567909956
2021-04-29,0.00034991562723346055
2021-04-30,0.0003227317473681271
2021-05-03,0.0003202131018804014
2021-05-04,0.00030337362557813526
2021-05-05,0.0002852758742699027
2021-05-06,0.0002797107562252879
2021-05-07,0.00028617049691431225
2021-05-10,0.0002607022587505728
2021-05-11,0.00029824454112142325
2021-05-12,0.000266585947323367
2021-05-13,0.00026220908046863974
2021-05-14,0.0002694318071769178
2021-05-17,0.00029870141305193306
2021-05-18,0.0003116882989013195
2021-05-19,0.0002665605105755478
2021-05-20,0.0002374463628109172
2021-05-21,0.00021812424245920033
2021-05-24,0.00018844603335648776
2021-05-25,0.00017426188868168742
2021-05-26,0.0001724154689179361
2021-05-27,0.00019100366342511029
2021-05-28,0.0001798626589186117
2021-05-31,0.00018059799629893154
2021-06-01,0.00020455376660149545
2021-06-02,0.00018206990797236562
2021-06-04,0.00020413982282090933
2021-06-07,0.00023130065245252103
2021-06-08,0.0002034513717114553
2021-06-09,0.00019493682783260942
2021-06-10,0.00019689667977556587
2021-06-11,0.00017790206482797862
2021-06-14,0.0001622665266802162
2021-06-15,0.00015805376177351922
2021-06-16,0.00016035698070820421
2021-06-17,0.00014974943486206234
2021-06-18,0.00016528813001397998
2021-06-21,0.0002722714097069204
2021-06-22,0.00026275931748725474
2021-06-23,0.0002437195624986291
2021-06-24,0.00022434717983171344
2021-06-25,0.0001885172067738697
2021-06-28,0.00017051737530320883
2021-06-29,0.00017944560102816672
2021-06-30,0.00016998883519019932
2021-07-01,0.0001542238723083958
2021-07-02,0.0001596008195371926
2021-07-05,0.00018321801042813808
2021-07-06,0.00019216042427044362
2021-07-07,0.0003104079340880364
2021-07-08,0.0003742753587027639
2021-07-12,0.00039658274625591934
2021-07-13,0.0003191344557160139
2021-07-14,0.00026153148508794606
2021-07-15,0.00022555715703103692
2021-07-16,0.0002599916014184803
2021-07-19,0.00031118483173824847
2021-07-20,0.0003754668113140017
2021-07-21,0.00032128097962751985
2021-07-22,0.00036574840204022825
2021-07-23,0.00033921377042472363
2021-07-26,0.000300416414469257
2021-07-27,0.0002566698066254705
2021-07-28,0.00024777739316388965
2021-07-29,0.00020974303777959198
2021-07-30,0.00021030088544987143
2021-08-02,0.00021800071125082672
2021-08-03,0.00031265346923075617
2021-08-04,0.00034943023354910315
2021-08-05,0.00043732904021792114
2021-08-06,0.00044674020035356284
2021-08-09,0.00040058853927232326
2021-08-10,0.0003218253376723826
2021-08-11,0.00025755549439392984
2021-08-12,0.0002169040352634713
2021-08-13,0.0002339402243557945
2021-08-16,0.0002201416181230545
2021-08-17,0.00020280239994801581
2021-08-18,0.0002251483937322721
2021-08-19,0.000279359909549132
2021-08-20,0.0002689637593755126
2021-08-23,0.000267168809735924
2021-08-24,0.0002239702706753835
2021-08-25,0.0001949371770785749
2021-08-26,0.00017284814101342112
2021-08-27,0.00015545281065326185
2021-08-30,0.00015796230298630894
2021-08-31,0.00017039251987054945
2021-09-01,0.00018158608589485288
2021-09-02,0.00028974916211493314
2021-09-03,0.0003789171286223084
2021-09-06,0.00041802999920375646
2021-09-08,0.0003860156401821971
2021-09-09,0.0005056737107986211
2021-09-10,0.0006427035085687041
2021-09-13,0.0008525321726517379
2021-09-14,0.0007007862558418512
2021-09-15,0.0006150679081508517
2021-09-16,0.00048016624067142606
2021-09-17,0.00038343223867170513
2021-09-20,0.0004280372348909825
2021-09-21,0.0005312670372256636
2021-09-22,0.00047876858742140234
2021-09-23,0.0004227046855555475
2021-09-24,0.0003899518750438094
2021-09-27,0.0003737438936547935
2021-09-28,0.00031824577025301755
2021-09-29,0.00031384579495690764
2021-09-30,0.000347251899150908
2021-10-01,0.0003064484452658892
2021-10-04,0.0002780852781904489
2021-10-05,0.000297541421681419
2021-10-06,0.00032473176259711385
2021-10-07,0.00027932073579333723
2021-10-08,0.0002649632050485909
2021-10-11,0.0002603424480946362
2021-10-13,0.00025134173927992583
2021-10-14,0.00023418868375640363
2021-10-15,0.00021429474589578808
2021-10-18,0.00020808572015423328
2021-10-19,0.00017986779574468732
2021-10-20,0.0002282150061398372
2021-10-21,0.00035870597356162966
2021-10-22,0.0004435769341250509
2021-10-25,0.0005628786865451931
2021-10-26,0.000812013296020925
2021-10-27,0.0007822084124961495
2021-10-28,0.0006206912920640409
2021-10-29,0.00047650532804593444
2021-11-01,0.0005055934424342215
2021-11-03,0.0006609177334064245
2021-11-04,0.0006918585976415872
2021-11-05,0.0007530017873102426
2021-11-08,0.0007938289899209141
2021-11-09,0.0005815240555272996
2021-11-10,0.00049343461876899
2021-11-11,0.0004251212930136919
2021-11-12,0.00042374948396511376
2021-11-16,0.0003592575202526152
2021-11-17,0.00038243997267611325
2021-11-18,0.0003826440778391063
2021-11-19,0.0003817528894466907
2021-11-22,0.00037448548835866154
2021-11-23,0.0003056242247873545
2021-11-24,0.00033106062336057425
2021-11-25,0.00047336665455415845
2021-11-26,0.0005085927667857706
2021-11-29,0.00045624766506418586
2021-11-30,0.00046382991139009595
2021-12-01,0.00040827174678608776
2021-12-02,0.00037644039265044034
2021-12-03,0.0005208968185649812
2021-12-06,0.0007346080500462651
2021-12-07,0.0006382254185916483
2021-12-08,0.0005752373371103405
2021-12-09,0.0004945686204189062
2021-12-10,0.0004368457420093566
2021-12-13,0.0003951008374167234
2021-12-14,0.0003542109742590785
2021-12-15,0.0003267894034104049
2021-12-16,0.0003107909696006775
2021-12-17,0.0002940204111689329
2021-12-20,0.0002778387396426499
2021-12-21,0.0003102437011727691
2021-12-22,0.0003210264666301757
2021-12-23,0.00028840980383731425
2021-12-27,0.0002344640350963548
2021-12-28,0.00018397794054519386
2021-12-29,0.00016870820844244212
2021-12-30,0.00016208293971769512
2022-01-03,0.000149625219713673
2022-01-04,0.00013129754814483226
2022-01-05,0.00013218575339462609
2022-01-06,0.00014921450645826757
2022-01-07,0.0002533834311941266
2022-01-10,0.0002607621835374832
2022-01-11,0.0002327889204786718
2022-01-12,0.00019879375475622714
2022-01-13,0.0002639817947817594
2022-01-14,0.00028417071451596916
2022-01-17,0.0003400810645723343
2022-01-18,0.0003580157762223482
2022-01-19,0.00029564455042757094
2022-01-20,0.00027906485491596163
2022-01-21,0.00025165835985146463
2022-01-24,0.0002335913421881944
2022-01-25,0.0002027161652983725
2022-01-26,0.00024511867094017566
2022-01-27,0.0003371468745933473
2022-01-28,0.0003130204685328156
2022-01-31,0.0003539951984600723
2022-02-01,0.0004968619440512359
2022-02-02,0.00044054379112251103
2022-02-03,0.0004525027587839961
2022-02-04,0.00044455860632635654
2022-02-07,0.0004396371776999533
2022-02-08,0.0004686492146754265
2022-02-09,0.0004081667983734608
2022-02-10,0.00035936392385676504
2022-02-11,0.0003332822933623195
2022-02-14,0.0003289488203188032
2022-02-15,0.0003469208721832931
2022-02-16,0.0003536229895723611
2022-02-17,0.0003100174479947984
2022-02-18,0.0002961581457236409
2022-02-21,0.00025774987887755037
2022-02-22,0.00024407800527453423
2022-02-23,0.00024658786140546203
2022-02-24,0.00030946619234211743
2022-02-25,0.0002983085404445976
2022-03-02,0.0005583369755947589
2022-03-03,0.0004984887317584455
2022-03-04,0.00042033767102450133
2022-03-07,0.00036342763349577785
2022-03-08,0.00043222894317634404
2022-03-09,0.0007605506806464493
2022-03-10,0.0007003433537499606
2022-03-11,0.0005883537350052595
2022-03-14,0.0007158332272262871
2022-03-15,0.0008205711027437448
2022-03-16,0.0008225949249060451
2022-03-17,0.0007551927818746864
2022-03-18,0.000770340859966129
2022-03-21,0.0007795854588800668
2022-03-22,0.0006148599903860688
2022-03-23,0.0006030749181115627
2022-03-24,0.0004993706942366063
2022-03-25,0.0004141301150263846
2022-03-28,0.0003762602690437436
2022-03-29,0.0003310120199637115
2022-03-30,0.00033382912523277104
2022-03-31,0.0003223007778467238
2022-04-01,0.00028103166267439724
2022-04-04,0.00028395453126333654
2022-04-05,0.00027425675660535694
2022-04-06,0.0002654759272297472
2022-04-07,0.0002424192906653136
2022-04-08,0.00030048492488615215
2022-04-11,0.0003583153419492394
2022-04-12,0.00031087810646906496
2022-04-13,0.0002595434606371075
2022-04-14,0.000241818674916178
2022-04-18,0.0002032797318713367
2022-04-19,0.0002152336354663223
2022-04-20,0.00022271524074651301
2022-04-22,0.00021288224969223142
2022-04-25,0.0002193803928855434
2022-04-26,0.00025079819614231587
2022-04-27,0.0002510854218450934
2022-04-28,0.00022560771038454027
2022-04-29,0.00019571587916627527
2022-05-02,0.00015622329090885819
2022-05-03,0.00022694117513649166
2022-05-04,0.0002504986886230856
2022-05-05,0.00026749334654934705
2022-05-06,0.00040143429658539594
2022-05-09,0.0004410288646647334
2022-05-10,0.0004016901483589411
2022-05-11,0.0003586108913475275
2022-05-12,0.00029797189643770457
2022-05-13,0.0002866282710635662
2022-05-16,0.0002601496061140299
2022-05-17,0.00022902764329385013
2022-05-18,0.0002128516179106757
2022-05-19,0.00021064937471576036
2022-05-20,0.0002218729613411799
2022-05-23,0.00022790656374465675
2022-05-24,0.00023703477644059808
2022-05-25,0.00023917412625789643
2022-05-26,0.0002954691998490691
2022-05-27,0.00029575505767181516
2022-05-30,0.00030887558831065894
2022-05-31,0.00044404649532563985
2022-06-01,0.0005817193422296643
2022-06-02,0.000516138458700627
2022-06-03,0.00043883481419809163
2022-06-06,0.0003163360351061076
2022-06-07,0.0002706218337004632
2022-06-08,0.0002253804240205884
2022-06-09,0.0002535804641263187
2022-06-10,0.000251397123869285
2022-06-13,0.00024414855295956135
2022-06-14,0.000283548591036126
2022-06-15,0.0002699508448892832
2022-06-17,0.0003246577515562624
2022-06-20,0.0006514947280117869
2022-06-21,0.0011583148851820827
2022-06-22,0.0015227426891976596
2022-06-23,0.0013809410273858905
2022-06-24,0.0012402256369420887
2022-06-27,0.0011193825747647882
2022-06-28,0.0008000955684871971
2022-06-29,0.0007160818321460485
2022-06-30,0.0005919106305406987
2022-07-01,0.0005122473347762227
2022-07-04,0.0004202647659292072
2022-07-05,0.00042382000254631043
2022-07-06,0.0003803584958256781
2022-07-07,0.00044021573274560273
2022-07-08,0.0005248644273558259
2022-07-11,0.00045991404920980335
2022-07-12,0.00038940149250604213
2022-07-13,0.00033169616370625794
2022-07-14,0.0002821959323079884
2022-07-15,0.0002762771445156634
2022-07-18,0.0002697521821425855
2022-07-19,0.0002559782414061576
2022-07-20,0.0002381366911174357
2022-07-21,0.0002335367579541728
2022-07-22,0.0001894439745990187
2022-07-25,0.00020303230565670878
2022-07-26,0.00023077954836819321
2022-07-27,0.00025657434606157244
2022-07-28,0.00027630004923023284
2022-07-29,0.00029118409737177194
2022-08-01,0.0004110716807951778
2022-08-02,0.0004312619393055886
2022-08-03,0.00038123280399642885
2022-08-04,0.0003492632939776033
2022-08-05,0.00031350414509117604
2022-08-08,0.00028692035710603
2022-08-09,0.00032306894434779883
2022-08-10,0.00037453356788657606
2022-08-11,0.0003268056142439693
2022-08-12,0.0003100650327575952
2022-08-15,0.0004634169280359149
2022-08-16,0.0007482384797947108
2022-08-17,0.0007472062833437323
2022-08-18,0.0006514191744679212
2022-08-19,0.000616139918641895
2022-08-22,0.0005215852987782657
2022-08-23,0.0005858461489731073
2022-08-24,0.0007095347508618235
2022-08-25,0.0006007987075315415
2022-08-26,0.0005241853767836093
2022-08-29,0.0005426718970590829
2022-08-30,0.0005111266044729948
2022-08-31,0.000577517389395982
2022-09-01,0.0006449981127695739
2022-09-02,0.0006531102234327793
2022-09-05,0.0005885636318305134
2022-09-06,0.0005516786012628674
2022-09-08,0.000524320127518624
2022-09-09,0.0004953462747687101
2022-09-12,0.0005115622888149321
2022-09-13,0.00047761933536432684
2022-09-14,0.000552740308997929
2022-09-15,0.0004754345399157703
2022-09-16,0.00041104604032054544
2022-09-19,0.0003394300700926781
2022-09-20,0.00027464468156151474
2022-09-21,0.0003724719689523429
2022-09-22,0.00033627661185503006
2022-09-23,0.0002949832240881026
2022-09-26,0.0004376701662147045
2022-09-27,0.000634901935776472
2022-09-28,0.000517719262355715
2022-09-29,0.00047052908929228783
2022-09-30,0.0005167948082850873
2022-10-03,0.0003780464875341952
2022-10-04,0.0005124940770508348
2022-10-05,0.0004275843210814148
2022-10-06,0.0004987346009181439
2022-10-07,0.0005222764565439522
2022-10-10,0.00046635376646347344
2022-10-11,0.0004118678742849827
2022-10-13,0.00034707925522863865
2022-10-14,0.00031106169343158603
2022-10-17,0.0003897510877174884
2022-10-18,0.0003438863904045522
2022-10-19,0.0003611887631302327
2022-10-20,0.00038494950866490603
2022-10-21,0.0004288166063667834
2022-10-24,0.00044278967551119626
2022-10-25,0.0005226723268458247
2022-10-26,0.0007239990053528547
2022-10-27,0.0007641728851774334
2022-10-28,0.0007706248551437258
2022-10-31,0.0006577862776646018
2022-11-01,0.0009132243693636357
2022-11-03,0.0012267365936020017
2022-11-04,0.0009988490609282256
2022-11-07,0.001177276496385932
2022-11-08,0.0022033536923879386
2022-11-09,0.0017944023828783632
2022-11-10,0.0015121798613870144
2022-11-11,0.0016936875298449398
2022-11-14,0.0011865672539749742
2022-11-16,0.0011630669586190582
2022-11-17,0.0010999987251886726
2022-11-18,0.0009571650415489077
2022-11-21,0.000811518181657195
2022-11-22,0.0008058023639784753
2022-11-23,0.0009125156910920143
2022-11-24,0.0009336596239188313
2022-11-25,0.0008988130256363749
2022-11-28,0.0008400058258154988
2022-11-29,0.0006548853242599964
2022-11-30,0.0006411277107724547
2022-12-01,0.000784644461313039
2022-12-02,0.0006607163931073248
2022-12-05,0.0006161555182950198
2022-12-06,0.0005634190282614529
2022-12-07,0.0005390144186855852
2022-12-08,0.0004916765145787596
2022-12-09,0.0004369155038909614
2022-12-12,0.00046814891982987524
2022-12-13,0.0004491322441788018
2022-12-14,0.00066963648431167
2022-12-15,0.0014700740692967177
2022-12-16,0.0018032691558653117
2022-12-19,0.0018593652756714821
2022-12-20,0.0013464603224599362
2022-12-21,0.0010355195380577446
2022-12-22,0.0008164332365447282
2022-12-23,0.0006448548055084049
2022-12-26,0.000621512485744208
2022-12-27,0.0005460695364342629
2022-12-28,0.0004448183289093524
2022-12-29,0.0003951127117795497
2023-01-02,0.00034816401319742203
2023-01-03,0.00040954128497444094
2023-01-04,0.0005204449524933099
2023-01-05,0.00046234689660534263
2023-01-06,0.0006995098782533407
2023-01-09,0.0006193085108713805
2023-01-10,0.0005276796408759057
2023-01-11,0.0004668196314775944
2023-01-12,0.0004038592859467119
2023-01-13,0.00037287450403138996
2023-01-16,0.00033343203257001937
2023-01-17,0.0003017073148691654
2023-01-18,0.00031292227220885456
2023-01-19,0.0003877768002746254
2023-01-20,0.0004032908008264005
2023-01-23,0.0004183049721939117
2023-01-24,0.0004495550064200163
2023-01-25,0.0005022315425628423
2023-01-26,0.0004853051913266629
2023-01-27,0.0004649728188121319
2023-01-30,0.000529869005625844
2023-01-31,0.0004829735088457912
2023-02-01,0.0004310368793846667
2023-02-02,0.0004189593136140704
2023-02-03,0.0005111817271278798
2023-02-06,0.000587592553423494
2023-02-07,0.0005410412676462531
2023-02-08,0.0005449715653264522
2023-02-09,0.0004668997834266722
2023-02-10,0.00038313558332785965
2023-02-13,0.00035185822060495616
2023-02-14,0.00033140369931399823
2023-02-15,0.0002902464301621169
2023-02-16,0.000254194758675769
2023-02-17,0.00022810531380284578
2023-02-22,0.00020006771672680975
2023-02-23,0.0001998379274334386
2023-02-24,0.00017670198293101043
2023-02-27,0.00024129643578246236
2023-02-28,0.0002489256847945601
2023-03-01,0.00034661216785363853
2023-03-02,0.0005485672271640598
2023-03-03,0.0006811792963014543
2023-03-06,0.0006706612883897125
2023-03-07,0.0006685226225124299
2023-03-08,0.0005920091761106252
2023-03-09,0.0005077531794847548
2023-03-10,0.0004316819075790793
2023-03-13,0.00040509541293770075
2023-03-14,0.00042533153908491135
2023-03-15,0.0004475485010368377
2023-03-16,0.0006005560980008542
2023-03-17,0.0005482029636220633
2023-03-20,0.00045990200022399426
2023-03-21,0.0004931198899464309
2023-03-22,0.00042131995440624655
2023-03-23,0.00037322296419344843
2023-03-24,0.00039323723184108735
2023-03-27,0.000500811741297841
2023-03-28,0.0004390750954223424
2023-03-29,0.00037802451414220036
2023-03-30,0.0003319908108858019
2023-03-31,0.0002723069745877385
2023-04-03,0.00026237590362481773
2023-04-04,0.00032001039370127023
2023-04-05,0.00030936380506657064
2023-04-06,0.0002882959496525675
2023-04-10,0.00037024994970463217
2023-04-11,0.00031637407381251455
2023-04-12,0.00032446927515022457
2023-04-13,0.0003478762636256963
2023-04-14,0.00033789883026085794
2023-04-17,0.000297508476145342
2023-04-18,0.0002857365879060328
2023-04-19,0.0002763680648820102
2023-04-20,0.0002900402586271614
2023-04-24,0.00029733885902144015
2023-04-25,0.00028681147967629135
2023-04-26,0.00028046748492099345
2023-04-27,0.00027386237059883774
2023-04-28,0.0002615544480101764
2023-05-02,0.0003297749325463176
2023-05-03,0.00041560041143722833
2023-05-04,0.0004938707687722146
2023-05-05,0.00043458126027300954
2023-05-08,0.00042035952800117434
2023-05-09,0.0004274899082554132
2023-05-10,0.00034707628663793207
2023-05-11,0.0003028853215107322
2023-05-12,0.00028592934257514775
2023-05-15,0.0004382568121252209
2023-05-16,0.0004261970287950337
2023-05-17,0.0003935315006708354
2023-05-18,0.00037779057755298913
2023-05-19,0.0003845095460598916
2023-05-22,0.00032783888753667474
2023-05-23,0.0002998948447236419
2023-05-24,0.0002734518028625846
2023-05-25,0.0002774479043034464
2023-05-26,0.00028013357667416335
2023-05-29,0.00027106869391329587
2023-05-30,0.000244100357016325
2023-05-31,0.00021364091379266233
2023-06-01,0.00020053285414516926
2023-06-02,0.0001879617456176877
2023-06-05,0.000211425864912346
2023-06-06,0.00019901284839190543
2023-06-07,0.0001857445430539176
2023-06-09,0.00026102941490873695
2023-06-12,0.0003271096037530899
2023-06-13,0.00040875949788071216
2023-06-14,0.00037512175630010665
2023-06-15,0.00037700823748648167
2023-06-16,0.00036523218739941717
2023-06-19,0.0003989506921095401
2023-06-20,0.00038888062125235796
2023-06-21,0.00036800837268285454
2023-06-22,0.00048039563706308604
2023-06-23,0.00044642969158641995
2023-06-26,0.0004023064510726929
2023-06-27,0.00043888082735404373
2023-06-28,0.0004249879101587087
2023-06-29,0.0003919566924048215
2023-06-30,0.0003594606067815423
2023-07-03,0.00036677899778053165
2023-07-04,0.000515853299369812
2023-07-05,0.0004206519050819427
2023-07-06,0.0003516715195325762
2023-07-07,0.000359201175236851
2023-07-10,0.000308693602058813
2023-07-11,0.0002955867211164534
2023-07-12,0.0002912079916165769
2023-07-13,0.0002498823568055034
2023-07-14,0.00021546512733377517
2023-07-17,0.00022947607511352748
2023-07-18,0.00022338254792314023
2023-07-19,0.0003024344740731269
2023-07-20,0.0002609365445857495
2023-07-21,0.00023756346207275987
2023-07-24,0.00021444051243063063
2023-07-25,0.0002024956746788323
2023-07-26,0.00020895199566777796
2023-07-27,0.00021978643497616053
2023-07-28,0.0002580233675723523
2023-07-31,0.0003527741763570905
2023-08-01,0.00032494491905137897
2023-08-02,0.0003033197834917903
2023-08-03,0.0003149584926029295
2023-08-04,0.0002754576097538322
2023-08-07,0.0002663752646946907
2023-08-08,0.0003128542274532467
2023-08-09,0.00027855911765411497
2023-08-10,0.00025028852986335755
2023-08-11,0.00022420451285481453
2023-08-14,0.00020019616648253054
2023-08-15,0.00021028965137131513
2023-08-16,0.00018665160758584738
2023-08-17,0.0002558447421358526
2023-08-18,0.0002789900871755183
2023-08-21,0.0002720909950619191
2023-08-22,0.0002497194044587761
2023-08-23,0.0002612759825603664
2023-08-24,0.00027667950497172773
2023-08-25,0.00029777218595311046
2023-08-28,0.00028647224542848766
2023-08-29,0.0002593274520074576
2023-08-30,0.0002291707468282059
2023-08-31,0.00019975464682258666
2023-09-01,0.00018053786778520793
2023-09-04,0.00019161781245540828
2023-09-05,0.00019377867000341416
2023-09-06,0.00018860802527680994
2023-09-08,0.0002426464460620284
2023-09-11,0.00021295233171597124
2023-09-12,0.00018555206487119198
2023-09-13,0.00016658458924550564
2023-09-14,0.0001431525132681802
2023-09-15,0.00014325303789857775
2023-09-18,0.00015978753516148776
2023-09-19,0.00014752044524695725
2023-09-20,0.00015789286124683917
2023-09-21,0.00014901569819241763
2023-09-22,0.00014764869127586484
2023-09-25,0.00014810422443017364
2023-09-26,0.0001387878409184143
2023-09-27,0.0001449148375138268
2023-09-28,0.00014159315913613886
2023-09-29,0.00014693477431476117
2023-10-02,0.00013536354243453593
2023-10-03,0.00013401538024820388
2023-10-04,0.00014435298806685955
2023-10-05,0.0002091553586830944
2023-10-06,0.00030793410849921406
2023-10-09,0.0002585438604762405
2023-10-10,0.00035695703707799316
2023-10-11,0.0003351331805640459
2023-10-13,0.00027492666857481003
2023-10-16,0.00026869943838730455
2023-10-17,0.00022199656530912966
2023-10-18,0.00023041358225211502
2023-10-19,0.0002514837077648938
2023-10-20,0.000222733081394583
2023-10-23,0.00019579856314860285
2023-10-24,0.00031152098098002375
2023-10-25,0.00033806416912168265
2023-10-26,0.0003178117448294163
2023-10-27,0.00028583880055859685
2023-10-30,0.0002612410870676488
2023-10-31,0.00028560826911754907
2023-11-01,0.0002815338492689282
2023-11-03,0.0002449760912747681
2023-11-06,0.00021122189071659
2023-11-07,0.00019177318325430155
2023-11-08,0.00018198518672190607
2023-11-09,0.00020239488811396063
2023-11-10,0.00018530005480326713
2023-11-13,0.00018207823166787625
2023-11-14,0.00020386567928992212
2023-11-16,0.00021591089615296573
2023-11-17,0.0002024529939114675
2023-11-20,0.00021535335407290608
2023-11-21,0.00023390610011458397
2023-11-22,0.0002319742460565269
2023-11-23,0.0002166979073842615
2023-11-24,0.00022000056640874595
2023-11-27,0.00018127444207832218
2023-11-28,0.0002079210652334243
2023-11-29,0.00019979178331024945
2023-11-30,0.00018445652393322439
2023-12-01,0.0002148591419279203
2023-12-04,0.0001966928365470469
2023-12-05,0.00019448371029622853
2023-12-06,0.00019938978665206582
2023-12-07,0.0002555443032940477
2023-12-08,0.00034283050343558193
2023-12-11,0.00034362512531854213
2023-12-12,0.00035438213388599456
2023-12-13,0.0003111281665803492
2023-12-14,0.00026635061375029386
2023-12-15,0.00022014834110789002
2023-12-18,0.000212519965210706
2023-12-19,0.00020928703896399588
2023-12-20,0.00020338970069471747
2023-12-21,0.0001821501326810196
2023-12-22,0.00015883383174125106
2023-12-26,0.00015266908747773618
2023-12-27,0.00014681234905194492
2023-12-28,0.00014357817134052516
2024-01-02,0.00013305598702911288
2024-01-03,0.0001302334684475884
2024-01-04,0.00014658317093901337
2024-01-05,0.00020182992455713451
2024-01-08,0.00020666983335442842
2024-01-09,0.0002037461353063211
2024-01-10,0.00021123821796547622
2024-01-11,0.00019248618344474584
2024-01-12,0.00018273861213285476
2024-01-15,0.00016605476856395603
2024-01-16,0.00015256459017448128
2024-01-17,0.00015864125169511885
2024-01-18,0.00015918397992547602
2024-01-19,0.00014997152619227768
2024-01-22,0.00014940077097319067
2024-01-23,0.0001485795918449387
2024-01-24,0.00014506916057482362
2024-01-25,0.00017692678091745824
2024-01-26,0.00020065587603650988
2024-01-29,0.00025435433497816325
2024-01-30,0.00028418290902093053
2024-01-31,0.00025242565323762596
2024-02-01,0.0002286553034389019
2024-02-02,0.0002480265801602602
2024-02-05,0.0002538885281717032
2024-02-06,0.00023283132475964726
2024-02-07,0.0002193211811424792
2024-02-08,0.00022660073307972402
2024-02-09,0.00020556465904857964
2024-02-14,0.0001924276265378669
2024-02-15,0.0002090301394525543
2024-02-16,0.00018742239343166352
2024-02-19,0.0002394368174315989
2024-02-20,0.00022856025032863021
2024-02-21,0.00019497921756166965
2024-02-22,0.00018488135254640133
2024-02-23,0.00016157130893018097
2024-02-26,0.00016797768774606288
2024-02-27,0.00015936231364659966
2024-02-28,0.00016460711493320764
2024-02-29,0.00024771080359980464
2024-03-01,0.0006098804414102435
2024-03-04,0.0005632036017084121
2024-03-05,0.00048263345969073475
2024-03-06,0.00042411153561599553
2024-03-07,0.000314104207867533
2024-03-08,0.00028076964088879526
2024-03-11,0.0006581671885976195
2024-03-12,0.0008865020471455156
2024-03-13,0.000746048125514537
2024-03-14,0.0005835184828208386
2024-03-15,0.00045788856812916697
2024-03-18,0.00033349501325912774
2024-03-19,0.00024042444136623294
2024-03-20,0.00023497194059357048
2024-03-21,0.0002237142879346013
2024-03-22,0.00022971363512963057
2024-03-25,0.00023931855401653797
2024-03-26,0.00020851661691606045
2024-03-27,0.0001893049019451812
2024-03-28,0.00017075237418223173
2024-04-01,0.00015581765627186746
2024-04-02,0.00016436975864391774
2024-04-03,0.00015542820336461068
2024-04-04,0.0001577638585183397
2024-04-05,0.00016017036694731564
2024-04-08,0.0002717927390073985
2024-04-09,0.000332105450873971
2024-04-10,0.0003718948108905554
2024-04-11,0.0003880353878082335
2024-04-12,0.00032916942735366524
2024-04-15,0.000268554181169495
2024-04-16,0.00027749528533943
2024-04-17,0.0002557929955253005
2024-04-18,0.00023806720572222025
2024-04-19,0.00022240873375605792
2024-04-22,0.0002199768467869237
2024-04-23,0.00026327954845666886
2024-04-24,0.0002698831493796408
2024-04-25,0.000244291074417308
2024-04-26,0.00024303157705046237
2024-04-29,0.00027658081388264895
2024-04-30,0.0002689768269953877
2024-05-02,0.0002559631074143201
2024-05-03,0.00023352852157015354
2024-05-06,0.00020737567400258035
2024-05-07,0.0002413166629446298
2024-05-08,0.00023042171677272767
2024-05-09,0.00022623668781645597
2024-05-10,0.00024818510872475803
2024-05-13,0.00023580122513860465
2024-05-14,0.00022148160213302821
2024-05-15,0.00021187076061662287
2024-05-16,0.00038858437336213887
2024-05-17,0.0005289059598760306
2024-05-20,0.0006348247524181008
2024-05-21,0.0005783127388747036
2024-05-22,0.0004992852453903853
2024-05-23,0.0004066854425070435
2024-05-24,0.00039370909224428237
2024-05-27,0.00039241266211658717
2024-05-28,0.0003425706644372642
2024-05-29,0.0002995541261804849
2024-05-31,0.00028245844885870815
2024-06-03,0.00025693750365801156
2024-06-04,0.00025740523131728173
2024-06-05,0.000236414632021226
2024-06-06,0.00021901912703808398
2024-06-07,0.0001948150865098089
2024-06-10,0.0002310098760824278
2024-06-11,0.0003197742452209443
2024-06-12,0.0003217403253836185
2024-06-13,0.00032620275749988854
2024-06-14,0.00039262811777345837
2024-06-17,0.0004488297389650345
2024-06-18,0.0004606869014275819
2024-06-19,0.0004075286968906969
2024-06-20,0.0003998351284132898
2024-06-21,0.0003359233786647767
2024-06-24,0.00029484710547305644
2024-06-25,0.0002648354101290554
2024-06-26,0.00022783550674259663
2024-06-27,0.00019764153410844505
2024-06-28,0.0001828608191169426
2024-07-01,0.00018361280388828368
2024-07-02,0.00018000129501499236
2024-07-03,0.0001798966085368395
2024-07-04,0.00018561524928711355
2024-07-05,0.0002265707124786079
2024-07-08,0.0002391684219071269
2024-07-09,0.00022786573107052595
2024-07-10,0.0002744969796219468
2024-07-11,0.0002478591749274731
2024-07-12,0.0002301519970239699
2024-07-15,0.00020950333863195032
2024-07-16,0.00017398540229234845
2024-07-17,0.00016584887351538986
2024-07-18,0.00015388696636702866
2024-07-19,0.00015141752090469003
2024-07-22,0.00014123317385721952
2024-07-23,0.00015210546269711108
2024-07-24,0.00018446180627845228
2024-07-25,0.00018186286332249642
2024-07-26,0.00018411205099593849
2024-07-29,0.0001850533416324854
2024-07-30,0.00023816394685465843
2024-07-31,0.00033995510319411755
2024-08-01,0.0003044875455850363
2024-08-02,0.00030060471625231207
2024-08-05,0.00037012867404311896
2024-08-06,0.00037438155858010054
2024-08-07,0.00037745207090094686
2024-08-08,0.0004063266504851729
2024-08-09,0.00036406317384146154
2024-08-12,0.00034354922252871097
2024-08-13,0.0003621450858952105
2024-08-14,0.000342721480486691
2024-08-15,0.00031848744846113027
2024-08-16,0.00030670575223095716
2024-08-19,0.00027703465901479126
2024-08-20,0.0002647613990882039
2024-08-21,0.0002482461976648867
2024-08-22,0.00024757285144343973
2024-08-23,0.00025372150128871203
2024-08-26,0.0002458547359162569
2024-08-27,0.0003116924607490748
2024-08-28,0.0003700639180203527
2024-08-29,0.00034022410989902914
2024-08-30,0.0003338510986247659
2024-09-02,0.000307320337818712
2024-09-03,0.00027319999652147294
2024-09-04,0.0002591731726022065
2024-09-05,0.00022904443620402366
2024-09-06,0.0002145204752048105
2024-09-09,0.00022942202930036933
2024-09-10,0.00024159370230674744
2024-09-11,0.00026097586386069656
2024-09-12,0.0002830214915627241
2024-09-13,0.0003231524432373792
2024-09-16,0.0003097343259321153
2024-09-17,0.0003171238466927409
2024-09-18,0.00030129441882647574
2024-09-19,0.0003182651825079322
2024-09-20,0.00031820843003854156
2024-09-23,0.00029765291845589877
2024-09-24,0.0002627906332088262
2024-09-25,0.0002677680285011977
2024-09-26,0.00027112375836052
2024-09-27,0.00027257435147814453
2024-09-30,0.0003100233269685507
2024-10-01,0.00029434052420012653
2024-10-02,0.0002685019106899947
2024-10-03,0.0003588717489799112
2024-10-04,0.0003307671112304181
2024-10-07,0.00032234783874057234
2024-10-08,0.0003051986685784161
2024-10-09,0.0002766813385130465
2024-10-10,0.00027593983112066985
2024-10-11,0.00025344725589431823
2024-10-14,0.00023939321989357472
2024-10-15,0.00022005011568009854
2024-10-16,0.0002233857638964057
2024-10-17,0.00021987683147355915
2024-10-18,0.0002215479297626391
2024-10-21,0.0002240482398371771
2024-10-22,0.00026654144756659866
2024-10-23,0.00030456190587185324
2024-10-24,0.0003148749937133491
2024-10-25,0.00029315326254047454
2024-10-28,0.00027678800405167044
2024-10-29,0.0002702442406041175
2024-10-30,0.0002921175736298412
2024-10-31,0.0002977085940835625
2024-11-01,0.0002949891321656853
2024-11-04,0.0002963493869935721
2024-11-05,0.00032904107946135104
2024-11-06,0.00032313457348547876
2024-11-07,0.0003176977742293477
2024-11-08,0.0003040841373910755
2024-11-11,0.00029009834987275303
2024-11-12,0.0002990717010868341
2024-11-13,0.00029419459759421647
2024-11-14,0.00029717357836827636
2024-11-18,0.00028831079260610045
2024-11-19,0.00028737140827044845
2024-11-21,0.00030217757456168533
2024-11-22,0.00029345844530664385
2024-11-25,0.0003059137787965685
2024-11-26,0.0003226769448553771
2024-11-27,0.0003065978352276236
2024-11-28,0.0002915990306825936
2024-11-29,0.0002889618452934176
2024-12-02,0.00028807662318624557
2024-12-03,0.00028855040444225073
2024-12-04,0.00028310435016803444
2024-12-05,0.0002700891462916136
2024-12-06,0.00027524200857780874
2024-12-09,0.00027344397393219173
2024-12-10,0.0002777227026706189
2024-12-11,0.0002831802529578656
2024-12-12,0.0002631143842188269
2024-12-13,0.00027469156783238054
2024-12-16,0.0002848248522093147
2024-12-17,0.00029750367401331664
2024-12-18,0.00028322967126198113
2024-12-19,0.0003142318572679162
2024-12-20,0.00034986489925697446
2024-12-23,0.0003677311878015846
2024-12-26,0.00036067056942895055
2024-12-27,0.0003365623532624543
2024-12-30,0.0003134446568617225
2025-01-02,0.00028828165967181325
2025-01-03,0.0002840095083990693
2025-01-06,0.0003000161203851551
2025-01-07,0.0003060999851038307
2025-01-08,0.0003038823896383494
2025-01-09,0.00031694363577455283
2025-01-10,0.0003084467142650485
2025-01-13,0.0002900629305110872
2025-01-14,0.000285477825749442
2025-01-15,0.00028326369363978506
2025-01-16,0.0002777878661470115
2025-01-17,0.00028193283368065954
2025-01-20,0.0002708552464207262
2025-01-21,0.00026868765133596957
2025-01-22,0.0002574891958681494
2025-01-23,0.00027209928965359927
2025-01-24,0.0002806315141094476
2025-01-27,0.0002980105463245511
2025-01-28,0.00020314097935963423
2025-01-29,0.00022319813150145114
2025-01-30,0.0002303274494658783
2025-01-31,0.00022517265177495778
2025-02-03,0.00023866873824201525
2025-02-04,0.00027869273333974183
2025-02-05,0.0002735723509283364
2025-02-06,0.000278605829301998
2025-02-07,0.00027385791771277786
2025-02-10,0.0002665676410140097
2025-02-11,0.0002780677867883444
2025-02-12,0.00027460303398013115
2025-02-13,0.00029394244200713933
2025-02-14,0.00030786099967710674
2025-02-17,0.0003041801800315827
2025-02-18,0.0003492073564154655
2025-02-19,0.00034121096258215607
2025-02-20,0.00033402944689780474
2025-02-21,0.00033182908089995385
2025-02-24,0.0003066396574319899
2025-02-25,0.0002959728998427838
2025-02-26,0.00029972441269248725
2025-02-27,0.0002982610720971227
2025-02-28,0.00034184286494903267
2025-03-05,0.0004164639511907101
2025-03-06,0.0004938484170304238
2025-03-07,0.00048724877422839404
2025-03-10,0.00047615849769838155
2025-03-11,0.0004377824487926066
2025-03-12,0.00042680756895035506
2025-03-13,0.00042779311196111143
2025-03-14,0.00038260304143816233
2025-03-17,0.0003554663097781688
2025-03-18,0.0003936745751013607
2025-03-19,0.0003643127100837976
2025-03-20,0.00033593827982597054
2025-03-21,0.0003120666195934266
2025-03-24,0.0002954187629108876
2025-03-25,0.0002968954039567709
2025-03-26,0.00028596124037332833
2025-03-27,0.00029398481718428433
2025-03-28,0.0002865238756237179
2025-03-31,0.00028143021052867175
2025-04-01,0.0002929221490228176
2025-04-02,0.00028844336055383087
2025-04-03,0.0002940459352282435
2025-04-04,0.0003244872031097859
2025-04-07,0.0004136834585403651
2025-04-08,0.0005876390613445639
2025-04-09,0.0007912006812000274
2025-04-10,0.0008451613947579264
2025-04-11,0.0013249167358332873
2025-04-14,0.0011711979867720605
2025-04-15,0.0010487551452422143
2025-04-16,0.0009283194202759861
2025-04-17,0.0006669436815024912
2025-04-22,0.00046761972488068045
2025-04-23,0.000371699989849478
2025-04-24,0.0003348925791976601
2025-04-25,0.0003432998318055272
2025-04-28,0.0003097121488133073
2025-04-29,0.00027786897852249444
2025-04-30,0.00024528328220523894
2025-05-02,0.00024359173847526312
2025-05-05,0.0002205783210990578
2025-05-06,0.00027718291392713786
2025-05-07,0.00028840375024057925
2025-05-08,0.0002568086610005796
2025-05-09,0.0002203258308179304
2025-05-12,0.00020150409262325615
2025-05-13,0.000193360709894225
2025-05-14,0.00019596708887886256
2025-05-15,0.0002289359080202505
2025-05-16,0.00018701298984862865
2025-05-19,0.0001847686916187033
2025-05-20,0.00018107883523382247
2025-05-21,0.00015917351709842682
2025-05-22,0.0001561005891596526
2025-05-23,0.00018834485388990492
2025-05-26,0.00018465314941179008
2025-05-27,0.00019121198864351959
2025-05-28,0.00018026621263172478
2025-05-29,0.0001706292940832302
2025-05-30,0.0001690223988441378
2025-06-02,0.0001849570079536736
2025-06-03,0.00017437510258216411
2025-06-04,0.00020629250219255686
2025-06-05,0.00032761790215201676
2025-06-06,0.0004026800860480964
2025-06-09,0.0003596706200221181
2025-06-10,0.00034765882890835405
2025-06-11,0.0003202794004061818
2025-06-12,0.00033033931402653456
2025-06-13,0.00033563853947609664
2025-06-16,0.0003580758756322414
2025-06-17,0.00033264879028476775
2025-06-18,0.00031880805625744165
2025-06-20,0.000289976957795918
2025-06-23,0.0002677376149983704
2025-06-24,0.00025569104480721057
