"Date","GAS_Volatility"
2016-01-28,5.62797180357496
2016-01-29,5.60812502655775
2016-02-01,5.61347181795871
2016-02-02,5.61155346393219
2016-02-03,5.59514309157897
2016-02-04,5.57120804705147
2016-02-05,5.56596728796598
2016-02-10,5.54785214671509
2016-02-11,5.55866399187924
2016-02-12,5.53904089634265
2016-02-15,5.55183949363196
2016-02-16,5.54396934009432
2016-02-17,5.53419547270381
2016-02-18,5.56187136260248
2016-02-19,5.56476321284765
2016-02-22,5.64597514718996
2016-02-23,5.64477152187275
2016-02-24,5.66396019185733
2016-02-25,5.68184526829016
2016-02-26,5.69119846837954
2016-02-29,5.65578164051634
2016-03-01,5.64146728505169
2016-03-02,5.52424922820399
2016-03-03,5.53024815928922
2016-03-04,5.53801909343929
2016-03-07,5.54290076428029
2016-03-08,5.55147972928549
2016-03-09,5.56359227033745
2016-03-10,5.59108166162724
2016-03-11,5.61030167889465
2016-03-14,5.61905735185486
2016-03-15,5.55240050184189
2016-03-16,5.5806593448799
2016-03-17,5.62171122433798
2016-03-18,5.4834816500204
2016-03-21,5.60434308742176
2016-03-22,5.61732557220285
2016-03-23,5.62271818545937
2016-03-24,5.6164911643719
2016-03-28,5.5981250146133
2016-03-29,5.63902239445479
2016-03-30,5.67046052133003
2016-03-31,5.68448124184425
2016-04-01,5.74511985377153
2016-04-04,5.66644780981496
2016-04-05,5.68441910424322
2016-04-06,5.69708792540285
2016-04-07,5.71367866868731
2016-04-08,5.67488749310552
2016-04-11,5.68103519332961
2016-04-12,5.63533381682889
2016-04-13,5.63730689413184
2016-04-14,5.62827350228299
2016-04-15,5.60834499443559
2016-04-18,5.59347724486756
2016-04-19,5.60383241889504
2016-04-20,5.47431083321791
2016-04-22,5.47206337233747
2016-04-25,5.60892437917343
2016-04-26,5.61099978751215
2016-04-27,5.59080857635432
2016-04-28,5.5932901708006
2016-04-29,5.59593138745878
2016-05-02,5.71120885968654
2016-05-03,5.58316474968671
2016-05-04,5.59664149255918
2016-05-05,5.62571545962836
2016-05-06,5.61396187651953
2016-05-09,5.5801422740109
2016-05-10,5.57376429861992
2016-05-11,5.58947151407054
2016-05-12,5.58351835583817
2016-05-13,5.59640991356998
2016-05-16,5.58389582578399
2016-05-17,5.58031263398285
2016-05-18,5.59543063670259
2016-05-19,5.60128702653222
2016-05-20,5.60684321487255
2016-05-23,5.60034568564001
2016-05-24,5.60106832868764
2016-05-25,5.62087350640954
2016-05-27,5.62459073452218
2016-05-30,5.61579069137936
2016-05-31,5.5978570853746
2016-06-01,5.58890207741125
2016-06-02,5.59436121932115
2016-06-03,5.59009760627147
2016-06-06,5.6129404291533
2016-06-07,5.57836094241642
2016-06-08,5.59808534926711
2016-06-09,5.59064948897222
2016-06-10,5.58578000298089
2016-06-13,5.60477184684064
2016-06-14,5.60413575936932
2016-06-15,5.589679780525
2016-06-16,5.59537448897641
2016-06-17,5.5872863218321
2016-06-20,5.59347393862456
2016-06-21,5.60723633039671
2016-06-22,5.59066626903576
2016-06-23,5.46070106210538
2016-06-24,5.45564117950702
2016-06-27,5.45684590851925
2016-06-28,5.43330233619904
2016-06-29,5.43037526568727
2016-06-30,5.4218330813204
2016-07-01,5.40147899416294
2016-07-04,5.40831300071492
2016-07-05,5.39738115030678
2016-07-06,5.40466521538596
2016-07-07,5.39700802674968
2016-07-08,5.41126980896322
2016-07-11,5.38889868614505
2016-07-12,5.37311808142482
2016-07-13,5.37131011900733
2016-07-14,5.36203926134059
2016-07-15,5.37992973546591
2016-07-18,5.36876167069835
2016-07-19,5.37573407841838
2016-07-20,5.39182098985176
2016-07-21,5.4164825731808
2016-07-22,5.41392092054636
2016-07-25,5.42968819259273
2016-07-26,5.44040765161353
2016-07-27,5.4173583330052
2016-07-28,5.44731518205614
2016-07-29,5.42846558232898
2016-08-01,5.40505160029857
2016-08-02,5.41098805312237
2016-08-03,5.37867883666881
2016-08-04,5.36987537774966
2016-08-05,5.35066629779663
2016-08-08,5.34002900878595
2016-08-09,5.33760620841218
2016-08-10,5.35093848727552
2016-08-11,5.32284201338019
2016-08-12,5.336209654872
2016-08-15,5.31851817054885
2016-08-16,5.30910811618144
2016-08-17,5.29318808091903
2016-08-18,5.28975398036646
2016-08-19,5.2879104940875
2016-08-22,5.26476705232034
2016-08-23,5.27198640725888
2016-08-24,5.27936274939101
2016-08-25,5.27798252769282
2016-08-26,5.27756507151818
2016-08-29,5.26295771278474
2016-08-30,5.25513618382381
2016-08-31,5.25241341463259
2016-09-01,5.27034763343856
2016-09-02,5.2484461472044
2016-09-05,5.2378897738476
2016-09-06,5.23424434465331
2016-09-08,5.24169386994574
2016-09-09,5.24512647732362
2016-09-12,5.24737948510072
2016-09-13,5.271336192359
2016-09-14,5.27083742111175
2016-09-15,5.26229523975053
2016-09-16,5.25366270220965
2016-09-19,5.25914950965713
2016-09-20,5.25722025425752
2016-09-21,5.27012543622305
2016-09-22,5.27072335603512
2016-09-23,5.28121231598912
2016-09-26,5.28420266296836
2016-09-27,5.29135256856105
2016-09-28,5.28592620200513
2016-09-29,5.27960033298092
2016-09-30,5.28645178288273
2016-10-03,5.26912467212697
2016-10-04,5.28984287907975
2016-10-05,5.25449215717191
2016-10-06,5.24371437088314
2016-10-07,5.23895261051538
2016-10-10,5.22302322812498
2016-10-11,5.23099490908255
2016-10-13,5.23715888946256
2016-10-14,5.22715468149273
2016-10-17,5.23322553450538
2016-10-18,5.22858236870875
2016-10-19,5.22414720107442
2016-10-20,5.22299791645491
2016-10-21,5.23979212912809
2016-10-24,5.23252929378131
2016-10-25,5.23103480391522
2016-10-26,5.23038873767889
2016-10-27,5.24060576507268
2016-10-28,5.25024941088566
2016-10-31,5.25364773553425
2016-11-01,5.26284073085014
2016-11-03,5.24394567570979
2016-11-04,5.24418192905753
2016-11-07,5.30699618988282
2016-11-08,5.30738624320063
2016-11-09,5.45673142154561
2016-11-10,5.3069831580889
2016-11-11,5.37127571787639
2016-11-14,5.40362472613765
2016-11-16,5.36962474230125
2016-11-17,5.37030575419002
2016-11-18,5.31775545939414
2016-11-21,5.30547795776375
2016-11-22,5.3099839234927
2016-11-23,5.32920240508182
2016-11-24,5.35018592441884
2016-11-25,5.36965033915244
2016-11-28,5.38227362017622
2016-11-29,5.3517197042159
2016-11-30,5.38313489858763
2016-12-01,5.38126488338085
2016-12-02,5.37390624317082
2016-12-05,5.39507102683326
2016-12-06,5.34840854261207
2016-12-07,5.36632092932739
2016-12-08,5.39374799851488
2016-12-09,5.39894295355083
2016-12-12,5.4461956371637
2016-12-13,5.45443202516852
2016-12-14,5.43245945166024
2016-12-15,5.45008829824209
2016-12-16,5.46458721660374
2016-12-19,5.43511707822222
2016-12-20,5.48856469860148
2016-12-21,5.51647639187109
2016-12-22,5.50047288746423
2016-12-23,5.5076825513665
2016-12-26,5.53892540282971
2016-12-27,5.54833830224984
2016-12-28,5.5545630507901
2016-12-29,5.58411839718086
2017-01-02,5.59859615349579
2017-01-03,5.56688992991635
2017-01-04,5.6248883211606
2017-01-05,5.62184860715697
2017-01-06,5.67364152951761
2017-01-09,5.65365918369947
2017-01-10,5.73145135586757
2017-01-11,5.71393707978305
2017-01-12,5.7066612364554
2017-01-13,5.71584435172228
2017-01-16,5.73753146819791
2017-01-17,5.78503425623192
2017-01-18,5.81394527835395
2017-01-19,5.90322919753715
2017-01-20,5.8845605840444
2017-01-23,5.93363768168276
2017-01-24,5.95199155963879
2017-01-26,5.98535087811333
2017-01-27,5.98534359672623
2017-01-30,5.9742903954818
2017-01-31,5.97503486493066
2017-02-01,6.01194201447804
2017-02-02,6.03579611851743
2017-02-03,5.97667176919402
2017-02-06,5.9824657643133
2017-02-07,5.93540874677145
2017-02-08,5.915157702264
2017-02-09,5.90153096851368
2017-02-10,5.92337698723257
2017-02-13,5.92385509202385
2017-02-14,5.91283417440257
2017-02-15,5.94453021516125
2017-02-16,5.94865659023511
2017-02-17,5.93223138123188
2017-02-20,5.92425710083094
2017-02-21,5.96758996842271
2017-02-22,5.93522931845282
2017-02-23,5.95865965978961
2017-02-24,5.95115491874297
2017-03-01,5.95123870920803
2017-03-02,5.93381944815188
2017-03-03,5.91270594955751
2017-03-06,5.8642788859863
2017-03-07,5.93880394236777
2017-03-08,5.97084336211672
2017-03-09,5.96681397085887
2017-03-10,6.02724082869822
2017-03-13,5.98331370931656
2017-03-14,6.00682359646821
2017-03-15,5.87752410883922
2017-03-16,5.92982502302163
2017-03-17,5.95605524192362
2017-03-20,5.87670143847966
2017-03-21,5.833421196286
2017-03-22,5.89878630446809
2017-03-23,5.79097419672563
2017-03-24,5.86436334076066
2017-03-27,5.89523975273005
2017-03-28,5.82214539695544
2017-03-29,5.74695106235366
2017-03-30,5.73444906722018
2017-03-31,5.7277231853198
2017-04-03,5.71980901092466
2017-04-04,5.71773521526258
2017-04-05,5.67781673194194
2017-04-06,5.7784314585123
2017-04-07,5.7374775506609
2017-04-10,5.72260257616225
2017-04-11,5.71601045965019
2017-04-12,5.72014484482542
2017-04-13,5.73047800178938
2017-04-17,5.69453967653453
2017-04-18,5.64522547296539
2017-04-19,5.58162690622425
2017-04-20,5.5684315166421
2017-04-24,5.55696529326749
2017-04-25,5.53296235748924
2017-04-26,5.51767126037558
2017-04-27,5.50159675516247
2017-04-28,5.49032130080474
2017-05-02,5.50010822999499
2017-05-03,5.49212927595372
2017-05-04,5.49359876105249
2017-05-05,5.50590575391016
2017-05-08,5.52130345145621
2017-05-09,5.51982018932216
2017-05-10,5.52541237690323
2017-05-11,5.51593491809895
2017-05-12,5.50130312624731
2017-05-15,5.5600023170003
2017-05-16,5.55884826636362
2017-05-17,5.5334126721276
2017-05-18,6.20231501452671
2017-05-19,6.11900552958154
2017-05-22,6.14525231707637
2017-05-23,6.17097176660299
2017-05-24,6.07846915305261
2017-05-25,6.06070637509669
2017-05-26,6.14113576487063
2017-05-29,6.15205326122108
2017-05-30,6.09302586822197
2017-05-31,6.0160787666764
2017-06-01,6.12195125185194
2017-06-02,6.10686794846744
2017-06-05,6.08114577412266
2017-06-06,6.06991401969302
2017-06-07,6.04456082191986
2017-06-08,6.05268265428001
2017-06-09,6.00714040247259
2017-06-12,6.04288170001381
2017-06-13,6.12659951649745
2017-06-14,6.09048320595222
2017-06-15,6.11672430248664
2017-06-16,6.0938150907023
2017-06-19,6.10383147310585
2017-06-20,6.0609709310163
2017-06-21,6.02886151375377
2017-06-22,5.95845500728474
2017-06-23,5.97574216125373
2017-06-26,5.92521781194671
2017-06-27,5.96918827890774
2017-06-28,5.97090972598403
2017-06-29,6.00455863450984
2017-06-30,6.0253761929007
2017-07-03,6.02895209962646
2017-07-04,6.03916025461749
2017-07-05,6.09486874607928
2017-07-06,6.14698175034646
2017-07-07,6.05984709524276
2017-07-10,6.04005652624723
2017-07-11,5.97833863575674
2017-07-12,5.9668676982619
2017-07-13,5.94895683373248
2017-07-14,5.97156025084666
2017-07-17,5.97199281425623
2017-07-18,6.0330528929689
2017-07-19,5.92424383687369
2017-07-20,6.00234985867235
2017-07-21,5.89201477562648
2017-07-24,5.80620503755092
2017-07-25,5.75730682901898
2017-07-26,5.72626891056793
2017-07-27,5.71288114381654
2017-07-28,5.69617147482212
2017-07-31,5.68551808396918
2017-08-01,5.65616080862024
2017-08-02,5.61672139326685
2017-08-03,5.62526511688642
2017-08-04,5.60247054926477
2017-08-07,5.58991250975693
2017-08-08,5.56917218671626
2017-08-09,5.56789264573046
2017-08-10,5.59108849328977
2017-08-11,5.54679355116117
2017-08-14,5.60551214893944
2017-08-15,5.62644693566744
2017-08-16,5.6092718353625
2017-08-17,5.58560263646705
2017-08-18,5.54454905279665
2017-08-21,5.49348987796374
2017-08-22,5.4388248658349
2017-08-23,5.43444372598729
2017-08-24,5.4226119247327
2017-08-25,5.40659157703208
2017-08-28,5.39844814511704
2017-08-29,5.39221729837213
2017-08-30,5.34117659242487
2017-08-31,5.31494487423155
2017-09-01,5.26652880884746
2017-09-04,5.2520505489971
2017-09-05,5.22529633923322
2017-09-06,4.93367660952581
2017-09-07,4.95461090679115
2017-09-08,4.96113257774491
2017-09-11,4.94250883079169
2017-09-12,4.96283321061988
2017-09-13,4.94946010373326
2017-09-14,4.9683369474462
2017-09-15,4.96991772150904
2017-09-18,5.00133792968804
2017-09-19,4.99896463079587
2017-09-20,5.00501196262697
2017-09-21,5.00505770692047
2017-09-22,5.0377786246471
2017-09-25,5.04613754797913
2017-09-26,5.04976908660533
2017-09-27,5.03623867088321
2017-09-28,5.06487027502543
2017-09-29,5.07154783047621
2017-10-02,5.0683468656429
2017-10-03,5.03526703997875
2017-10-04,5.01213154710231
2017-10-05,4.99363724670147
2017-10-06,4.98377362548082
2017-10-09,4.97786259392744
2017-10-10,4.9545985684878
2017-10-11,4.9559751960161
2017-10-12,4.96856611883229
2017-10-13,5.00136017829737
2017-10-16,5.01041497878119
2017-10-17,5.01798157382864
2017-10-18,5.02662981952022
2017-10-19,5.04460358617341
2017-10-20,5.07677363513449
2017-10-23,5.09078879873645
2017-10-24,5.0637135365533
2017-10-25,5.07826205463311
2017-10-26,5.11211765707815
2017-10-27,5.11305382288981
2017-10-30,5.09717422658976
2017-10-31,5.11057290510698
2017-11-01,5.11183009755614
2017-11-02,5.1312417171131
2017-11-03,5.10719955522125
2017-11-06,5.08719224072782
2017-11-07,5.18530149958866
2017-11-08,5.15715563165617
2017-11-09,5.11544798871734
2017-11-10,5.14246357344336
2017-11-13,5.15042560170741
2017-11-14,5.29976755525465
2017-11-15,5.21116431767187
2017-11-16,5.18226207174658
2017-11-17,5.19714837042313
2017-11-20,5.24820949376073
2017-11-21,5.26290591752743
2017-11-22,5.28706983916804
2017-11-23,5.30932428935359
2017-11-24,5.34893097090359
2017-11-27,5.33332657931969
2017-11-28,5.38142960723587
2017-11-29,5.31701452836883
2017-11-30,5.33356059719441
2017-12-01,5.34799380262774
2017-12-04,5.36720642331959
2017-12-05,5.36196188073085
2017-12-06,5.34748380795706
2017-12-07,5.32195902101837
2017-12-08,5.33003141031366
2017-12-11,5.37281685983503
2017-12-12,5.40742225316845
2017-12-13,5.36484860744741
2017-12-14,5.38964331495829
2017-12-15,5.42779627873171
2017-12-18,5.38965949769691
2017-12-19,5.4183769508199
2017-12-20,5.43203920630736
2017-12-21,5.40506869997428
2017-12-22,5.44899200961947
2017-12-25,5.48967076996771
2017-12-26,5.466990351414
2017-12-27,5.50784234769248
2017-12-28,5.56978545315401
2017-12-29,5.60841536757854
2018-01-02,5.52765937532514
2018-01-03,5.52034359516123
2018-01-04,5.5849924730339
2018-01-05,5.61021058643207
2018-01-08,5.5706618194528
2018-01-09,5.56615399628928
2018-01-10,5.53330398507529
2018-01-11,5.47459249443647
2018-01-12,5.52427845181992
2018-01-15,5.52912451442077
2018-01-16,5.48532542124574
2018-01-17,5.5245607071826
2018-01-18,5.5278565373222
2018-01-19,5.53787230989436
2018-01-22,5.51909309434613
2018-01-23,5.51183450701803
2018-01-24,5.59483708360202
2018-01-25,5.60529242911399
2018-01-26,5.53653184969789
2018-01-29,5.54177917325805
2018-01-30,5.55467853794068
2018-01-31,5.541700891898
2018-02-01,5.53977711126429
2018-02-02,5.49333982677573
2018-02-05,5.46067944701593
2018-02-06,5.47660507373876
2018-02-07,5.45215489694503
2018-02-08,5.45501571291086
2018-02-09,5.44460613151307
2018-02-14,5.41081518196632
2018-02-15,5.39961414881006
2018-02-16,5.41089230329148
2018-02-19,5.38790953725398
2018-02-20,5.36302370980203
2018-02-21,5.3590097942607
2018-02-22,5.37354626601669
2018-02-23,5.34928083106209
2018-02-26,5.32310408509395
2018-02-27,5.18333232693001
2018-02-28,5.18265698629366
2018-03-01,5.17220061578119
2018-03-02,5.15227435444373
2018-03-05,5.15874729206915
2018-03-06,5.15448375642081
2018-03-07,5.14938435899599
2018-03-08,5.17174675349397
2018-03-09,5.14502479627409
2018-03-12,5.14535378491599
2018-03-13,5.14241517532965
2018-03-14,5.15542952446501
2018-03-15,5.17256743992671
2018-03-16,5.2638361951933
2018-03-19,5.2398257805633
2018-03-20,5.20259099439771
2018-03-21,5.17629570989101
2018-03-22,5.17834883588632
2018-03-23,5.18599635222307
2018-03-26,5.20272337259662
2018-03-27,5.19333323617665
2018-03-28,5.21449797794524
2018-03-29,5.20779139370127
2018-04-02,5.18280699634879
2018-04-03,5.17811728359157
2018-04-04,5.16648581262486
2018-04-05,5.14057380957545
2018-04-06,5.1504741919081
2018-04-09,5.14893097496954
2018-04-10,5.18163296408451
2018-04-11,5.13977383631339
2018-04-12,5.13305886577623
2018-04-13,5.11614987446082
2018-04-16,5.09768212052792
2018-04-17,5.1070107680809
2018-04-18,5.11276887141541
2018-04-19,5.10277576286071
2018-04-20,5.11117762470204
2018-04-23,5.12190536718376
2018-04-24,5.11771891101706
2018-04-25,5.13177995019216
2018-04-26,5.11963676921238
2018-04-27,5.11254316092585
2018-04-30,5.09897819158744
2018-05-02,5.08704701170415
2018-05-03,5.08917346841833
2018-05-04,5.08131444820871
2018-05-07,5.06705288578854
2018-05-08,5.05674394176382
2018-05-09,5.15680880247093
2018-05-10,5.12015970036176
2018-05-11,5.12470243781067
2018-05-14,5.1084014259314
2018-05-15,5.09393479288556
2018-05-16,5.07993153547677
2018-05-17,5.02528312872726
2018-05-18,5.02258119989211
2018-05-21,5.08032064394946
2018-05-22,5.07878313025094
2018-05-23,5.07847473455015
2018-05-24,5.32489417756732
2018-05-25,5.3474811107961
2018-05-28,5.47970345253596
2018-05-29,5.43357504433084
2018-05-30,5.48756318746278
2018-06-01,5.44391639123851
2018-06-04,5.38607148480192
2018-06-05,5.4057607478581
2018-06-06,5.44677943353946
2018-06-07,5.47718669572871
2018-06-08,5.47343748164735
2018-06-11,5.49454369825923
2018-06-12,5.51716333996843
2018-06-13,5.55681817601731
2018-06-14,5.62454418782672
2018-06-15,5.66189635505177
2018-06-18,5.66091042630739
2018-06-19,5.60523377884807
2018-06-20,5.57347863955138
2018-06-21,5.52398265570124
2018-06-22,5.55736996368305
2018-06-25,5.53743530595542
2018-06-26,5.54092950290832
2018-06-27,5.57024050759297
2018-06-28,5.58981422970937
2018-06-29,5.55675383933796
2018-07-02,5.59903128581411
2018-07-03,5.60328224423569
2018-07-04,5.64845667319815
2018-07-05,5.64608479062801
2018-07-06,5.48523263229269
2018-07-10,5.49152969944388
2018-07-11,5.49805115429958
2018-07-12,5.46634218403896
2018-07-13,5.49840363689386
2018-07-16,5.49226429673696
2018-07-17,5.51096769952298
2018-07-18,5.49744020210944
2018-07-19,5.52123410064246
2018-07-20,5.51189412222122
2018-07-23,5.55810349285618
2018-07-24,5.5336293383004
2018-07-25,5.51175816007618
2018-07-26,5.51201049949569
2018-07-27,5.44732805676862
2018-07-30,5.45987108953801
2018-07-31,5.4543158507087
2018-08-01,5.45266521346058
2018-08-02,5.45782428321421
2018-08-03,5.41921164053923
2018-08-06,5.41085701807475
2018-08-07,5.44257505906602
2018-08-08,5.42288862729108
2018-08-09,5.40512488961867
2018-08-10,5.42462624094757
2018-08-13,5.42377534947986
2018-08-14,5.45296879554112
2018-08-15,5.43473989941868
2018-08-16,5.46499804780647
2018-08-17,5.433961105802
2018-08-20,5.45001229099324
2018-08-21,5.44502685671186
2018-08-22,5.42031972708077
2018-08-23,5.40226977263014
2018-08-24,5.38650937714192
2018-08-27,5.37475937240042
2018-08-28,5.3684700425752
2018-08-29,5.38421694504957
2018-08-30,5.3653644816224
2018-08-31,5.34522376443762
2018-09-03,5.3485255646878
2018-09-04,5.34168477494384
2018-09-05,5.35324669781082
2018-09-06,5.34099961509197
2018-09-10,5.33166002310713
2018-09-11,5.31382902756659
2018-09-12,5.29700401944827
2018-09-13,5.29213047640313
2018-09-14,5.29946001359209
2018-09-17,5.27531609053906
2018-09-18,5.25796452061196
2018-09-19,5.25607643520397
2018-09-20,5.27369814702076
2018-09-21,5.27214178050297
2018-09-24,5.2949159255479
2018-09-25,5.30375770421522
2018-09-26,5.33021569645051
2018-09-27,5.38424059260503
2018-09-28,5.37733557764155
2018-10-01,5.38661070016007
2018-10-02,5.4755199120036
2018-10-03,5.43985701617606
2018-10-04,5.46746404482486
2018-10-05,5.4960861162905
2018-10-08,5.5584562336722
2018-10-09,5.58909661357354
2018-10-10,5.56599913268372
2018-10-11,5.56088491266471
2018-10-15,5.56449140022521
2018-10-16,5.52779570502867
2018-10-17,5.55623437383867
2018-10-18,5.53035516700706
2018-10-19,5.54090563880247
2018-10-22,5.52561999226394
2018-10-23,5.52895948492999
2018-10-24,5.51589433021049
2018-10-25,5.51388726636151
2018-10-26,5.48163263467633
2018-10-29,5.44501677791006
2018-10-30,5.41260310260717
2018-10-31,5.41407087870625
2018-11-01,5.41798622856182
2018-11-05,5.3952611612958
2018-11-06,5.39423698877062
2018-11-07,5.37374655130937
2018-11-08,5.35612295268412
2018-11-09,5.37246073102279
2018-11-12,5.39375750717911
2018-11-13,5.37391203339286
2018-11-14,5.37756617574123
2018-11-16,5.35928840751723
2018-11-19,5.36929854028868
2018-11-21,5.36692721094777
2018-11-22,5.38168796754606
2018-11-23,5.3851488343698
2018-11-26,5.38357907371116
2018-11-27,5.37553150019087
2018-11-28,5.37254756395479
2018-11-29,5.39514253870164
2018-11-30,5.41395107759822
2018-12-03,5.40218162485872
2018-12-04,5.40998321902337
2018-12-05,5.40591191863727
2018-12-06,5.41302377640745
2018-12-07,5.4248454263771
2018-12-10,5.43408418946995
2018-12-11,5.22168694976119
2018-12-12,5.47014913646062
2018-12-13,5.50186686090264
2018-12-14,5.51469912783059
2018-12-17,5.5184139051258
2018-12-18,5.4877607515285
2018-12-19,5.49249617674363
2018-12-20,5.48096162875542
2018-12-21,5.51253757162874
2018-12-26,5.49805158356634
2018-12-27,5.49957784172499
2018-12-28,5.47315158003033
2019-01-02,5.48832930320993
2019-01-03,5.48071406807137
2019-01-04,5.49033045937778
2019-01-07,5.52737716548321
2019-01-08,5.52815043442135
2019-01-09,5.52601190081822
2019-01-10,5.56553887064875
2019-01-11,5.61043320459437
2019-01-14,5.60598148350169
2019-01-15,5.61040185789557
2019-01-16,5.67613067506493
2019-01-17,5.65737138566245
2019-01-18,5.67382346198388
2019-01-21,5.73346300839723
2019-01-22,5.71368266027123
2019-01-23,5.69823504446524
2019-01-24,5.69041300419012
2019-01-28,5.64667633873655
2019-01-29,5.60102207801575
2019-01-30,5.58473738309505
2019-01-31,5.58376838121974
2019-02-01,5.57491923417416
2019-02-04,5.57024398877087
2019-02-05,5.71442359194191
2019-02-06,5.53170223598074
2019-02-07,5.50483654786304
2019-02-08,5.51266278298984
2019-02-11,5.50710698174084
2019-02-12,5.48853302156344
2019-02-13,5.47776953962946
2019-02-14,5.45996192026728
2019-02-15,5.49526571041196
2019-02-18,5.49728903382819
2019-02-19,5.48906446057045
2019-02-20,5.48333705879878
2019-02-21,5.47859496815386
2019-02-22,5.46631170018953
2019-02-25,5.44544617570511
2019-02-26,5.44006756327898
2019-02-27,5.42161707106357
2019-02-28,5.42470517515347
2019-03-01,5.42177195738195
2019-03-06,5.49156501879957
2019-03-07,5.45343638075948
2019-03-08,5.45579513497485
2019-03-11,5.43763683359527
2019-03-12,5.42641688538419
2019-03-13,5.37114409843895
2019-03-14,5.41297427506482
2019-03-15,5.42391234854539
2019-03-18,5.39073518217198
2019-03-19,5.26357954181523
2019-03-20,5.28383787696874
2019-03-21,5.28629130312541
2019-03-22,5.40686296863734
2019-03-25,5.41349963810499
2019-03-26,5.35173325945127
2019-03-27,5.33045550880394
2019-03-28,5.30109125860128
2019-03-29,5.32598018404595
2019-04-01,5.34132251140263
2019-04-02,5.35746157103572
2019-04-03,5.34671155110551
2019-04-04,5.301100842747
2019-04-05,5.29362914038554
2019-04-08,5.28319960409004
2019-04-09,5.29420837496573
2019-04-10,5.28708693599421
2019-04-11,5.27303514745498
2019-04-12,5.37176369850632
2019-04-15,5.40210185410711
2019-04-16,5.37858494688011
2019-04-17,5.39436726343416
2019-04-18,5.35705866768494
2019-04-22,5.42489604714877
2019-04-23,5.44110400080455
2019-04-24,5.47680751890361
2019-04-25,5.45824000246341
2019-04-26,5.49837850670095
2019-04-29,5.53946623467568
2019-04-30,5.57855442015
2019-05-02,5.61893647436188
2019-05-03,5.67987423111108
2019-05-06,5.72197471853625
2019-05-07,5.71714109951656
2019-05-08,5.67237183924762
2019-05-09,5.65184064555447
2019-05-10,5.64314841923498
2019-05-13,5.54542623368768
2019-05-14,5.55512550443595
2019-05-15,5.5690779412683
2019-05-16,5.55061767822281
2019-05-17,5.54269713564053
2019-05-20,5.51537449559226
2019-05-21,5.49374357892859
2019-05-22,5.49643680978872
2019-05-23,5.50195770750297
2019-05-24,5.53196173183437
2019-05-27,5.53111322030576
2019-05-28,5.50715635031853
2019-05-29,5.44123424400119
2019-05-30,5.43816405873144
2019-05-31,5.42068453260894
2019-06-03,5.40469794973409
2019-06-04,5.47608521602417
2019-06-05,5.46943819917421
2019-06-06,5.45277463039982
2019-06-07,5.43225044398827
2019-06-10,5.43034455608894
2019-06-11,5.38391814489349
2019-06-12,5.40421585452636
2019-06-13,5.39604485974131
2019-06-14,5.39875584630309
2019-06-17,5.42681694613
2019-06-18,5.41157273305439
2019-06-19,5.43978728753625
2019-06-21,5.40548433988605
2019-06-24,5.41988990973422
2019-06-25,5.40987348971479
2019-06-26,5.45208744824635
2019-06-27,5.44716861554752
2019-06-28,5.45299828023363
2019-07-01,5.45942555705251
2019-07-02,5.47107932131135
2019-07-03,5.46858352571228
2019-07-04,5.49556360637844
2019-07-05,5.53571082776472
2019-07-08,5.52914399909896
2019-07-10,5.49719205232916
2019-07-11,5.48660239754821
2019-07-12,5.49017582823665
2019-07-15,5.42758726263734
2019-07-16,5.47587074524603
2019-07-17,5.51217745704431
2019-07-18,5.5002163264183
2019-07-19,5.49981927890699
2019-07-22,5.50970367580957
2019-07-23,5.53063979472501
2019-07-24,5.56762183991339
2019-07-25,5.56062523507584
2019-07-26,5.54073456946142
2019-07-29,5.55131290128774
2019-07-30,5.57703171343556
2019-07-31,5.57389986396589
2019-08-01,5.57640744266305
2019-08-02,5.58480495444629
2019-08-05,5.59426267884912
2019-08-06,5.57757628061271
2019-08-07,5.60066093465449
2019-08-08,5.58307322009608
2019-08-09,5.55116982824979
2019-08-12,5.51164058553395
2019-08-13,5.5021914475682
2019-08-14,5.47925946837887
2019-08-15,5.44401408539795
2019-08-16,5.44689889258177
2019-08-19,5.48095803450769
2019-08-20,5.48647071188906
2019-08-21,5.51930890896739
2019-08-22,5.55436307521325
2019-08-23,5.52097735833305
2019-08-26,5.52672599194077
2019-08-27,5.56476443257399
2019-08-28,5.60608487893511
2019-08-29,5.55342566459902
2019-08-30,5.54823860246421
2019-09-02,5.60065560952986
2019-09-03,5.55805479533287
2019-09-04,5.58649829869899
2019-09-05,5.60749698816096
2019-09-06,5.63958680691603
2019-09-09,5.66047021114785
2019-09-10,5.69015079532167
2019-09-11,5.70936591199088
2019-09-12,5.71055332495981
2019-09-13,5.71270989093107
2019-09-16,5.68117752085003
2019-09-17,5.65225504727245
2019-09-18,5.68857679397395
2019-09-19,5.71617732699425
2019-09-20,5.75293798408705
2019-09-23,5.73269031577633
2019-09-24,5.7353088464707
2019-09-25,5.78632813900593
2019-09-26,5.79427363002386
2019-09-27,5.83633696533207
2019-09-30,5.8416451008208
2019-10-01,5.894468449042
2019-10-02,5.85701234004359
2019-10-03,5.88617314972826
2019-10-04,5.89062569947155
2019-10-07,5.91097965868698
2019-10-08,5.90393928825375
2019-10-09,5.85872962866649
2019-10-10,5.84951115517244
2019-10-11,5.79658179404161
2019-10-14,5.82479529435976
2019-10-15,5.80210577219134
2019-10-16,5.79146104784301
2019-10-17,5.76779181781994
2019-10-18,5.76038206321706
2019-10-21,5.77676845372046
2019-10-22,5.7313938124609
2019-10-23,5.69550816848411
2019-10-24,5.63766341005013
2019-10-25,5.58486295140807
2019-10-28,5.56439771990776
2019-10-29,5.55352339466434
2019-10-30,5.54294918753378
2019-10-31,5.53951878268036
2019-11-01,5.59978904487536
2019-11-04,5.61868706260239
2019-11-05,5.57267937037813
2019-11-06,5.56797083781825
2019-11-07,5.53712333495677
2019-11-08,5.43634190992556
2019-11-11,5.42912279186269
2019-11-12,5.43554498341478
2019-11-13,5.4553850478472
2019-11-14,5.44199587947631
2019-11-18,5.45352562360196
2019-11-19,5.44028119012748
2019-11-21,5.39214985422254
2019-11-22,5.41795755962991
2019-11-25,5.42909974825487
2019-11-26,5.30915213940193
2019-11-27,5.45727509018613
2019-11-28,5.47063170611307
2019-11-29,5.48029628456343
2019-12-02,5.55742847230294
2019-12-03,5.56881611180144
2019-12-04,5.50922087813835
2019-12-05,5.48298256534503
2019-12-06,5.47746546792553
2019-12-09,5.49583871614402
2019-12-10,5.48049745256906
2019-12-11,5.49217104187338
2019-12-12,5.48379486003603
2019-12-13,5.20501257227632
2019-12-16,5.1791972613247
2019-12-17,5.16386632727764
2019-12-18,5.13640242514784
2019-12-19,5.16528302836285
2019-12-20,5.16274486353046
2019-12-23,5.16529009441291
2019-12-26,5.18073953802989
2019-12-27,5.18671029273079
2019-12-30,5.19641521519393
2020-01-02,5.17269477667542
2020-01-03,5.19740716760104
2020-01-06,5.18468884357383
2020-01-07,5.21055740776054
2020-01-08,5.25620326379556
2020-01-09,5.22848324219509
2020-01-10,5.22447986166762
2020-01-13,5.23610557802882
2020-01-14,5.22229395126102
2020-01-15,5.2034192417597
2020-01-16,5.21861332095921
2020-01-17,5.20999425196732
2020-01-20,5.24217675474751
2020-01-21,5.21389988671403
2020-01-22,5.22918357241879
2020-01-23,5.22334353209366
2020-01-24,5.20068814209834
2020-01-27,5.3003374682563
2020-01-28,5.26476323726208
2020-01-29,5.30449229406382
2020-01-30,5.32149376198205
2020-01-31,5.31239161947205
2020-02-03,5.31193179180892
2020-02-04,5.32327824405042
2020-02-05,5.34668139467642
2020-02-06,5.33047082724295
2020-02-07,5.31604222894763
2020-02-10,5.31142552135999
2020-02-11,5.34953335398031
2020-02-12,5.30558744487989
2020-02-13,5.26848881194013
2020-02-14,5.20047449158088
2020-02-17,5.22758081718454
2020-02-18,5.22896790945472
2020-02-19,5.21944828885889
2020-02-20,5.20916609279112
2020-02-21,5.18250471868299
2020-02-26,5.55489438363223
2020-02-27,5.48890546527851
2020-02-28,5.54247762289084
2020-03-02,5.45501661483587
2020-03-03,5.47412734888236
2020-03-04,5.45577720508598
2020-03-05,5.41461675650172
2020-03-06,5.43483712955292
2020-03-09,6.01779343786491
2020-03-10,5.90609741249822
2020-03-11,5.81883388678936
2020-03-12,5.80684933401866
2020-03-13,5.71181992351472
2020-03-16,5.67556604712055
2020-03-17,5.71698382318517
2020-03-18,5.67033785664705
2020-03-19,5.65837983401388
2020-03-20,5.68662854539475
2020-03-23,5.68561700471083
2020-03-24,5.64932414556386
2020-03-25,5.64692846005699
2020-03-26,5.66051457246224
2020-03-27,5.64323342356076
2020-03-30,5.67105178966913
2020-03-31,5.68233709037243
2020-04-01,5.73994416608538
2020-04-02,5.68970901520064
2020-04-03,5.71067847069003
2020-04-06,5.6826660604126
2020-04-07,5.65136131570983
2020-04-08,5.60542105633661
2020-04-09,5.58510797408754
2020-04-13,5.57451869563254
2020-04-14,5.56350835156394
2020-04-15,5.55855915339622
2020-04-16,5.57173757345792
2020-04-17,5.55220767458158
2020-04-20,5.53942819982531
2020-04-22,5.53787307936299
2020-04-23,5.41059055343985
2020-04-24,5.52285751347784
2020-04-27,5.53241365133935
2020-04-28,5.51653999977086
2020-04-29,5.52338581722387
2020-04-30,5.54170356510805
2020-05-04,5.56030044344201
2020-05-05,5.56822486546624
2020-05-06,5.53676794337952
2020-05-07,5.51862200090893
2020-05-08,5.49442859372938
2020-05-11,5.51541018131113
2020-05-12,5.50042369971705
2020-05-13,5.4749102076871
2020-05-14,5.44495804930455
2020-05-15,5.4375403055705
2020-05-18,5.4972746726798
2020-05-19,5.51401053011955
2020-05-20,5.52726299862877
2020-05-21,5.53598326625878
2020-05-22,5.53474011532634
2020-05-25,5.49945086878153
2020-05-26,5.50920677556459
2020-05-27,5.51242099071837
2020-05-28,5.50592679713289
2020-05-29,5.47912759941171
2020-06-01,5.51639589509906
2020-06-02,5.48747115731503
2020-06-03,5.49210329203692
2020-06-04,5.49188475182994
2020-06-05,5.46134822061067
2020-06-08,5.46409685475577
2020-06-09,5.4357838973521
2020-06-10,5.44282450298366
2020-06-12,5.45406257089618
2020-06-15,5.44569747812623
2020-06-16,5.42849214486862
2020-06-17,5.43130171485058
2020-06-18,5.43198197652617
2020-06-19,5.34301072769897
2020-06-22,5.33688609986031
2020-06-23,5.33947908151375
2020-06-24,5.32103697059382
2020-06-25,5.30591179985213
2020-06-26,5.29368556054876
2020-06-29,5.28970349503737
2020-06-30,5.26050055241818
2020-07-01,5.31792278279655
2020-07-02,5.32492681795022
2020-07-03,5.357313317618
2020-07-06,5.3548225957886
2020-07-07,5.33623468952693
2020-07-08,5.31695368297018
2020-07-09,5.29098354500726
2020-07-10,5.27520224119167
2020-07-13,5.25856007530245
2020-07-14,5.25137241050807
2020-07-15,5.23245014787933
2020-07-16,5.21538054590847
2020-07-17,5.20799863707257
2020-07-20,5.23502523916146
2020-07-21,5.21014451108132
2020-07-22,5.22923696007954
2020-07-23,5.2107764563551
2020-07-24,5.20351188728359
2020-07-27,5.18933958247191
2020-07-28,5.15123900088271
2020-07-29,5.19577974666627
2020-07-30,5.18335297716894
2020-07-31,5.18935018133004
2020-08-03,5.17508312108084
2020-08-04,5.17334353940783
2020-08-05,5.23342216991146
2020-08-06,5.25887196250788
2020-08-07,5.25225123627029
2020-08-10,5.25114015775654
2020-08-11,5.24535771246463
2020-08-12,5.20826978239941
2020-08-13,5.23330811144413
2020-08-14,5.24817949080784
2020-08-17,5.25155811420257
2020-08-18,5.26509078771312
2020-08-19,5.29591043342005
2020-08-20,5.30676852735826
2020-08-21,5.34825097859009
2020-08-24,5.32188746427967
2020-08-25,5.28829368863552
2020-08-26,5.21677644319338
2020-08-27,5.23457471871362
2020-08-28,5.27933052291969
2020-08-31,5.25370147620648
2020-09-01,5.24294951861724
2020-09-02,5.26538592574035
2020-09-03,5.2719863356174
2020-09-04,5.30409072243112
2020-09-08,5.27410101945323
2020-09-09,5.26908555104202
2020-09-10,5.2549590121172
2020-09-11,5.26559176331809
2020-09-14,5.27382795230285
2020-09-15,5.29886935437635
2020-09-16,5.30329176287268
2020-09-17,5.30467891807984
2020-09-18,5.28460906606251
2020-09-21,5.27774386946748
2020-09-22,5.28097060970341
2020-09-23,5.27715182557772
2020-09-24,5.28333824132398
2020-09-25,5.30078942352031
2020-09-28,5.29189746123376
2020-09-29,5.30314380971358
2020-09-30,5.29738466279134
2020-10-01,5.29272466496724
2020-10-02,5.29463745596619
2020-10-05,5.27765211968616
2020-10-06,5.16919418839404
2020-10-07,5.34129334421654
2020-10-08,5.22102000037033
2020-10-09,5.20920653684529
2020-10-13,5.2330572073391
2020-10-14,5.2340136950269
2020-10-15,5.28440320864342
2020-10-16,5.21215835282506
2020-10-19,5.2273298760658
2020-10-20,5.20719258205937
2020-10-21,5.21190443871749
2020-10-22,5.23061009193486
2020-10-23,5.20489332823484
2020-10-26,5.20150640515465
2020-10-27,5.22227095765508
2020-10-28,5.2731385726863
2020-10-29,5.25702353622746
2020-10-30,5.28349512692511
2020-11-03,5.30031120408125
2020-11-04,5.30312455298545
2020-11-05,5.36756111817532
2020-11-06,5.4639556930512
2020-11-09,5.34663112011717
2020-11-10,5.30874421240477
2020-11-11,5.32468813666938
2020-11-12,5.29881359939936
2020-11-13,5.2810999884005
2020-11-16,5.28975106063126
2020-11-17,5.28851049409776
2020-11-18,5.31462076148178
2020-11-19,5.33017720615368
2020-11-23,5.30079180521874
2020-11-24,5.28171794820539
2020-11-25,5.28047864941182
2020-11-26,5.27360332717438
2020-11-27,5.29773583116871
2020-11-30,5.30107402492595
2020-12-01,5.33342530664441
2020-12-02,5.32009661254921
2020-12-03,5.31050307865446
2020-12-04,5.14288798201443
2020-12-07,5.13450998676626
2020-12-08,5.13110646509556
2020-12-09,5.12905495495116
2020-12-10,5.12563715525139
2020-12-11,5.13953094077892
2020-12-14,5.1586961557872
2020-12-15,5.16084425848444
2020-12-16,5.1795205895636
2020-12-17,5.20185531657397
2020-12-18,5.20393002157016
2020-12-21,5.22099089293945
2020-12-22,5.22346320336542
2020-12-23,5.24070225440236
2020-12-28,5.24714372663444
2020-12-29,5.30430827973573
2020-12-30,5.13677848853063
2021-01-04,5.13234220245744
2021-01-05,5.10963569362493
2021-01-06,5.12138307844364
2021-01-07,5.10069980958825
2021-01-08,5.12652319859479
2021-01-11,5.15193280905089
2021-01-12,5.18238482854786
2021-01-13,5.18799542617351
2021-01-14,5.20279425084683
2021-01-15,5.21824215176342
2021-01-18,5.18144971828083
2021-01-19,5.18642792693676
2021-01-20,5.20808602090871
2021-01-21,5.22183744503038
2021-01-22,5.23712071022312
2021-01-26,5.21358731249245
2021-01-27,5.22277454299318
2021-01-28,5.22743819668705
2021-01-29,5.22992085535014
2021-02-01,5.20605319692338
2021-02-02,5.19505520621629
2021-02-03,5.19386520999636
2021-02-04,5.2340448325485
2021-02-05,5.25618519357553
2021-02-08,5.25611580550444
2021-02-09,5.22552414485642
2021-02-10,5.23519345244251
2021-02-11,5.19883804320713
2021-02-12,5.21319675932794
2021-02-17,5.22895863644325
2021-02-18,5.30681162577393
2021-02-19,5.1944732738618
2021-02-22,5.68575373167329
2021-02-23,5.51723209915156
2021-02-24,5.54122364248172
2021-02-25,5.52536460221906
2021-02-26,5.53164148824176
2021-03-01,5.56378660947355
2021-03-02,5.62604784046031
2021-03-03,5.6113478099202
2021-03-04,5.5761607633553
2021-03-05,5.61524890520751
2021-03-08,5.57134552853539
2021-03-09,5.57643961823308
2021-03-10,5.58970420048115
2021-03-11,5.57067238430867
2021-03-12,5.58504698857591
2021-03-15,5.60437771093925
2021-03-16,5.61109034534802
2021-03-17,5.59519638717241
2021-03-18,5.59123853184013
2021-03-19,5.57335653703014
2021-03-22,5.56356849119407
2021-03-23,5.56741173986648
2021-03-24,5.58506813257376
2021-03-25,5.58262599246429
2021-03-26,5.6017620138101
2021-03-29,5.59854898817226
2021-03-30,5.59264567214361
2021-03-31,5.60193397933068
2021-04-01,5.6197725180598
2021-04-05,5.65438741436324
2021-04-06,5.67626022034646
2021-04-07,5.64482789491571
2021-04-08,5.77925399054747
2021-04-09,5.71974245157214
2021-04-12,5.75115680182515
2021-04-13,5.73880387903518
2021-04-14,5.76628105305271
2021-04-15,5.72363291065989
2021-04-16,5.76379751380165
2021-04-19,5.90236548532542
2021-04-20,5.86546162480992
2021-04-22,5.88557374334655
2021-04-23,5.95376098235042
2021-04-26,5.89477121244515
2021-04-27,5.83415668526092
2021-04-28,5.82525893369311
2021-04-29,5.8164335996616
2021-04-30,5.80584396918676
2021-05-03,5.84203532979312
2021-05-04,5.79246671245463
2021-05-05,5.74375522486872
2021-05-06,5.7485683418049
2021-05-07,5.70300658915515
2021-05-10,5.72210039227053
2021-05-11,5.72304937062874
2021-05-12,5.72336059423873
2021-05-13,5.71445395613472
2021-05-14,5.66421752516481
2021-05-17,5.74233482505816
2021-05-18,5.77439582063096
2021-05-19,5.83367569604466
2021-05-20,5.81574857968174
2021-05-21,5.82939184669584
2021-05-24,5.81936267751142
2021-05-25,5.78940976906323
2021-05-26,5.7857796263642
2021-05-27,5.78797431227698
2021-05-28,5.75571264411524
2021-05-31,5.78095268765524
2021-06-01,5.76136585841108
2021-06-02,5.736613932208
2021-06-04,5.7315096100284
2021-06-07,5.75839316568046
2021-06-08,5.76465012575998
2021-06-09,5.82494119169484
2021-06-10,5.84073643192463
2021-06-11,5.82217951115246
2021-06-14,5.85816965336811
2021-06-15,5.85198963438664
2021-06-16,5.90075297080111
2021-06-17,5.82634049071396
2021-06-18,5.93599572264816
2021-06-21,5.87726516509745
2021-06-22,5.93002569803999
2021-06-23,5.94679510734395
2021-06-24,5.94119729001128
2021-06-25,5.90205404999905
2021-06-28,5.91612650544488
2021-06-29,5.95714387358546
2021-06-30,5.97702796401706
2021-07-01,5.9711043413568
2021-07-02,6.00404020114043
2021-07-05,5.98229167031561
2021-07-06,6.02108960101621
2021-07-07,6.03010844725201
2021-07-08,6.0386233059184
2021-07-12,6.02197460617534
2021-07-13,6.10134167543363
2021-07-14,6.10961633025262
2021-07-15,6.03053225240976
2021-07-16,6.07972285308438
2021-07-19,6.06790506396482
2021-07-20,6.07594802470101
2021-07-21,6.0802570907961
2021-07-22,6.08171536460439
2021-07-23,6.14123608526558
2021-07-26,6.09161836964179
2021-07-27,6.0855350382744
2021-07-28,6.06292708158783
2021-07-29,6.07098268522396
2021-07-30,6.10771216943014
2021-08-02,6.07616845238578
2021-08-03,6.06242477496543
2021-08-04,6.06523580452587
2021-08-05,6.2234793525729
2021-08-06,6.25284425010766
2021-08-09,6.3187197905338
2021-08-10,6.41267413543504
2021-08-11,6.42177277855397
2021-08-12,6.4528854546679
2021-08-13,6.46675840115296
2021-08-16,6.45466369288826
2021-08-17,6.47633191963809
2021-08-18,6.48663059707478
2021-08-19,6.5418971976407
2021-08-20,6.51573741485547
2021-08-23,6.52905551223719
2021-08-24,6.48216692485113
2021-08-25,6.50622966212599
2021-08-26,6.5385512279021
2021-08-27,6.50790547810426
2021-08-30,6.5257169090643
2021-08-31,6.49639305573229
2021-09-01,6.54126326044938
2021-09-02,6.51876563358009
2021-09-03,6.58443103441539
2021-09-06,6.6826710765964
2021-09-08,6.71112996319986
2021-09-09,6.75500681597732
2021-09-10,6.6749377467371
2021-09-13,6.58943303725416
2021-09-14,6.59153717997524
2021-09-15,6.53095933237293
2021-09-16,6.5631294271297
2021-09-17,6.52504320274404
2021-09-20,6.55802375051623
2021-09-21,6.541067709731
2021-09-22,6.5352879779717
2021-09-23,6.51988035031296
2021-09-24,6.5686985268786
2021-09-27,6.57031666490107
2021-09-28,6.57544124057259
2021-09-29,6.58153722270708
2021-09-30,6.62064518445636
2021-10-01,6.60466875949515
2021-10-04,6.61110378008891
2021-10-05,6.64218391484868
2021-10-06,6.62260054284601
2021-10-07,6.62359197057614
2021-10-08,6.62870953004391
2021-10-11,6.73371452191961
2021-10-13,6.72793968728905
2021-10-14,6.73907546889358
2021-10-15,6.80733417126998
2021-10-18,6.61882068035137
2021-10-19,6.69178309454083
2021-10-20,6.74916143348995
2021-10-21,6.72134609508576
2021-10-22,6.79081501237158
2021-10-25,6.74923215991598
2021-10-26,6.59690236590236
2021-10-27,6.68894843786953
2021-10-28,6.68902019966904
2021-10-29,6.6415699459348
2021-11-01,6.60493289043464
2021-11-03,6.54259861118764
2021-11-04,6.54089371454195
2021-11-05,6.51315177880724
2021-11-08,6.60202216734993
2021-11-09,6.60236235312408
2021-11-10,6.64756856641399
2021-11-11,6.73550117855576
2021-11-12,6.80446994272567
2021-11-16,6.79370695353724
2021-11-17,6.58092229550406
2021-11-18,6.61891289076106
2021-11-19,6.59309841674327
2021-11-22,6.63655313613853
2021-11-23,6.64475013214707
2021-11-24,6.67483596367916
2021-11-25,6.61276256318932
2021-11-26,6.57638740446598
2021-11-29,6.49177506732582
2021-11-30,6.61885356180096
2021-12-01,6.62238144258769
2021-12-02,6.61995747191373
2021-12-03,6.67401761273831
2021-12-06,6.66964811437073
2021-12-07,6.81864238226811
2021-12-08,6.7865836443304
2021-12-09,6.85456610587175
2021-12-10,6.87931374246955
2021-12-13,6.8989586616103
2021-12-14,6.91455589238497
2021-12-15,6.86122644472735
2021-12-16,7.0070895119478
2021-12-17,6.97377491221497
2021-12-20,6.98431010584149
2021-12-21,6.98811943324784
2021-12-22,6.92804333046224
2021-12-23,6.98638654260759
2021-12-27,7.01136190039815
2021-12-28,7.01745701324743
2021-12-29,7.07470992798322
2021-12-30,7.05408850632114
2022-01-03,7.041544967199
2022-01-04,7.09393470480713
2022-01-05,7.07334989444804
2022-01-06,7.1388679487251
2022-01-07,7.20265389771902
2022-01-10,7.27448050969953
2022-01-11,7.16298951164391
2022-01-12,7.08190270073844
2022-01-13,7.06729017507881
2022-01-14,7.02254010878825
2022-01-17,7.10303644064581
2022-01-18,7.13376553403095
2022-01-19,7.14760845751055
2022-01-20,7.27556966679385
2022-01-21,7.09557202574771
2022-01-24,7.26931694995745
2022-01-25,7.31726809499533
2022-01-26,7.17744951330447
2022-01-27,7.16060858719595
2022-01-28,7.15157762113367
2022-01-31,7.23973509343281
2022-02-01,7.21099121587396
2022-02-02,7.19890683615449
2022-02-03,7.29417775919037
2022-02-04,7.2278962661537
2022-02-07,7.19936956902977
2022-02-08,7.28795717987475
2022-02-09,7.32600629139477
2022-02-10,7.12145105678283
2022-02-11,7.14052247437268
2022-02-14,7.14515127399207
2022-02-15,7.18412830990707
2022-02-16,7.22002348484584
2022-02-17,7.23824646008788
2022-02-18,7.32052623318202
2022-02-21,7.28239055167363
2022-02-22,7.33707212619887
2022-02-23,7.44162088313736
2022-02-24,7.38934892151058
2022-02-25,7.42060254276321
2022-03-02,6.94873771477667
2022-03-03,6.94925825326738
2022-03-04,6.96242649848807
2022-03-07,7.30414421323474
2022-03-08,7.30973935513212
2022-03-09,7.49052473518946
2022-03-10,7.38394138308963
2022-03-11,7.641300058201
2022-03-14,7.29301259115161
2022-03-15,7.11290949684243
2022-03-16,7.12135878256978
2022-03-17,7.06879298808696
2022-03-18,7.04320676306178
2022-03-21,7.1108307628447
2022-03-22,7.08571139028174
2022-03-23,7.33455222720115
2022-03-24,7.3978175491813
2022-03-25,7.61082318073967
2022-03-28,7.19047464586857
2022-03-29,7.11945854766717
2022-03-30,7.06339610080401
2022-03-31,7.01994474324511
2022-04-01,7.13161381185289
2022-04-04,7.07086906915696
2022-04-05,7.07709932330842
2022-04-06,7.05034060843523
2022-04-07,7.0776384495957
2022-04-08,7.09888351070186
2022-04-11,7.07994218522027
2022-04-12,6.85401945569827
2022-04-13,6.84876562802646
2022-04-14,6.87985205664078
2022-04-18,6.8351638486373
2022-04-19,6.81076637430344
2022-04-20,6.81539544872876
2022-04-22,6.7515047343123
2022-04-25,6.77898855102272
2022-04-26,6.83576061450636
2022-04-27,6.89334457499051
2022-04-28,6.94319166762936
2022-04-29,7.02657438709245
2022-05-02,7.02454313050504
2022-05-03,7.07033248363958
2022-05-04,7.24208494924881
2022-05-05,7.38234338096608
2022-05-06,7.2625277106858
2022-05-09,7.16901143814437
2022-05-10,7.18078281191875
2022-05-11,7.09351790243715
2022-05-12,7.17583745660684
2022-05-13,7.1754633095329
2022-05-16,7.18283323177916
2022-05-17,7.19077260890676
2022-05-18,7.23172337604279
2022-05-19,7.12280450946556
2022-05-20,7.0849599187868
2022-05-23,7.07120722034267
2022-05-24,7.07071135626409
2022-05-25,7.10121197278271
2022-05-26,7.1490922583526
2022-05-27,7.17839758448871
2022-05-30,7.22233096715154
2022-05-31,7.22851742912784
2022-06-01,7.31622269925855
2022-06-02,7.30235979690394
2022-06-03,7.27904836986377
2022-06-06,7.33502674491457
2022-06-07,7.34551646791772
2022-06-08,7.42560961301383
2022-06-09,7.39518888383781
2022-06-10,7.36420963373735
2022-06-13,7.39013647601286
2022-06-14,7.37460869390561
2022-06-15,7.32083492729077
2022-06-17,7.36912879716642
2022-06-20,7.42737378450863
2022-06-21,7.42075876194254
2022-06-22,7.47491663649819
2022-06-23,7.48346507651912
2022-06-24,7.52755211655158
2022-06-27,7.54603613423499
2022-06-28,7.60746879415479
2022-06-29,7.66663378375884
2022-06-30,7.76793190116484
2022-07-01,7.74209866749329
2022-07-04,7.75568711934519
2022-07-05,7.76098375675277
2022-07-06,7.80214106633563
2022-07-07,7.81091187701742
2022-07-08,7.89339484512776
2022-07-11,7.89109119201356
2022-07-12,7.98680395850329
2022-07-13,7.96765727029423
2022-07-14,7.8135681706979
2022-07-15,7.82676992842689
2022-07-18,7.75550051856766
2022-07-19,7.7784097145562
2022-07-20,7.80498316858379
2022-07-21,7.88297325360767
2022-07-22,7.85271724751426
2022-07-25,7.93801699935031
2022-07-26,7.93011694380817
2022-07-27,7.97661877766922
2022-07-28,7.92582079210822
2022-07-29,7.91148924888463
2022-08-01,7.89010941453423
2022-08-02,7.91566037280183
2022-08-03,7.94942705054118
2022-08-04,7.97866655499595
2022-08-05,8.01212354783503
2022-08-08,7.94706915399415
2022-08-09,8.04313277840768
2022-08-10,8.07264724747574
2022-08-11,7.98576912757073
2022-08-12,8.12013238157642
2022-08-15,8.17974687404898
2022-08-16,8.30680962473037
2022-08-17,8.30706413141672
2022-08-18,8.26325895744862
2022-08-19,8.27760222101191
2022-08-22,8.29120324908412
2022-08-23,8.22079992619877
2022-08-24,8.31771562632677
2022-08-25,8.33963229549497
2022-08-26,8.4059215199707
2022-08-29,8.32965878736687
2022-08-30,8.41961110056906
2022-08-31,8.44614227165581
2022-09-01,8.50830496938218
2022-09-02,8.57382057053095
2022-09-05,8.60559223709923
2022-09-06,8.48436134657842
2022-09-08,8.55829070825337
2022-09-09,8.61288286179419
2022-09-12,8.65578613004029
2022-09-13,8.54678290540371
2022-09-14,8.64252241259011
2022-09-15,8.68860978787029
2022-09-16,8.66670229360224
2022-09-19,8.63085440730194
2022-09-20,8.73851624075069
2022-09-21,8.88809134050797
2022-09-22,8.48504553277609
2022-09-23,8.81574070361275
2022-09-26,8.82425501544806
2022-09-27,8.92441950508318
2022-09-28,8.91992281183845
2022-09-29,9.07361489127266
2022-09-30,9.05305666844677
2022-10-03,9.41619408734376
2022-10-04,9.37923532668382
2022-10-05,9.27618686559267
2022-10-06,9.21611525922503
2022-10-07,9.24794272414769
2022-10-10,9.34443495051409
2022-10-11,9.37442582153723
2022-10-13,9.35349963311088
2022-10-14,9.31080876361923
2022-10-17,9.42697119030149
2022-10-18,9.43063520087417
2022-10-19,9.32909850630659
2022-10-20,9.32802334406564
2022-10-21,9.3030099261434
2022-10-24,9.98588541191007
2022-10-25,10.0865700439852
2022-10-26,10.1441815694717
2022-10-27,10.3493257507254
2022-10-28,10.3723102713574
2022-10-31,10.6681177683721
2022-11-01,10.8136937967416
2022-11-03,10.9792864717187
2022-11-04,10.6880731283932
2022-11-07,10.7759660536137
2022-11-08,10.5755552739681
2022-11-09,10.55613472846
2022-11-10,10.4733903093614
2022-11-11,10.5886370068418
2022-11-14,10.7415191746694
2022-11-16,10.6108963058135
2022-11-17,10.8085925271796
2022-11-18,10.6936480343901
2022-11-21,10.7815959646279
2022-11-22,11.4915480524468
2022-11-23,10.9099766454345
2022-11-24,10.6660116534003
2022-11-25,10.8606971751801
2022-11-28,11.0219426435716
2022-11-29,10.8174206527427
2022-11-30,10.532388819997
2022-12-01,10.4887191653041
2022-12-02,10.4307607840902
2022-12-05,10.4595375487936
2022-12-06,10.5293047488503
2022-12-07,10.4535905467546
2022-12-08,10.6096116514819
2022-12-09,9.98304955446558
2022-12-12,10.0333391369892
2022-12-13,10.0352282142795
2022-12-14,10.4336417213609
2022-12-15,10.5285704671636
2022-12-16,10.6706255083389
2022-12-19,10.6766519132726
2022-12-20,10.5217066356439
2022-12-21,10.4084307001485
2022-12-22,10.3778219788764
2022-12-23,10.2499411621442
2022-12-26,10.2347732237995
2022-12-27,10.2449037283572
2022-12-28,10.3695651001246
2022-12-29,10.312781416334
2023-01-02,10.447638239242
2023-01-03,10.4792478772914
2023-01-04,10.4048849318294
2023-01-05,10.2744426162382
2023-01-06,10.2288071093801
2023-01-09,10.5327053942908
2023-01-10,10.4267538518379
2023-01-11,10.4974962690905
2023-01-12,10.2436155057129
2023-01-13,10.2622641839843
2023-01-16,10.1967660146767
2023-01-17,10.3205067594215
2023-01-18,10.4333997785154
2023-01-19,10.2765132824915
2023-01-20,10.2541713421826
2023-01-23,10.2860402984125
2023-01-24,10.3738535518888
2023-01-25,10.2936789485462
2023-01-26,10.0928104325195
2023-01-27,9.92636288630022
2023-01-30,9.88395430734337
2023-01-31,9.8838622529763
2023-02-01,9.77061247976863
2023-02-02,9.75551119046552
2023-02-03,9.80129584791167
2023-02-06,9.68736516918676
2023-02-07,9.61788877608543
2023-02-08,9.60434943564034
2023-02-09,9.61267921768086
2023-02-10,9.50533068103629
2023-02-13,9.63480018024166
2023-02-14,9.77405871718075
2023-02-15,9.86942602057107
2023-02-16,10.0558553658554
2023-02-17,9.94082768682062
2023-02-22,9.93740757841499
2023-02-23,9.77636253493724
2023-02-24,9.6937018417339
2023-02-27,9.71377042512677
2023-02-28,9.62763539142584
2023-03-01,9.68598478011107
2023-03-02,9.64992710724777
2023-03-03,9.57135385733955
2023-03-06,9.64609848846097
2023-03-07,9.55944725367014
2023-03-08,9.62235154190248
2023-03-09,9.66019849443512
2023-03-10,9.73861015026283
2023-03-13,9.66742544537056
2023-03-14,9.63243105417731
2023-03-15,9.55838955853383
2023-03-16,9.62975061041249
2023-03-17,9.5944286498452
2023-03-20,9.49753166731111
2023-03-21,9.41097430656343
2023-03-22,9.46740721860337
2023-03-23,9.49498544498169
2023-03-24,9.60209315922972
2023-03-27,9.63940946865438
2023-03-28,9.70003303613095
2023-03-29,9.72325276642712
2023-03-30,9.74466802938146
2023-03-31,9.63985503070608
2023-04-03,9.62481654098778
2023-04-04,9.69673087348326
2023-04-05,9.73756550488614
2023-04-06,9.84413822737108
2023-04-10,9.7206251083023
2023-04-11,9.67446413280456
2023-04-12,9.78693755427332
2023-04-13,9.93777159343995
2023-04-14,9.95000058447019
2023-04-17,9.88063267308378
2023-04-18,9.75129921781388
2023-04-19,9.65938197348924
2023-04-20,9.74393848691831
2023-04-24,9.64369273198809
2023-04-25,9.76229132271193
2023-04-26,9.83591647653322
2023-04-27,9.63367379905914
2023-04-28,9.64599175716334
2023-05-02,9.67993016590568
2023-05-03,9.6962155882155
2023-05-04,9.73600651861367
2023-05-05,9.733146604126
2023-05-08,9.74570098649698
2023-05-09,9.79428338078706
2023-05-10,9.76896967747494
2023-05-11,9.61068090544959
2023-05-12,9.65920339797137
2023-05-15,9.75509619441457
2023-05-16,9.5765775597905
2023-05-17,9.45391777342607
2023-05-18,9.62641589587455
2023-05-19,9.55922010023461
2023-05-22,9.77637762229944
2023-05-23,9.6603101036027
2023-05-24,9.52027074383484
2023-05-25,9.42806334480224
2023-05-26,7.72681872940217
2023-05-29,7.81664358864358
2023-05-30,7.82652943703996
2023-05-31,7.79016879342684
2023-06-01,7.78433329471325
2023-06-02,7.85712769979052
2023-06-05,7.83624538865335
2023-06-06,7.75607529177346
2023-06-07,7.7542950372052
2023-06-09,7.84908924243549
2023-06-12,7.84240840315817
2023-06-13,7.90124844134804
2023-06-14,7.82137942567435
2023-06-15,7.73921572907151
2023-06-16,7.82715150085275
2023-06-19,7.74106466498431
2023-06-20,7.72702826454224
2023-06-21,7.64272894670374
2023-06-22,7.61307334624574
2023-06-23,7.63105908818808
2023-06-26,7.58206167412015
2023-06-27,7.65059726626586
2023-06-28,7.63934727409145
2023-06-29,7.70846186690082
2023-06-30,7.75353747571523
2023-07-03,7.82555973498204
2023-07-04,7.87030286657904
2023-07-05,8.014962027805
2023-07-06,7.9699361903786
2023-07-07,8.01102761295441
2023-07-10,8.04049649886717
2023-07-11,8.03247895028131
2023-07-12,8.04694791370265
2023-07-13,7.9909688077737
2023-07-14,7.96054313408282
2023-07-17,7.96477808922268
2023-07-18,8.03700235290853
2023-07-19,8.01920923613513
2023-07-20,8.14946954085667
2023-07-21,8.06208031152041
2023-07-24,7.9678788760189
2023-07-25,7.91237469772475
2023-07-26,7.95058846057663
2023-07-27,8.14692427898939
2023-07-28,8.23614251653699
2023-07-31,8.11770213072661
2023-08-01,8.1661405632698
2023-08-02,8.23720256980248
2023-08-03,8.34842029995266
2023-08-04,8.26298286683856
2023-08-07,8.2834456661995
2023-08-08,8.3267582727723
2023-08-09,8.37177539501901
2023-08-10,8.45439332478247
2023-08-11,8.63297739574515
2023-08-14,8.7624635470258
2023-08-15,8.78486972750241
2023-08-16,8.62701333350801
2023-08-17,8.64389151437925
2023-08-18,8.67443519001023
2023-08-21,8.78850706509241
2023-08-22,8.78409796413454
2023-08-23,9.00794931002819
2023-08-24,8.99852089956865
2023-08-25,9.00391374857742
2023-08-28,9.01694236442971
2023-08-29,9.22799694752611
2023-08-30,9.41247137148782
2023-08-31,9.38414391461154
2023-09-01,9.19574290406028
2023-09-04,9.11551801813848
2023-09-05,8.93391353510327
2023-09-06,8.93658728332875
2023-09-08,8.94204168920738
2023-09-11,9.11685144023101
2023-09-12,9.19922337884193
2023-09-13,9.22768769538187
2023-09-14,9.05820236158191
2023-09-15,9.1306180073885
2023-09-18,9.28452828782813
2023-09-19,9.28796271072698
2023-09-20,9.4861035944718
2023-09-21,9.4370577713202
2023-09-22,9.45419758534001
2023-09-25,9.45779880764731
2023-09-26,9.21336206820749
2023-09-27,8.99613987065616
2023-09-28,8.97291471183979
2023-09-29,8.97097875391486
2023-10-02,8.89564564082008
2023-10-03,8.96505427704601
2023-10-04,8.93693237973552
2023-10-05,8.9985901979874
2023-10-06,8.96067261565896
2023-10-09,8.92403015164266
2023-10-10,8.9210251901842
2023-10-11,8.94103178023446
2023-10-13,8.76475577736604
2023-10-16,8.89741902130465
2023-10-17,8.90619011530129
2023-10-18,8.87952466000431
2023-10-19,8.96616841939404
2023-10-20,8.94456300244058
2023-10-23,9.39975680594267
2023-10-24,9.40302357478786
2023-10-25,9.40169250070466
2023-10-26,9.34293864533336
2023-10-27,9.3087482253926
2023-10-30,9.24520995201036
2023-10-31,9.18436525729571
2023-11-01,9.15171824088856
2023-11-03,9.10836562171509
2023-11-06,9.12286376263704
2023-11-07,9.07945843192227
2023-11-08,8.94160115123279
2023-11-09,8.80087850708696
2023-11-10,8.84978403220994
2023-11-13,8.7729958386562
2023-11-14,8.67419128283446
2023-11-16,8.54126849195301
2023-11-17,8.41754871910848
2023-11-20,8.36449630807802
2023-11-21,8.45565463687855
2023-11-22,8.49394023869088
2023-11-23,8.64960829987366
2023-11-24,8.70476259568512
2023-11-27,8.61366739680574
2023-11-28,8.4854965007075
2023-11-29,7.82916751289376
2023-11-30,7.73796596375588
2023-12-01,7.84314883352133
2023-12-04,7.78691338701359
2023-12-05,7.75919467178216
2023-12-06,7.74725951393509
2023-12-07,7.79104724652521
2023-12-08,7.67398667846333
2023-12-11,7.68051848355703
2023-12-12,7.7198581127817
2023-12-13,7.6764335628539
2023-12-14,7.69666577107368
2023-12-15,7.69747766788041
2023-12-18,7.69286941721926
2023-12-19,7.6913634207984
2023-12-20,7.73786142986157
2023-12-21,7.78582224081615
2023-12-22,7.85545275923363
2023-12-26,7.76811246606548
2023-12-27,7.76477080126817
2023-12-28,7.7645151422862
2024-01-02,7.79655204205205
2024-01-03,7.77217155867078
2024-01-04,7.73374941744125
2024-01-05,7.78385138550512
2024-01-08,7.74848170121404
2024-01-09,7.67750421592712
2024-01-10,7.73799740485457
2024-01-11,7.73755359219828
2024-01-12,7.7366384117318
2024-01-15,7.73986594005118
2024-01-16,7.65198649413263
2024-01-17,7.62114635934974
2024-01-18,7.60651604921369
2024-01-19,7.70611967718644
2024-01-22,7.71658493235302
2024-01-23,7.64557814307699
2024-01-24,7.60193336265462
2024-01-25,7.60759932541151
2024-01-26,7.53430025063228
2024-01-29,7.52246848412339
2024-01-30,7.59724679861188
2024-01-31,7.56019125121189
2024-02-01,7.46761464099803
2024-02-02,7.43910783896369
2024-02-05,7.54777549773243
2024-02-06,7.5329201880281
2024-02-07,7.46736392565869
2024-02-08,7.43833537638345
2024-02-09,7.39362867788408
2024-02-14,7.37605221299372
2024-02-15,7.3148821642817
2024-02-16,7.34708303755874
2024-02-19,7.3553017338167
2024-02-20,7.3561417536787
2024-02-21,7.39665643212576
2024-02-22,7.4316717721385
2024-02-23,7.48048578804235
2024-02-26,7.43461543073846
2024-02-27,7.44931766281569
2024-02-28,7.77961420337424
2024-02-29,7.86939662943773
2024-03-01,7.97704872745654
2024-03-04,8.12011306859802
2024-03-05,8.1782802188146
2024-03-06,8.04263081548148
2024-03-07,8.10100851467173
2024-03-08,9.02101889620658
2024-03-11,8.84058918666007
2024-03-12,8.77862386344538
2024-03-13,8.84160008870121
2024-03-14,8.95230654816458
2024-03-15,9.00279842414579
2024-03-18,9.06858476844997
2024-03-19,9.18465577082364
2024-03-20,9.21259323882479
2024-03-21,9.16430270858618
2024-03-22,9.19534761990342
2024-03-25,9.17685419425694
2024-03-26,9.13356765769116
2024-03-27,9.29615708089382
2024-03-28,9.1457025084582
2024-04-01,9.22559662112014
2024-04-02,9.08368388105125
2024-04-03,9.04102473024039
2024-04-04,8.98442909806202
2024-04-05,9.10565586736303
2024-04-08,9.06315106693268
2024-04-09,9.18177926710806
2024-04-10,9.11329261870537
2024-04-11,9.08357174466638
2024-04-12,9.06620906816416
2024-04-15,9.15971987120902
2024-04-16,9.20819771256967
2024-04-17,9.22334617316347
2024-04-18,9.35958688107161
2024-04-19,9.24987429851048
2024-04-22,9.16057856092255
2024-04-23,9.29344164291357
2024-04-24,9.28626939005579
2024-04-25,9.24671595695934
2024-04-26,9.28763465876575
2024-04-29,9.30209698655167
2024-04-30,9.30655344622348
2024-05-02,9.41718411033023
2024-05-03,9.44121924500538
2024-05-06,9.50443670111532
2024-05-07,9.60340373175669
2024-05-08,9.56690089236873
2024-05-09,9.51124667257205
2024-05-10,9.48962235085379
2024-05-13,9.49686604249288
2024-05-14,9.50807226076304
2024-05-15,10.4112163600053
2024-05-16,10.0975810577694
2024-05-17,10.0157083403582
2024-05-20,10.1374785768908
2024-05-21,10.1763778301129
2024-05-22,10.1324988299265
2024-05-23,10.2223047033957
2024-05-24,10.2247631488524
2024-05-27,9.96760330464157
2024-05-28,9.96117763376118
2024-05-29,10.0167369551069
2024-05-31,9.93819738339203
2024-06-03,9.96732765719896
2024-06-04,9.92142700453496
2024-06-05,10.3035870674141
2024-06-06,10.4719255215288
2024-06-07,10.6750006902696
2024-06-10,10.5692240463076
2024-06-11,11.6157079095405
2024-06-12,11.3916299740514
2024-06-13,11.2475271699108
2024-06-14,10.6637592886183
2024-06-17,10.297717078192
2024-06-18,10.0553548146738
2024-06-19,9.01077011589429
2024-06-20,8.82553266984998
2024-06-21,8.83890908108756
2024-06-24,8.87406498809836
2024-06-25,9.02217572913259
2024-06-26,9.18440579200921
2024-06-27,9.16576304461071
2024-06-28,9.06820682321974
2024-07-01,9.05205389628892
2024-07-02,9.0508769198053
2024-07-03,8.93554742713543
2024-07-04,9.00638195894383
2024-07-05,9.08935529469461
2024-07-08,9.15279284283057
2024-07-09,8.79804053172634
2024-07-10,8.73464158840627
2024-07-11,8.81959120418044
2024-07-12,8.90655830942879
2024-07-15,8.9940558364904
2024-07-16,8.99890574503207
2024-07-17,9.15795563583847
2024-07-18,9.28486741725902
2024-07-19,9.31789680891345
2024-07-22,9.10725144094421
2024-07-23,9.04206977293771
2024-07-24,9.03958000293957
2024-07-25,9.08783393368441
2024-07-26,9.20661659917855
2024-07-29,9.19300075898222
2024-07-30,9.13501739051625
2024-07-31,9.08473806440379
2024-08-01,9.06866593185034
2024-08-02,9.03729491394712
2024-08-05,9.07013667326168
2024-08-06,9.04873411843826
2024-08-07,9.06759708485782
2024-08-08,9.06853047584348
2024-08-09,9.06778096842504
2024-08-12,9.05724677973554
2024-08-13,9.10228523555401
2024-08-14,9.01713295438826
2024-08-15,8.94521972017149
2024-08-16,8.99994649626028
2024-08-19,9.06427534715597
2024-08-20,9.17256652923002
2024-08-21,9.15305496980588
2024-08-22,9.21756544133076
2024-08-23,9.30958672708921
2024-08-26,10.1840404355018
2024-08-27,10.234819099541
2024-08-28,10.3000353530607
2024-08-29,10.2987240625883
2024-08-30,10.3969684866153
2024-09-02,10.3664449180484
2024-09-03,10.3983649528043
2024-09-04,10.4806169644496
2024-09-05,10.6197293349606
2024-09-06,10.5232968775764
2024-09-09,10.6466645797467
2024-09-10,10.5407260219549
2024-09-11,10.6841691209254
2024-09-12,10.703165567478
2024-09-13,10.7252174930346
2024-09-16,10.7776260731488
2024-09-17,10.9140849685109
2024-09-18,10.8187768304959
2024-09-19,10.9676826754259
2024-09-20,10.9859347261133
2024-09-23,10.9716970512826
2024-09-24,11.042589749698
2024-09-25,11.2037659714932
2024-09-26,11.1395277559483
2024-09-27,11.2044278666781
2024-09-30,11.2039188036192
2024-10-01,11.1895540626568
2024-10-02,11.3621574797028
2024-10-03,11.3366171555379
2024-10-04,11.3038515946138
2024-10-07,11.182233156017
2024-10-08,10.9514749887131
2024-10-09,10.8035539704521
2024-10-10,10.6846127804978
2024-10-11,10.9159075690027
2024-10-14,11.0326166881702
2024-10-15,10.9042333029138
2024-10-16,10.6527537035897
2024-10-17,10.889795626323
2024-10-18,10.8704464025329
2024-10-21,10.633827944285
2024-10-22,9.6519065386947
2024-10-23,9.55728672532201
2024-10-24,9.65727099465124
2024-10-25,9.76533741053317
2024-10-28,9.83946188253964
2024-10-29,9.98754958367089
2024-10-30,10.0311600813113
2024-10-31,10.2076207890055
2024-11-01,10.0470096425676
2024-11-04,10.1739114091302
2024-11-05,10.2222126574452
2024-11-06,10.352340526911
2024-11-07,10.502557432663
2024-11-08,10.4259009820534
2024-11-11,10.6285347535193
2024-11-12,10.380228773601
2024-11-13,10.4720154179102
2024-11-14,10.4219826965383
2024-11-18,10.4424103444195
2024-11-19,10.5054187947959
2024-11-21,10.6909289475874
2024-11-22,10.9794514765936
2024-11-25,10.9650933203306
2024-11-26,11.0318544977725
2024-11-27,11.2140159405115
2024-11-28,11.2751661852291
2024-11-29,11.5847813688743
2024-12-02,11.5828464033201
2024-12-03,11.8710959919348
2024-12-04,11.6216899309732
2024-12-05,11.859318411155
2024-12-06,11.5774464159088
2024-12-09,11.4983917892408
2024-12-10,11.4680813841451
2024-12-11,11.4230613455022
2024-12-12,11.2209421881092
