"Index","V1"
"2016-01-28",4.69312515505127
"2016-01-29",4.72558111820538
"2016-02-01",4.62445632011546
"2016-02-02",5.00847989778021
"2016-02-03",4.97130018591279
"2016-02-04",4.98899580819657
"2016-02-05",4.91178753610478
"2016-02-10",4.91901600033395
"2016-02-11",4.7727570601155
"2016-02-12",4.78421239330105
"2016-02-15",4.66987899775048
"2016-02-16",4.57637549815361
"2016-02-17",4.61599133327059
"2016-02-18",4.58559416265481
"2016-02-19",4.1760017628461
"2016-02-22",5.15991574073213
"2016-02-23",5.03466402282611
"2016-02-24",4.88245366192743
"2016-02-25",4.75760548573105
"2016-02-26",4.63986821706131
"2016-02-29",4.6806723853039
"2016-03-01",4.6187014818442
"2016-03-02",4.70963443296168
"2016-03-03",5.83799350760571
"2016-03-04",5.896893435926
"2016-03-07",5.70714868550834
"2016-03-08",5.52328116085115
"2016-03-09",5.53849730134874
"2016-03-10",5.34424889187878
"2016-03-11",5.21544892270714
"2016-03-14",5.45828167053282
"2016-03-15",5.93092092303117
"2016-03-16",6.19417476721096
"2016-03-17",6.67306236116906
"2016-03-18",6.39186881078455
"2016-03-21",6.15549952600957
"2016-03-22",5.93478263001171
"2016-03-23",5.8591078881446
"2016-03-24",5.68824009609301
"2016-03-28",5.82553546202065
"2016-03-29",5.65814960689869
"2016-03-30",5.51701084749494
"2016-03-31",5.39055169056528
"2016-04-01",5.27340462722718
"2016-04-04",5.58295702315838
"2016-04-05",5.50846454721042
"2016-04-06",5.43920269435214
"2016-04-07",5.15190781355198
"2016-04-08",5.45689569693191
"2016-04-11",5.12287272219371
"2016-04-12",5.28879019222256
"2016-04-13",5.25757985050461
"2016-04-14",5.16211717620078
"2016-04-15",5.18468470450666
"2016-04-18",5.15348574134963
"2016-04-19",5.08052608578257
"2016-04-20",5.23395128129081
"2016-04-22",4.82097773913895
"2016-04-25",4.79291077748799
"2016-04-26",4.72185427530725
"2016-04-27",4.79246942817846
"2016-04-28",4.64331720496644
"2016-04-29",4.49605178783201
"2016-05-02",4.35314245919164
"2016-05-03",4.3272460665522
"2016-05-04",4.20264909651846
"2016-05-05",4.07385892675818
"2016-05-06",4.00184631276279
"2016-05-09",4.18960883106634
"2016-05-10",4.45534505835035
"2016-05-11",4.32788635376583
"2016-05-12",4.34399364299552
"2016-05-13",4.29740595850814
"2016-05-16",4.23491217414644
"2016-05-17",4.1601168823191
"2016-05-18",4.07046487978051
"2016-05-19",4.06763431398569
"2016-05-20",3.95593904350268
"2016-05-23",4.0049178880905
"2016-05-24",3.8979268962642
"2016-05-25",3.820747543409
"2016-05-27",3.92006902413307
"2016-05-30",3.84023128550781
"2016-05-31",3.86714815515784
"2016-06-01",3.78668258028287
"2016-06-02",3.70532999894765
"2016-06-03",3.67789978675759
"2016-06-06",3.59121296462209
"2016-06-07",3.52172198004924
"2016-06-08",4.01381758081275
"2016-06-09",3.93923266185148
"2016-06-10",3.9782113798979
"2016-06-13",3.89690781002418
"2016-06-14",3.90216501525371
"2016-06-15",3.84516466989987
"2016-06-16",3.90214508115479
"2016-06-17",3.95483467327279
"2016-06-20",3.90271709996512
"2016-06-21",3.90447379329579
"2016-06-22",3.82117819637435
"2016-06-23",3.80798630154019
"2016-06-24",3.83229350927465
"2016-06-27",3.90792476669872
"2016-06-28",3.9508267454396
"2016-06-29",3.92154950563477
"2016-06-30",3.84222154750187
"2016-07-01",3.85348071060359
"2016-07-04",3.77476509840805
"2016-07-05",3.90552363173723
"2016-07-06",3.84744639134712
"2016-07-07",3.77025266987153
"2016-07-08",3.73368070925808
"2016-07-11",3.80442324821179
"2016-07-12",3.7592786000315
"2016-07-13",3.67312141736438
"2016-07-14",3.64752928938017
"2016-07-15",3.56806832077199
"2016-07-18",3.63105792597706
"2016-07-19",3.56885383577672
"2016-07-20",3.49033514195537
"2016-07-21",3.42934462321436
"2016-07-22",3.36149098100328
"2016-07-25",3.30188387621728
"2016-07-26",3.24658294967485
"2016-07-27",3.23136645376596
"2016-07-28",3.16876451821551
"2016-07-29",3.19248791706286
"2016-08-01",3.31641875802409
"2016-08-02",3.26636305880753
"2016-08-03",3.34017134974333
"2016-08-04",3.28387866193948
"2016-08-05",3.27044786802708
"2016-08-08",3.2339714947928
"2016-08-09",3.16747476795947
"2016-08-10",3.15030451962017
"2016-08-11",3.21446681841511
"2016-08-12",3.16077683256397
"2016-08-15",3.13871487628445
"2016-08-16",3.08755004915682
"2016-08-17",3.04680823350196
"2016-08-18",2.97780734303229
"2016-08-19",2.89878310742371
"2016-08-22",2.95375129152729
"2016-08-23",2.9376258941053
"2016-08-24",2.89221912600902
"2016-08-25",2.80749309626213
"2016-08-26",2.93173337358489
"2016-08-29",2.92822233478817
"2016-08-30",2.88543072112236
"2016-08-31",2.85468311710891
"2016-09-01",2.79510044910452
"2016-09-02",2.94285051885266
"2016-09-05",2.90503833148194
"2016-09-06",2.84336026463144
"2016-09-08",2.80433442242927
"2016-09-09",3.04146848466118
"2016-09-12",3.07305784596412
"2016-09-13",3.19823413277331
"2016-09-14",3.12143626261171
"2016-09-15",3.12190187386911
"2016-09-16",3.10539285482581
"2016-09-19",3.03608242142859
"2016-09-20",3.06906953698618
"2016-09-21",3.00501469174853
"2016-09-22",2.99544685018504
"2016-09-23",2.96731039009489
"2016-09-26",2.95073125033394
"2016-09-27",2.91346237561501
"2016-09-28",3.31355591366012
"2016-09-29",3.31662668207951
"2016-09-30",3.04520515005019
"2016-10-03",3.05180115518829
"2016-10-04",3.17793994926593
"2016-10-05",3.24029971577307
"2016-10-06",3.27338169216706
"2016-10-07",3.01206967623651
"2016-10-10",3.02579785795464
"2016-10-11",3.18024158672653
"2016-10-13",2.9753346172368
"2016-10-14",3.17888880742206
"2016-10-17",3.24061590257197
"2016-10-18",3.06378631119525
"2016-10-19",2.9954883533463
"2016-10-20",2.930572049542
"2016-10-21",2.86963701718024
"2016-10-24",2.81628060200414
"2016-10-25",2.7580443078516
"2016-10-26",2.69618355892105
"2016-10-27",2.80073737293754
"2016-10-28",2.73304039279645
"2016-10-31",2.73236416112669
"2016-11-01",2.75174587364827
"2016-11-03",2.86956079610655
"2016-11-04",2.81216887154432
"2016-11-07",3.43269429994446
"2016-11-08",3.12032193925546
"2016-11-09",3.00203095913407
"2016-11-10",3.67094661239594
"2016-11-11",4.40023831343659
"2016-11-14",4.22189028990753
"2016-11-16",4.30097293418063
"2016-11-17",4.22684674405463
"2016-11-18",4.10031182684467
"2016-11-21",4.35980455574406
"2016-11-22",4.55789009845592
"2016-11-23",3.60931872860993
"2016-11-24",3.99461696197725
"2016-11-25",3.3709946397542
"2016-11-28",3.54444581630995
"2016-11-29",3.44401293495652
"2016-11-30",4.20062783364775
"2016-12-01",3.67920038065429
"2016-12-02",3.96245102271415
"2016-12-05",3.97464803726665
"2016-12-06",3.86008952210556
"2016-12-07",3.62123815816858
"2016-12-08",3.49035680158751
"2016-12-09",3.49038676789413
"2016-12-12",3.42331796015179
"2016-12-13",3.3561322891587
"2016-12-14",3.44082442996153
"2016-12-15",3.30258521350749
"2016-12-16",3.50334596018777
"2016-12-19",3.27582164876559
"2016-12-20",3.10183464769362
"2016-12-21",3.07207993120403
"2016-12-22",2.86261442652634
"2016-12-23",3.06305045617249
"2016-12-26",2.89095103647366
"2016-12-27",3.13042153752712
"2016-12-28",2.74080646375742
"2016-12-29",2.82061764456996
"2017-01-02",2.49617365932238
"2017-01-03",3.21591966474295
"2017-01-04",3.15067988539281
"2017-01-05",3.10907132845641
"2017-01-06",3.05295404182649
"2017-01-09",3.03074218231985
"2017-01-10",2.98064184459412
"2017-01-11",2.93284171690223
"2017-01-12",2.92425349126226
"2017-01-13",2.87677836585647
"2017-01-16",2.82685621704947
"2017-01-17",2.79342975425415
"2017-01-18",2.73994613755428
"2017-01-19",2.68326774356329
"2017-01-20",2.64686534504972
"2017-01-23",2.57182206597421
"2017-01-24",2.50427519561058
"2017-01-26",2.45815806072646
"2017-01-27",2.41761762606308
"2017-01-30",2.61530005755028
"2017-01-31",2.56964527347106
"2017-02-01",2.53021837742997
"2017-02-02",2.49603343542208
"2017-02-03",2.53437952096931
"2017-02-06",2.54001184065836
"2017-02-07",2.52064428125711
"2017-02-08",2.54371322625647
"2017-02-09",2.48952644561624
"2017-02-10",2.5485387311124
"2017-02-13",2.49432331779166
"2017-02-14",2.4583105441465
"2017-02-15",2.39806482288214
"2017-02-16",2.33787927225072
"2017-02-17",2.32524556820764
"2017-02-20",2.33383507050195
"2017-02-21",2.29309456718125
"2017-02-22",2.31828462855838
"2017-02-23",2.28185371990899
"2017-02-24",2.31193471556268
"2017-03-01",2.32389183763604
"2017-03-02",2.33092609657308
"2017-03-03",2.2928136864434
"2017-03-06",2.29055840640951
"2017-03-07",2.25041975886851
"2017-03-08",2.40408098057616
"2017-03-09",2.35871180526437
"2017-03-10",2.32651919295766
"2017-03-13",2.26406888780061
"2017-03-14",2.52764101059317
"2017-03-15",2.70337011532242
"2017-03-16",2.78900163552294
"2017-03-17",2.91030713160237
"2017-03-20",2.95387886268443
"2017-03-21",3.09228001914553
"2017-03-22",3.25738836722935
"2017-03-23",3.14971155597241
"2017-03-24",3.04032433436391
"2017-03-27",2.9981840079702
"2017-03-28",2.91071896860303
"2017-03-29",2.98952047254947
"2017-03-30",2.88365339010425
"2017-03-31",2.78647391772247
"2017-04-03",2.71966069115364
"2017-04-04",2.65845928115435
"2017-04-05",2.63462783841666
"2017-04-06",2.55886099492942
"2017-04-07",2.50908612642073
"2017-04-10",2.47612866327427
"2017-04-11",2.46505545787818
"2017-04-12",2.38960539689677
"2017-04-13",2.53969851772934
"2017-04-17",2.49773614900394
"2017-04-18",2.4505046140974
"2017-04-19",2.57241644714899
"2017-04-20",2.56628343169165
"2017-04-24",2.50859835243179
"2017-04-25",2.51578711866882
"2017-04-26",2.5363271465194
"2017-04-27",2.52453428549517
"2017-04-28",2.50032858971888
"2017-05-02",2.42502728150058
"2017-05-03",2.37723848134625
"2017-05-04",2.53728735395015
"2017-05-05",2.70366080120443
"2017-05-08",2.6386990471068
"2017-05-09",2.56257675786952
"2017-05-10",2.70138048026774
"2017-05-11",2.62632130566858
"2017-05-12",2.76439569101321
"2017-05-15",2.71539832968333
"2017-05-16",2.63447091116123
"2017-05-17",2.55949745292831
"2017-05-18",3.68554005527109
"2017-05-19",3.73191678358187
"2017-05-22",3.68461794302779
"2017-05-23",3.60349653600225
"2017-05-24",3.68922545331889
"2017-05-25",3.63327768432584
"2017-05-26",3.54744254201072
"2017-05-29",3.47183550255147
"2017-05-30",3.45673016362696
"2017-05-31",3.46629339439997
"2017-06-01",3.40662644584224
"2017-06-02",3.36552422885146
"2017-06-05",3.30684899146835
"2017-06-06",3.23858441604329
"2017-06-07",2.79360905675088
"2017-06-08",2.35528034425958
"2017-06-09",2.19044797683369
"2017-06-12",2.06355737510952
"2017-06-13",1.97958194396505
"2017-06-14",2.13606424518448
"2017-06-15",2.04278160766948
"2017-06-16",2.1989063632434
"2017-06-19",2.09900516547544
"2017-06-20",2.3600415703169
"2017-06-21",2.23558991383264
"2017-06-22",2.35187419698029
"2017-06-23",2.26744663153556
"2017-06-26",2.31541856636717
"2017-06-27",2.22844565751208
"2017-06-28",2.174025199795
"2017-06-29",2.12070920613621
"2017-06-30",2.11168992593926
"2017-07-03",2.05997752160015
"2017-07-04",2.02723885138821
"2017-07-05",2.05535829857215
"2017-07-06",2.02167860632267
"2017-07-07",2.06727775734306
"2017-07-10",2.03514212618681
"2017-07-11",2.14729396495277
"2017-07-12",2.43865559772354
"2017-07-13",2.33129459607779
"2017-07-14",2.27425558331111
"2017-07-17",2.22380645544917
"2017-07-18",2.16670556948163
"2017-07-19",2.19016071666413
"2017-07-20",2.15432273440365
"2017-07-21",2.25058263155825
"2017-07-24",2.21949307368913
"2017-07-25",2.25513075550697
"2017-07-26",2.21593203396394
"2017-07-27",2.17022795859747
"2017-07-28",2.14456784932376
"2017-07-31",2.13149476618433
"2017-08-01",2.12363363146174
"2017-08-02",2.20246189666479
"2017-08-03",2.18661322796013
"2017-08-04",2.15299966684637
"2017-08-07",2.13650448828082
"2017-08-08",2.10910024681092
"2017-08-09",2.08153090181781
"2017-08-10",2.14351032219694
"2017-08-11",2.14566743932537
"2017-08-14",2.11356169661415
"2017-08-15",2.08656318886312
"2017-08-16",2.06453595580993
"2017-08-17",2.05302278040399
"2017-08-18",2.25283493540602
"2017-08-21",2.24093963658381
"2017-08-22",2.31164321122368
"2017-08-23",2.24714423031065
"2017-08-24",2.20049103325164
"2017-08-25",2.16848169476913
"2017-08-28",2.14065356212488
"2017-08-29",2.11871489336043
"2017-08-30",2.19121006886014
"2017-08-31",2.18122332120612
"2017-09-01",2.22229250543487
"2017-09-04",2.19475568772536
"2017-09-05",2.15669531299395
"2017-09-06",2.29320026841725
"2017-09-07",2.23084333460291
"2017-09-08",2.22877580319161
"2017-09-11",2.21675694070502
"2017-09-12",2.17994952776459
"2017-09-13",2.15442032769049
"2017-09-14",2.12293986100911
"2017-09-15",2.09301390913881
"2017-09-18",2.07036582282992
"2017-09-19",2.05625437209167
"2017-09-20",2.27467706726062
"2017-09-21",2.23170722623037
"2017-09-22",2.18436289668407
"2017-09-25",2.15482486982347
"2017-09-26",2.15572077554908
"2017-09-27",2.14918061735532
"2017-09-28",2.11798185008466
"2017-09-29",2.09460094760823
"2017-10-02",2.07929057238658
"2017-10-03",2.20249611666086
"2017-10-04",2.20295912923294
"2017-10-05",2.18676356757533
"2017-10-06",2.16856683155493
"2017-10-09",2.15226671810608
"2017-10-10",2.14648078259874
"2017-10-11",2.12251015136359
"2017-10-12",2.09265766633521
"2017-10-13",2.07028580063244
"2017-10-16",2.05172158808685
"2017-10-17",2.03401263766475
"2017-10-18",2.01589618456811
"2017-10-19",1.99527713298334
"2017-10-20",1.9877051599854
"2017-10-23",1.97066278069941
"2017-10-24",2.01038847878476
"2017-10-25",2.01411735301609
"2017-10-26",1.99087310078102
"2017-10-27",2.01858327751933
"2017-10-30",2.02844421434183
"2017-10-31",2.00486110621944
"2017-11-01",1.99270856962498
"2017-11-02",1.97318673726509
"2017-11-03",1.95591647032563
"2017-11-06",2.0609443238965
"2017-11-07",2.39268964217487
"2017-11-08",2.39340203602765
"2017-11-09",2.32428124058818
"2017-11-10",2.24867823047638
"2017-11-13",2.19048526611067
"2017-11-14",2.81459096353572
"2017-11-15",2.60613524535048
"2017-11-16",2.58043866239047
"2017-11-17",2.4705325087611
"2017-11-20",2.37083449722627
"2017-11-21",2.29425584510882
"2017-11-22",2.24804969264645
"2017-11-23",2.1836745135404
"2017-11-24",2.14077085844159
"2017-11-27",2.12385247579443
"2017-11-28",2.08825414582545
"2017-11-29",2.18373459896204
"2017-11-30",2.13728383399022
"2017-12-01",2.12524897303258
"2017-12-04",2.10019240128487
"2017-12-05",2.08583478760213
"2017-12-06",2.08126376837992
"2017-12-07",2.08884643121902
"2017-12-08",2.06011373445742
"2017-12-11",2.03563867155647
"2017-12-12",2.02159601347988
"2017-12-13",2.0528806121375
"2017-12-14",2.04350495206559
"2017-12-15",2.02214018341579
"2017-12-18",2.04342950779403
"2017-12-19",2.02155614475275
"2017-12-20",2.00516594643616
"2017-12-21",2.18640095900142
"2017-12-22",2.14017276703502
"2017-12-25",2.09950517607174
"2017-12-26",2.08606672481078
"2017-12-27",2.05486053069279
"2017-12-28",2.0276390879603
"2017-12-29",2.00330208908258
"2018-01-02",2.08794296817182
"2018-01-03",2.05525668862434
"2018-01-04",2.0198834978756
"2018-01-05",1.99950135103994
"2018-01-08",1.9985165568726
"2018-01-09",1.97523003390516
"2018-01-10",1.98448704772697
"2018-01-11",2.06240802483142
"2018-01-12",2.0272662715819
"2018-01-15",1.99812555726954
"2018-01-16",2.01214458361424
"2018-01-17",2.20173325914595
"2018-01-18",2.14549362121357
"2018-01-19",2.09591203518859
"2018-01-22",2.07295297587443
"2018-01-23",2.05851096399569
"2018-01-24",2.44168781666124
"2018-01-25",2.3354558299265
"2018-01-26",2.36565376576494
"2018-01-29",2.27758198417732
"2018-01-30",2.25076811236667
"2018-01-31",2.19607576172358
"2018-02-01",2.34527361143337
"2018-02-02",2.35845431916253
"2018-02-05",2.55801675808775
"2018-02-06",2.77550392797251
"2018-02-07",2.73951582444971
"2018-02-08",2.6526215139459
"2018-02-09",2.54335927088264
"2018-02-14",2.53445047155026
"2018-02-15",2.41210924130947
"2018-02-16",2.29905141670517
"2018-02-19",2.3992286817125
"2018-02-20",2.36554984935017
"2018-02-21",2.27736927196564
"2018-02-22",2.30363212101875
"2018-02-23",2.27826897868823
"2018-02-26",2.23598964267433
"2018-02-27",2.15046253889993
"2018-02-28",2.08292968096596
"2018-03-01",2.10967284221262
"2018-03-02",2.14348259255015
"2018-03-05",2.22325512273441
"2018-03-06",2.16318118784373
"2018-03-07",2.11517082932718
"2018-03-08",2.05806307396756
"2018-03-09",2.18701115077271
"2018-03-12",2.11990869248666
"2018-03-13",2.07844321483663
"2018-03-14",2.05602843677948
"2018-03-15",2.39530149582776
"2018-03-16",2.28743837931097
"2018-03-19",2.29394333661346
"2018-03-20",2.22754560760756
"2018-03-21",2.42257899175514
"2018-03-22",2.35153762730371
"2018-03-23",2.24486752754069
"2018-03-26",2.19442071057168
"2018-03-27",2.24761723151993
"2018-03-28",2.1894019673718
"2018-03-29",2.13828828856542
"2018-04-02",2.17966292774718
"2018-04-03",2.12990123265963
"2018-04-04",2.11945288354367
"2018-04-05",2.28512960000534
"2018-04-06",2.20799661014545
"2018-04-09",2.34168035851214
"2018-04-10",2.52216338670804
"2018-04-11",2.45800111812668
"2018-04-12",2.34839130448088
"2018-04-13",2.34396921822605
"2018-04-16",2.38743412359663
"2018-04-17",2.35431601627268
"2018-04-18",2.50349086424585
"2018-04-19",2.44830288944487
"2018-04-20",2.337599184394
"2018-04-23",2.24179328427806
"2018-04-24",2.15951514822371
"2018-04-25",2.27014428326237
"2018-04-26",2.49285937085851
"2018-04-27",2.36395673284408
"2018-04-30",2.2867428279109
"2018-05-02",2.25111515854984
"2018-05-03",2.18238868158773
"2018-05-04",2.13349953941682
"2018-05-07",2.13259660921801
"2018-05-08",2.10641207773507
"2018-05-09",2.79624677810066
"2018-05-10",2.84828832000632
"2018-05-11",2.69202096227205
"2018-05-14",2.6980050257433
"2018-05-15",2.62630918877601
"2018-05-16",2.55989145967306
"2018-05-17",2.90437365269942
"2018-05-18",2.74662448233147
"2018-05-21",2.71180099397592
"2018-05-22",2.58666186085591
"2018-05-23",3.10661718153893
"2018-05-24",4.9257148993583
"2018-05-25",4.45750864109668
"2018-05-28",6.40274650301201
"2018-05-29",7.25093785466654
"2018-05-30",6.36742268945786
"2018-06-01",7.99455587811209
"2018-06-04",7.61644700741725
"2018-06-05",7.01294307204903
"2018-06-06",6.19083280550417
"2018-06-07",5.65551890395124
"2018-06-08",5.17968062390686
"2018-06-11",4.58387542734724
"2018-06-12",3.958768550346
"2018-06-13",3.50494329315896
"2018-06-14",3.02610568420038
"2018-06-15",2.68720393259321
"2018-06-18",2.79351012092056
"2018-06-19",3.4529229981572
"2018-06-20",3.63789922283977
"2018-06-21",4.1689856731015
"2018-06-22",3.7682867076637
"2018-06-25",3.70860187340634
"2018-06-26",3.43378153084519
"2018-06-27",3.33875319985258
"2018-06-28",3.04634300943203
"2018-06-29",3.04891914113306
"2018-07-02",2.87194873517688
"2018-07-03",2.63534900684857
"2018-07-04",2.46725766388882
"2018-07-05",2.33156737544134
"2018-07-06",2.19279372068339
"2018-07-10",2.12568204689029
"2018-07-11",2.15544777537271
"2018-07-12",2.31518504310973
"2018-07-13",2.22378022315822
"2018-07-16",2.16071168612512
"2018-07-17",2.21840783338271
"2018-07-18",2.16039392446189
"2018-07-19",2.1765993111043
"2018-07-20",2.61834040987509
"2018-07-23",2.44654745744729
"2018-07-24",2.41108381935018
"2018-07-25",2.31499781414699
"2018-07-26",2.39461630492595
"2018-07-27",2.34281352754613
"2018-07-30",2.22870290334713
"2018-07-31",2.1462980364942
"2018-08-01",2.11836349393158
"2018-08-02",2.14820830744722
"2018-08-03",2.36078020924777
"2018-08-06",2.23775447879677
"2018-08-07",2.20227786909885
"2018-08-08",2.29912923047816
"2018-08-09",2.21292457901112
"2018-08-10",2.45773740531767
"2018-08-13",2.43673953743784
"2018-08-14",2.29386719861485
"2018-08-15",2.71117768171241
"2018-08-16",2.52626851584752
"2018-08-17",2.53172698272513
"2018-08-20",2.3626453847572
"2018-08-21",2.54305811025466
"2018-08-22",2.66676441683618
"2018-08-23",2.59620038031549
"2018-08-24",2.51506684528975
"2018-08-27",2.48088156649858
"2018-08-28",2.42396578542626
"2018-08-29",2.86934052731717
"2018-08-30",2.8128027892133
"2018-08-31",2.74788524119484
"2018-09-03",2.60012237939595
"2018-09-04",2.52077362285422
"2018-09-05",2.36914053976721
"2018-09-06",2.2854854811688
"2018-09-10",2.23098788232081
"2018-09-11",2.55034602722589
"2018-09-12",2.54050276696818
"2018-09-13",2.4303040212335
"2018-09-14",2.30170397200189
"2018-09-17",2.45817627874515
"2018-09-18",2.75238909794376
"2018-09-19",2.61773139520592
"2018-09-20",2.46456220320756
"2018-09-21",2.37452670637723
"2018-09-24",2.26560865954843
"2018-09-25",2.15953659447944
"2018-09-26",2.08337123051673
"2018-09-27",2.85177028541501
"2018-09-28",2.7160165005922
"2018-10-01",2.53789005002639
"2018-10-02",3.58669582623478
"2018-10-03",3.54673551836855
"2018-10-04",3.24236940905883
"2018-10-05",2.96807700347035
"2018-10-08",4.35352993396663
"2018-10-09",3.90837443661177
"2018-10-10",3.6575954339102
"2018-10-11",3.47407473076962
"2018-10-15",3.22552825098512
"2018-10-16",3.22328206427194
"2018-10-17",2.97120655525671
"2018-10-18",2.92929527082551
"2018-10-19",2.71781116284722
"2018-10-22",2.66651293104389
"2018-10-23",2.53019381149292
"2018-10-24",2.48508816174693
"2018-10-25",2.49726844034723
"2018-10-26",2.84920171070668
"2018-10-29",3.05033544935983
"2018-10-30",3.4519417788688
"2018-10-31",3.23021933658103
"2018-11-01",3.0155497993184
"2018-11-05",3.01960839745163
"2018-11-06",3.10552763415493
"2018-11-07",3.16102732038927
"2018-11-08",3.27109781728197
"2018-11-09",3.04133899323714
"2018-11-12",2.81004010035627
"2018-11-13",3.1504948886506
"2018-11-14",3.2427675410844
"2018-11-16",3.23054225980676
"2018-11-19",3.03360829169613
"2018-11-21",3.13886599857055
"2018-11-22",2.928846505658
"2018-11-23",3.04008842712335
"2018-11-26",2.82948745358499
"2018-11-27",3.26157697951009
"2018-11-28",3.11061156753465
"2018-11-29",2.94731030650325
"2018-11-30",2.77480917889297
"2018-12-03",2.71869959923009
"2018-12-04",2.73030202545444
"2018-12-05",2.57414010614774
"2018-12-06",2.8868582294282
"2018-12-07",2.71509446872389
"2018-12-10",3.18102748152391
"2018-12-11",3.04926210311463
"2018-12-12",2.88601293043249
"2018-12-13",2.69901057731495
"2018-12-14",2.57863477976076
"2018-12-17",2.43893924282878
"2018-12-18",2.74821285688582
"2018-12-19",2.61956793069754
"2018-12-20",2.82175238118269
"2018-12-21",2.65117828603011
"2018-12-26",2.90768634403103
"2018-12-27",2.75115706221731
"2018-12-28",3.03196118730798
"2019-01-02",3.34192831462992
"2019-01-03",3.28314029206674
"2019-01-04",3.16962783950992
"2019-01-07",3.08607146137736
"2019-01-08",2.96504597937427
"2019-01-09",2.9357299879564
"2019-01-10",2.8177216074602
"2019-01-11",2.68274828284365
"2019-01-14",2.50486818265085
"2019-01-15",2.34821656101597
"2019-01-16",2.21561397526353
"2019-01-17",2.19386652354731
"2019-01-18",2.14613911189129
"2019-01-21",2.0851834036992
"2019-01-22",2.1143065557906
"2019-01-23",2.10503970244742
"2019-01-24",2.06448871775396
"2019-01-28",2.27075204718318
"2019-01-29",2.33163104729364
"2019-01-30",2.26710681819302
"2019-01-31",2.19459802670514
"2019-02-01",2.15424504478884
"2019-02-04",2.12310750918911
"2019-02-05",2.07867164079118
"2019-02-06",2.1728221258672
"2019-02-07",2.17892701486058
"2019-02-08",2.12245247764135
"2019-02-11",2.10299698812096
"2019-02-12",2.34243918423444
"2019-02-13",2.28964769121554
"2019-02-14",2.46053611277133
"2019-02-15",2.35402391869647
"2019-02-18",2.26340051811229
"2019-02-19",2.30837771124213
"2019-02-20",2.26279443299875
"2019-02-21",2.23167420546951
"2019-02-22",2.18995041195114
"2019-02-25",2.193504177394
"2019-02-26",2.14008367897493
"2019-02-27",2.17580573330112
"2019-02-28",2.11818773359642
"2019-03-01",2.11646847474629
"2019-03-06",2.07242951184834
"2019-03-07",2.03404349474215
"2019-03-08",2.00453026483424
"2019-03-11",2.3507297668193
"2019-03-12",2.27954185020157
"2019-03-13",2.30786105168197
"2019-03-14",2.2287943335077
"2019-03-15",2.16499611633742
"2019-03-18",2.1570419446763
"2019-03-19",2.14732825557406
"2019-03-20",2.10193442615693
"2019-03-21",2.09660649655131
"2019-03-22",2.66332705602886
"2019-03-25",2.55419278669394
"2019-03-26",2.80323442248677
"2019-03-27",3.00651924391802
"2019-03-28",2.92580619425893
"2019-03-29",2.7437210975821
"2019-04-01",2.59399150386577
"2019-04-02",2.4879484728336
"2019-04-03",2.51857985630644
"2019-04-04",2.61214379218179
"2019-04-05",2.51206359568416
"2019-04-08",2.45593537424255
"2019-04-09",2.36112249409584
"2019-04-10",2.31057619154922
"2019-04-11",2.3853747237846
"2019-04-12",3.31965303770719
"2019-04-15",3.09888870433153
"2019-04-16",3.06104755741955
"2019-04-17",2.87776410890006
"2019-04-18",2.86861136531529
"2019-04-22",2.72436942921058
"2019-04-23",2.60196569193158
"2019-04-24",2.49033970678977
"2019-04-25",2.38698957186769
"2019-04-26",2.37842947321065
"2019-04-29",2.29725638109267
"2019-04-30",2.24188935450206
"2019-05-02",2.22259276597758
"2019-05-03",2.16904243427287
"2019-05-06",2.12077322033079
"2019-05-07",2.13305816553563
"2019-05-08",2.37854111628481
"2019-05-09",2.37418616953241
"2019-05-10",2.28069138605901
"2019-05-13",2.37696414788879
"2019-05-14",2.29501568295326
"2019-05-15",2.22761672317531
"2019-05-16",2.28059864333289
"2019-05-17",2.32077512491581
"2019-05-20",2.45683048701781
"2019-05-21",2.61348896684362
"2019-05-22",2.4901618009131
"2019-05-23",2.43942578041449
"2019-05-24",2.36385202649902
"2019-05-27",2.28970421738359
"2019-05-28",2.30997042176591
"2019-05-29",2.26510130146971
"2019-05-30",2.23777082699506
"2019-05-31",2.28633390854367
"2019-06-03",2.2772767541195
"2019-06-04",2.22760966239305
"2019-06-05",2.20755725064225
"2019-06-06",2.20832837750319
"2019-06-07",2.22172820171029
"2019-06-10",2.17282032594259
"2019-06-11",2.19842074957263
"2019-06-12",2.17454132922835
"2019-06-13",2.15791982595895
"2019-06-14",2.11417321819886
"2019-06-17",2.07798596358706
"2019-06-18",2.07422846938357
"2019-06-19",2.04265004996637
"2019-06-21",2.17156524215
"2019-06-24",2.12176755180303
"2019-06-25",2.22080102917024
"2019-06-26",2.17159632321684
"2019-06-27",2.17565168427721
"2019-06-28",2.13402909600241
"2019-07-01",2.09258114748763
"2019-07-02",2.11245144470667
"2019-07-03",2.10652492575815
"2019-07-04",2.07665158822601
"2019-07-05",2.03972257327266
"2019-07-08",2.02501044632459
"2019-07-10",2.04441276210024
"2019-07-11",2.04002161062498
"2019-07-12",2.00807438383519
"2019-07-15",2.00646318962953
"2019-07-16",2.01131211531084
"2019-07-17",1.9850442288931
"2019-07-18",1.95509666446595
"2019-07-19",1.92374481024934
"2019-07-22",1.89637548829573
"2019-07-23",1.8693200547817
"2019-07-24",1.85401271985737
"2019-07-25",1.91215034061472
"2019-07-26",2.08119664803428
"2019-07-29",2.0474999755576
"2019-07-30",2.00725720538026
"2019-07-31",1.973678793074
"2019-08-01",1.94453848140596
"2019-08-02",1.93572314955942
"2019-08-05",2.21580931746054
"2019-08-06",2.17595626786851
"2019-08-07",2.13974153602354
"2019-08-08",2.25486381458367
"2019-08-09",2.1815084373553
"2019-08-12",2.24122760291565
"2019-08-13",2.19737224289789
"2019-08-14",2.37150427349749
"2019-08-15",2.43632858554222
"2019-08-16",2.3708591219863
"2019-08-19",2.29153218623249
"2019-08-20",2.21105032311826
"2019-08-21",2.75361321440795
"2019-08-22",2.62637571821317
"2019-08-23",2.76251948601947
"2019-08-26",2.64753207139894
"2019-08-27",2.55279974167373
"2019-08-28",2.47195965947278
"2019-08-29",2.6151027586199
"2019-08-30",2.48459602282405
"2019-09-02",2.40184780030502
"2019-09-03",2.32067443961908
"2019-09-04",2.3692255607061
"2019-09-05",2.28645863842228
"2019-09-06",2.20604055094214
"2019-09-09",2.18656291793842
"2019-09-10",2.13099735159208
"2019-09-11",2.09094866492429
"2019-09-12",2.05084872698613
"2019-09-13",2.01449889878563
"2019-09-16",2.35876993200933
"2019-09-17",2.29624581902385
"2019-09-18",2.27424076418538
"2019-09-19",2.19920127246248
"2019-09-20",2.15811995334928
"2019-09-23",2.16465972864087
"2019-09-24",2.11783821918966
"2019-09-25",2.06282492281695
"2019-09-26",2.05446592314293
"2019-09-27",2.00917119492397
"2019-09-30",1.97289017433632
"2019-10-01",1.96739966864424
"2019-10-02",2.05622531092986
"2019-10-03",2.02761745479899
"2019-10-04",2.01304615190719
"2019-10-07",2.01295166466196
"2019-10-08",1.99833966545238
"2019-10-09",2.02325207188071
"2019-10-10",2.01344514556414
"2019-10-11",2.03805646630933
"2019-10-14",2.01533979524224
"2019-10-15",2.00940615516763
"2019-10-16",2.0079855095343
"2019-10-17",2.00121835521548
"2019-10-18",1.98051222699795
"2019-10-21",1.96389903725325
"2019-10-22",2.03814421464706
"2019-10-23",2.03558770135702
"2019-10-24",2.06728000635828
"2019-10-25",2.16319637106021
"2019-10-28",2.2321519812038
"2019-10-29",1.79976759465031
"2019-10-30",2.1319892030324
"2019-10-31",2.03850576749411
"2019-11-01",1.87117862745178
"2019-11-04",1.84729686244206
"2019-11-05",2.08394284627403
"2019-11-06",1.98065450353204
"2019-11-07",2.12676103602426
"2019-11-08",2.38257323208982
"2019-11-11",2.32676068249701
"2019-11-12",2.25215847877285
"2019-11-13",2.06903366728792
"2019-11-14",2.19923683503337
"2019-11-18",2.03613498929952
"2019-11-19",2.00468379311869
"2019-11-21",2.32373576988404
"2019-11-22",2.24464648944916
"2019-11-25",2.05727417615733
"2019-11-26",2.07079599322083
"2019-11-27",2.02883283727629
"2019-11-28",2.00631377375252
"2019-11-29",2.01094939251777
"2019-12-02",1.98706804217871
"2019-12-03",1.93076600490272
"2019-12-04",1.93909719083033
"2019-12-05",1.91578101751879
"2019-12-06",1.90595676066643
"2019-12-09",1.89814763022564
"2019-12-10",1.87310064943462
"2019-12-11",1.8505368017458
"2019-12-12",1.80063449245367
"2019-12-13",1.88623232785046
"2019-12-16",1.83912046346548
"2019-12-17",1.81072942776368
"2019-12-18",2.05947443110314
"2019-12-19",1.82492885425646
"2019-12-20",1.78676127149962
"2019-12-23",1.85224766716466
"2019-12-26",1.76729929380266
"2019-12-27",1.75403834929275
"2019-12-30",1.71698317383536
"2020-01-02",1.81139187969791
"2020-01-03",1.72145287305468
"2020-01-06",1.75104545358153
"2020-01-07",1.72097548854024
"2020-01-08",1.67223996739759
"2020-01-09",1.65188979869788
"2020-01-10",1.6131978925989
"2020-01-13",1.56873437156065
"2020-01-14",1.54826560679669
"2020-01-15",1.56505978970405
"2020-01-16",1.48362939842495
"2020-01-17",1.44532845508944
"2020-01-20",1.37268771640559
"2020-01-21",1.36349063499942
"2020-01-22",1.3424555382196
"2020-01-23",1.33509776191
"2020-01-24",1.32450875995657
"2020-01-27",2.22444547392031
"2020-01-28",2.32337532448595
"2020-01-29",2.18487491015068
"2020-01-30",2.07958648069957
"2020-01-31",2.12409140888513
"2020-02-03",1.99833488908863
"2020-02-04",2.05753144372552
"2020-02-05",1.92108488737432
"2020-02-06",2.12890807811399
"2020-02-07",1.99198458457934
"2020-02-10",2.00575693163204
"2020-02-11",1.8935081751806
"2020-02-12",2.03655086951138
"2020-02-13",1.93098966767376
"2020-02-14",1.88230747470866
"2020-02-17",1.81733765597769
"2020-02-18",1.79896020219549
"2020-02-19",2.04196925110585
"2020-02-20",2.08063744778366
"2020-02-21",2.17168556979805
"2020-02-26",4.02734984468449
"2020-02-27",3.97624044485284
"2020-02-28",3.5789262465641
"2020-03-02",3.66305512431443
"2020-03-03",3.4278846487845
"2020-03-04",3.35240749973793
"2020-03-05",3.77130476609455
"2020-03-06",4.95653992377914
"2020-03-09",13.9550454412263
"2020-03-10",12.8962852461359
"2020-03-11",12.1145385955797
"2020-03-12",14.128255776828
"2020-03-13",14.8818153956949
"2020-03-16",14.7468280290671
"2020-03-17",13.0808607518066
"2020-03-18",12.9457583498188
"2020-03-19",11.9064761325857
"2020-03-20",10.5231418646194
"2020-03-23",9.39147170933267
"2020-03-24",10.2727012485748
"2020-03-25",9.67492154068509
"2020-03-26",8.5272581552873
"2020-03-27",8.29074647525978
"2020-03-30",7.26815543525406
"2020-03-31",6.70910600992859
"2020-04-01",5.85557513096995
"2020-04-02",6.38277500807447
"2020-04-03",5.6047265215362
"2020-04-06",5.05440809860809
"2020-04-07",4.79198726593916
"2020-04-08",4.89819668389781
"2020-04-09",4.52881325951595
"2020-04-13",4.00464380688476
"2020-04-14",3.57410140723277
"2020-04-15",3.3263762529016
"2020-04-16",3.49629767310345
"2020-04-17",3.33059568110492
"2020-04-20",3.03744104765181
"2020-04-22",3.43313071786932
"2020-04-23",3.15166705760973
"2020-04-24",3.7637201712528
"2020-04-27",3.63378267613413
"2020-04-28",3.79130374682276
"2020-04-29",4.04427243227009
"2020-04-30",3.93139294273361
"2020-05-04",3.91663461551687
"2020-05-05",3.56162006540029
"2020-05-06",3.58186921204022
"2020-05-07",3.28962416520466
"2020-05-08",3.76792253336998
"2020-05-11",3.5225635117161
"2020-05-12",3.2197254969687
"2020-05-13",3.48467591870365
"2020-05-14",2.9531340434013
"2020-05-15",3.17682606982284
"2020-05-18",4.09404702451608
"2020-05-19",3.8110169872967
"2020-05-20",3.75234466999252
"2020-05-21",3.53049219041401
"2020-05-22",3.46838629532824
"2020-05-25",3.60250195830331
"2020-05-26",3.41446073296544
"2020-05-27",3.27240869517738
"2020-05-28",2.71535942502526
"2020-05-29",3.16091327595279
"2020-06-01",3.02868242227787
"2020-06-02",3.39308272741829
"2020-06-03",3.22996869492251
"2020-06-04",3.094144551758
"2020-06-05",3.14817143364505
"2020-06-08",3.09163229735221
"2020-06-09",3.21654521696455
"2020-06-10",3.11671792748565
"2020-06-12",3.25929710948067
"2020-06-15",3.11794001501516
"2020-06-16",3.18248368735742
"2020-06-17",3.05100560807999
"2020-06-18",2.94341509964247
"2020-06-19",2.84609104620659
"2020-06-22",2.88998053179187
"2020-06-23",2.97827106434488
"2020-06-24",3.06626681585528
"2020-06-25",2.99636200040729
"2020-06-26",3.09797529996427
"2020-06-29",3.25423368745727
"2020-06-30",3.10610495128782
"2020-07-01",2.99804476233212
"2020-07-02",2.96052668659994
"2020-07-03",2.86810955954315
"2020-07-06",2.89205177004752
"2020-07-07",2.83375268118545
"2020-07-08",2.81830145394884
"2020-07-09",2.83847855055012
"2020-07-10",2.74966979054425
"2020-07-13",2.78253823239929
"2020-07-14",2.89741890278933
"2020-07-15",2.89111068204853
"2020-07-16",2.93359894433935
"2020-07-17",2.79698635370469
"2020-07-20",2.6760786608016
"2020-07-21",2.78350247001492
"2020-07-22",2.72088609626189
"2020-07-23",2.74177069840014
"2020-07-24",2.64108653027778
"2020-07-27",2.66450847419465
"2020-07-28",2.72393253000617
"2020-07-29",2.70571171664367
"2020-07-30",2.68360035400163
"2020-07-31",2.76824282499569
"2020-08-03",2.75127016597835
"2020-08-04",2.67380180327942
"2020-08-05",3.38779585064007
"2020-08-06",3.17952242949742
"2020-08-07",3.08266496310826
"2020-08-10",3.1228895230811
"2020-08-11",3.01709657911113
"2020-08-12",2.89356432111077
"2020-08-13",2.99307082998848
"2020-08-14",2.82803731081257
"2020-08-17",2.73410376194686
"2020-08-18",2.71924186801216
"2020-08-19",2.65270193541989
"2020-08-20",2.3510806927385
"2020-08-21",2.26089505491115
"2020-08-24",2.26924999657227
"2020-08-25",2.19414054597833
"2020-08-26",2.29580209708919
"2020-08-27",2.20423217781314
"2020-08-28",2.19891065329794
"2020-08-31",2.30870931851475
"2020-09-01",2.85573896266622
"2020-09-02",2.51341707780016
"2020-09-03",2.33597108180737
"2020-09-04",2.22536291968834
"2020-09-08",2.33469444336187
"2020-09-09",2.35057300633624
"2020-09-10",2.52629175040338
"2020-09-11",2.35588175491297
"2020-09-14",2.26948412341378
"2020-09-15",2.17635537282782
"2020-09-16",2.11574814486126
"2020-09-17",2.12334009286596
"2020-09-18",2.15854096736808
"2020-09-21",2.32597503970353
"2020-09-22",2.22324241099428
"2020-09-23",2.31521864585559
"2020-09-24",2.22687445390191
"2020-09-25",2.18253373955242
"2020-09-28",2.2422492900127
"2020-09-29",2.21696625009745
"2020-09-30",2.18616870068236
"2020-10-01",2.14030922800926
"2020-10-02",2.38955265113868
"2020-10-05",2.89213303916209
"2020-10-06",2.7665977948683
"2020-10-07",2.60790460784926
"2020-10-08",2.71149392884218
"2020-10-09",2.83919382727253
"2020-10-13",2.73894559434994
"2020-10-14",2.59815619735463
"2020-10-15",2.52277886423294
"2020-10-16",2.51250978169264
"2020-10-19",2.452806175227
"2020-10-20",2.55523169168423
"2020-10-21",2.46232005938577
"2020-10-22",2.57125328762295
"2020-10-23",2.49628949123559
"2020-10-26",2.46202936547988
"2020-10-27",2.45122830609068
"2020-10-28",2.92997851306692
"2020-10-29",3.08308676405201
"2020-10-30",2.93175357078488
"2020-11-03",3.16356238141183
"2020-11-04",2.8763435265196
"2020-11-05",2.69624069005474
"2020-11-06",2.5876922557157
"2020-11-09",4.17174575403503
"2020-11-10",4.51595948805088
"2020-11-11",4.21016873776823
"2020-11-12",4.18511125130027
"2020-11-13",4.06922475260157
"2020-11-16",3.93573874299768
"2020-11-17",3.68832261257596
"2020-11-18",3.4888082325529
"2020-11-19",3.23684815697797
"2020-11-23",3.64158100724156
"2020-11-24",3.76160386264112
"2020-11-25",3.53025161664052
"2020-11-26",3.36587908208838
"2020-11-27",3.20289260534529
"2020-11-30",3.14812208539072
"2020-12-01",3.13989019725511
"2020-12-02",3.01529538928282
"2020-12-03",2.77512026545326
"2020-12-04",3.10095574195688
"2020-12-07",3.0176673634851
"2020-12-08",2.90648946532901
"2020-12-09",2.78203305894788
"2020-12-10",2.90761506522648
"2020-12-11",2.78479476602651
"2020-12-14",2.65418793275654
"2020-12-15",2.5510046091473
"2020-12-16",2.48809847917015
"2020-12-17",2.37662675435113
"2020-12-18",2.2854269500367
"2020-12-21",2.66268856437926
"2020-12-22",2.55447710908273
"2020-12-23",2.62109820819045
"2020-12-28",2.54996282551609
"2020-12-29",2.12697485738647
"2020-12-30",2.27770096905393
"2021-01-04",2.43337115100053
"2021-01-05",2.68210706766482
"2021-01-06",2.55629555117802
"2021-01-07",2.67598312189302
"2021-01-08",2.51177762844378
"2021-01-11",2.42285744922541
"2021-01-12",2.41366731689484
"2021-01-13",2.8033171736551
"2021-01-14",2.67051935965658
"2021-01-15",3.12446909271859
"2021-01-18",2.81124365498649
"2021-01-19",2.78791210065272
"2021-01-20",2.71511614694055
"2021-01-21",2.72607655283187
"2021-01-22",2.73859733517735
"2021-01-26",2.54196890476384
"2021-01-27",2.49369056919415
"2021-01-28",2.45179622190816
"2021-01-29",2.67900516578288
"2021-02-01",2.79658597048312
"2021-02-02",3.13601194446894
"2021-02-03",2.96204347123901
"2021-02-04",2.80644948098443
"2021-02-05",2.56084020738357
"2021-02-08",2.61132184882293
"2021-02-09",2.60092086925552
"2021-02-10",2.58213080426638
"2021-02-11",2.49670090926839
"2021-02-12",2.40606114256925
"2021-02-17",2.64796301955141
"2021-02-18",2.3961634678123
"2021-02-19",3.52119822512598
"2021-02-22",8.88503896909324
"2021-02-23",8.98936129419905
"2021-02-24",8.0856164208128
"2021-02-25",7.5565880730574
"2021-02-26",7.00087013071237
"2021-03-01",6.35368087898698
"2021-03-02",5.76095211959008
"2021-03-03",5.40555096698065
"2021-03-04",5.20887286553114
"2021-03-05",4.74148142429897
"2021-03-08",4.86003616780029
"2021-03-09",4.57537756964334
"2021-03-10",4.30377228791839
"2021-03-11",4.32035250804414
"2021-03-12",3.86319378497741
"2021-03-15",3.73018182346494
"2021-03-16",3.35698591471702
"2021-03-17",3.51043103531852
"2021-03-18",3.36688016052688
"2021-03-19",3.52454104112185
"2021-03-22",3.36877842685928
"2021-03-23",3.35760418193978
"2021-03-24",3.14916846524036
"2021-03-25",3.03339377364429
"2021-03-26",2.90555689953513
"2021-03-29",2.82758999537373
"2021-03-30",2.69402529310378
"2021-03-31",2.62482981914323
"2021-04-01",2.55557620104234
"2021-04-05",2.48808408964064
"2021-04-06",2.42279237373131
"2021-04-07",2.36360022595555
"2021-04-08",2.16158013603723
"2021-04-09",1.86812303084459
"2021-04-12",2.00715061815547
"2021-04-13",1.81149416760073
"2021-04-14",1.86859532121018
"2021-04-15",1.96852580013563
"2021-04-16",1.914313333661
"2021-04-19",3.0610378104347
"2021-04-20",2.72073841927884
"2021-04-22",2.47541041974697
"2021-04-23",2.37167165187853
"2021-04-26",2.12133121911809
"2021-04-27",2.30078126139566
"2021-04-28",2.84956802331043
"2021-04-29",2.4966104231754
"2021-04-30",2.3498028485865
"2021-05-03",2.1683996331807
"2021-05-04",2.24819386474042
"2021-05-05",2.68770291824982
"2021-05-06",2.55779173568624
"2021-05-07",2.86982348997938
"2021-05-10",2.59063040006233
"2021-05-11",2.65174292758616
"2021-05-12",2.56081821788651
"2021-05-13",2.41244096512897
"2021-05-14",2.87876487589035
"2021-05-17",2.72479252931017
"2021-05-18",2.73898005879688
"2021-05-19",2.52338723993718
"2021-05-20",2.37397749567889
"2021-05-21",2.20321137960032
"2021-05-24",2.20157463076905
"2021-05-25",2.26868479227693
"2021-05-26",2.16364539760888
"2021-05-27",2.06442553454914
"2021-05-28",2.55210143057294
"2021-05-31",2.32032059363447
"2021-06-01",2.30133711567672
"2021-06-02",2.3231121123741
"2021-06-04",2.39429723941437
"2021-06-07",2.2486360754117
"2021-06-08",2.29911788142066
"2021-06-09",2.06816898221266
"2021-06-10",1.98513076276558
"2021-06-11",1.92753412723129
"2021-06-14",1.8896614296118
"2021-06-15",1.87180986677952
"2021-06-16",1.8347199644459
"2021-06-17",2.07309765172603
"2021-06-18",2.00923157925295
"2021-06-21",2.05578990751779
"2021-06-22",1.99136167595883
"2021-06-23",1.94547239537701
"2021-06-24",1.92842536402218
"2021-06-25",1.96088656375483
"2021-06-28",1.90937242648789
"2021-06-29",1.87298691076902
"2021-06-30",1.85369040192124
"2021-07-01",1.85558668778629
"2021-07-02",1.82723060475754
"2021-07-05",1.82701743236551
"2021-07-06",2.12937086268706
"2021-07-07",2.28382520490649
"2021-07-08",2.09628372903194
"2021-07-12",2.02018838806413
"2021-07-13",1.97195869579039
"2021-07-14",1.93188892405417
"2021-07-15",1.97741627447936
"2021-07-16",1.96555167914655
"2021-07-19",1.96695643077463
"2021-07-20",1.94493139170978
"2021-07-21",1.94111915460174
"2021-07-22",1.88593922922187
"2021-07-23",1.86253508230098
"2021-07-26",1.96471593344241
"2021-07-27",1.94019477359033
"2021-07-28",1.9768033138483
"2021-07-29",1.91938078976653
"2021-07-30",2.08422808136478
"2021-08-02",2.09116578631244
"2021-08-03",2.07370186908228
"2021-08-04",2.11030903531951
"2021-08-05",3.13891624107046
"2021-08-06",2.7771750790559
"2021-08-09",2.51946823320201
"2021-08-10",2.75200623774094
"2021-08-11",2.2232118086142
"2021-08-12",2.06452306657304
"2021-08-13",2.08040533905795
"2021-08-16",2.13249008591453
"2021-08-17",2.00675502864821
"2021-08-18",1.98268937556144
"2021-08-19",1.94183616473595
"2021-08-20",1.93746603397897
"2021-08-23",1.93612718568527
"2021-08-24",1.95407855999542
"2021-08-25",1.9293518080028
"2021-08-26",1.91268703510346
"2021-08-27",2.00615112291761
"2021-08-30",1.96634996820604
"2021-08-31",2.13326475313897
"2021-09-01",2.04430156160663
"2021-09-02",2.03303959753862
"2021-09-03",1.99524186546725
"2021-09-06",1.95414059052293
"2021-09-08",2.29203273185814
"2021-09-09",2.3679459554519
"2021-09-10",2.13522602238306
"2021-09-13",2.33778001129059
"2021-09-14",2.29224840682396
"2021-09-15",2.19654196101253
"2021-09-16",2.10716890488931
"2021-09-17",2.52400534707203
"2021-09-20",2.37375710128678
"2021-09-21",2.38626041589097
"2021-09-22",2.44204378093054
"2021-09-23",2.74448492539298
"2021-09-24",2.49792239218291
"2021-09-27",2.34354490587028
"2021-09-28",2.1993185922275
"2021-09-29",2.18222723328764
"2021-09-30",2.09349820827414
"2021-10-01",2.20879454818001
"2021-10-04",2.33767376647203
"2021-10-05",2.32700266142949
"2021-10-06",2.37708943590575
"2021-10-07",2.26271981930265
"2021-10-08",2.2444602531155
"2021-10-11",2.17651136367775
"2021-10-13",2.14766118720514
"2021-10-14",2.07739726813499
"2021-10-15",2.02929881793637
"2021-10-18",1.93418845946687
"2021-10-19",2.48701625683696
"2021-10-20",2.22487878879709
"2021-10-21",2.51925473242958
"2021-10-22",2.40300839791641
"2021-10-25",3.78012706755384
"2021-10-26",2.97683288595685
"2021-10-27",2.6799566387473
"2021-10-28",2.54363935278548
"2021-10-29",3.45415328476891
"2021-11-01",3.27783220289652
"2021-11-03",3.51076578439729
"2021-11-04",3.43453166317263
"2021-11-05",3.06336724320761
"2021-11-08",2.87960720614042
"2021-11-09",2.81392525817684
"2021-11-10",2.67234720993861
"2021-11-11",2.54776829678357
"2021-11-12",2.52809213261429
"2021-11-16",2.43481407311709
"2021-11-17",2.46941333506273
"2021-11-18",2.3469116435844
"2021-11-19",2.31879757910138
"2021-11-22",2.24854751863253
"2021-11-23",2.79370207028961
"2021-11-24",2.61576535756559
"2021-11-25",2.93086229956578
"2021-11-26",3.14465621626984
"2021-11-29",3.18733241463478
"2021-11-30",2.82504711440352
"2021-12-01",2.65301456757865
"2021-12-02",4.03026685052119
"2021-12-03",3.3054872208094
"2021-12-06",2.98606242934545
"2021-12-07",2.8710494552652
"2021-12-08",2.77527549783825
"2021-12-09",2.61163087968255
"2021-12-10",2.48959832154886
"2021-12-13",2.43100638934228
"2021-12-14",2.37590496437639
"2021-12-15",2.29875298818123
"2021-12-16",2.2606479013195
"2021-12-17",2.3031272168394
"2021-12-20",2.36582721124759
"2021-12-21",2.27126366245831
"2021-12-22",2.20011623898199
"2021-12-23",2.14687468576075
"2021-12-27",2.13007285582559
"2021-12-28",2.0717073415219
"2021-12-29",2.03467485800832
"2021-12-30",1.98593748513201
"2022-01-03",2.04648720175822
"2022-01-04",1.99198697162047
"2022-01-05",2.30610595233325
"2022-01-06",2.1540837732102
"2022-01-07",2.08441341170913
"2022-01-10",2.03658992305658
"2022-01-11",2.15964705757013
"2022-01-12",2.28023425351149
"2022-01-13",2.25033850862524
"2022-01-14",2.48880453922793
"2022-01-17",2.29244111237099
"2022-01-18",2.2000933100273
"2022-01-19",2.1359469990096
"2022-01-20",2.09064381876554
"2022-01-21",2.04231933582586
"2022-01-24",2.00436519841726
"2022-01-25",2.17892285846542
"2022-01-26",2.24714571237195
"2022-01-27",2.12955279520415
"2022-01-28",2.44555470141023
"2022-01-31",2.26479547528431
"2022-02-01",2.25586732858477
"2022-02-02",2.21316534017365
"2022-02-03",2.18628817625543
"2022-02-04",2.16354539621799
"2022-02-07",2.14145814425136
"2022-02-08",2.09724264597813
"2022-02-09",2.0450003212784
"2022-02-10",2.04634300388414
"2022-02-11",2.3662570149342
"2022-02-14",2.33616645742652
"2022-02-15",2.26640990151025
"2022-02-16",2.34084780621153
"2022-02-17",2.13269878750022
"2022-02-18",2.08164846680274
"2022-02-21",2.14224864818294
"2022-02-22",2.19901573382041
"2022-02-23",2.02357208133554
"2022-02-24",2.1147926602454
"2022-02-25",2.16761692183247
"2022-03-02",2.10184824926093
"2022-03-03",2.13463156165569
"2022-03-04",2.13618954863845
"2022-03-07",3.69148118999045
"2022-03-08",3.41915157969087
"2022-03-09",3.12147074804472
"2022-03-10",3.12900140269958
"2022-03-11",3.14859999461171
"2022-03-14",2.86057508356234
"2022-03-15",2.80543152422134
"2022-03-16",2.72026937019669
"2022-03-17",2.70523573573401
"2022-03-18",2.62030859243654
"2022-03-21",2.72054061412228
"2022-03-22",2.60222082967947
"2022-03-23",2.53828840040446
"2022-03-24",2.47754990655049
"2022-03-25",2.34702903191367
"2022-03-28",2.41375458160203
"2022-03-29",2.41794840967772
"2022-03-30",2.41452009006036
"2022-03-31",2.36393047403009
"2022-04-01",2.31808122293041
"2022-04-04",2.26087146329937
"2022-04-05",2.13391304969773
"2022-04-06",2.08174674098785
"2022-04-07",2.69428137997807
"2022-04-08",2.57586879362955
"2022-04-11",2.44403131356134
"2022-04-12",2.35757517431767
"2022-04-13",2.37327461830654
"2022-04-14",2.31055753074244
"2022-04-18",2.3059541560623
"2022-04-19",2.33830706205674
"2022-04-20",2.35727262000792
"2022-04-22",2.56841969773259
"2022-04-25",2.49337807144674
"2022-04-26",2.4234836749174
"2022-04-27",2.34045601732351
"2022-04-28",2.25793076988823
"2022-04-29",2.15186299847503
"2022-05-02",2.1054642988159
"2022-05-03",2.06366520033242
"2022-05-04",3.03376352129149
"2022-05-05",2.72606414982777
"2022-05-06",2.74699454295051
"2022-05-09",2.7286646050975
"2022-05-10",2.60412139851379
"2022-05-11",2.67750767650702
"2022-05-12",2.57171014677925
"2022-05-13",2.43975069994264
"2022-05-16",2.40552546342499
"2022-05-17",2.35221907406292
"2022-05-18",2.34262213699517
"2022-05-19",2.32324658848999
"2022-05-20",2.32315020253484
"2022-05-23",2.50646494750088
"2022-05-24",2.50905955257847
"2022-05-25",2.45117621697469
"2022-05-26",2.37906388336604
"2022-05-27",2.67531653720761
"2022-05-30",2.61008499400135
"2022-05-31",2.51500926623864
"2022-06-01",2.43128398680616
"2022-06-02",2.35774701345697
"2022-06-03",2.33105116369551
"2022-06-06",2.24667019154818
"2022-06-07",2.18496551455385
"2022-06-08",2.11453212352475
"2022-06-09",2.12723519539353
"2022-06-10",2.12574685988324
"2022-06-13",2.11628626144382
"2022-06-14",2.09209080400849
"2022-06-15",2.16568191781418
"2022-06-17",3.12433566844044
"2022-06-20",2.89123486267686
"2022-06-21",2.75217924909461
"2022-06-22",2.59975537233426
"2022-06-23",2.52647217845172
"2022-06-24",2.42692083441548
"2022-06-27",3.30751160224243
"2022-06-28",3.04483315259035
"2022-06-29",2.8075718623542
"2022-06-30",2.66427243434545
"2022-07-01",2.57876375748405
"2022-07-04",2.53122620653245
"2022-07-05",2.6753062170196
"2022-07-06",2.55709258054423
"2022-07-07",2.55993905488605
"2022-07-08",2.48638306451582
"2022-07-11",2.3914237110733
"2022-07-12",2.35267988780291
"2022-07-13",2.26458049500535
"2022-07-14",2.35831783644867
"2022-07-15",2.33251104315441
"2022-07-18",2.34396044515881
"2022-07-19",2.32631426497117
"2022-07-20",2.26419840985825
"2022-07-21",2.20155115215906
"2022-07-22",2.16021988458751
"2022-07-25",2.52256886110351
"2022-07-26",2.3005054256966
"2022-07-27",2.23392487007222
"2022-07-28",2.3976084645049
"2022-07-29",2.89339256720941
"2022-08-01",2.72560888386727
"2022-08-02",2.59396083699585
"2022-08-03",2.48526376567954
"2022-08-04",2.39562411206543
"2022-08-05",2.37149413062412
"2022-08-08",2.71461592610555
"2022-08-09",2.59109125197429
"2022-08-10",2.49002721971713
"2022-08-11",2.45432004433325
"2022-08-12",3.44648113235467
"2022-08-15",3.06365105705079
"2022-08-16",2.82586213510249
"2022-08-17",2.73564665416308
"2022-08-18",2.63425140557282
"2022-08-19",2.96732225658174
"2022-08-22",2.85021849668245
"2022-08-23",2.82282161130466
"2022-08-24",2.66911903143092
"2022-08-25",2.55606272446776
"2022-08-26",2.47279115019281
"2022-08-29",2.48018989960689
"2022-08-30",3.07698596560903
"2022-08-31",2.93744916740607
"2022-09-01",2.79033827870237
"2022-09-02",2.66198438759326
"2022-09-05",2.55373594154633
"2022-09-06",2.66737621700108
"2022-09-08",2.56464821653636
"2022-09-09",2.46532084282953
"2022-09-12",2.38986762386151
"2022-09-13",2.42405966769116
"2022-09-14",2.3795520940331
"2022-09-15",2.30053915987304
"2022-09-16",2.28563179990991
"2022-09-19",2.23006626662875
"2022-09-20",2.19371966792091
"2022-09-21",2.08356164564322
"2022-09-22",2.23365086528714
"2022-09-23",3.07946551790163
"2022-09-26",2.90021879650943
"2022-09-27",2.72856396917019
"2022-09-28",2.58602802824277
"2022-09-29",2.47089436252051
"2022-09-30",2.40902932219687
"2022-10-03",3.72199881930411
"2022-10-04",3.44896061363137
"2022-10-05",3.45259175136463
"2022-10-06",3.34849735032414
"2022-10-07",3.00589897069988
"2022-10-10",2.80553095013329
"2022-10-11",2.62529114697913
"2022-10-13",2.63848907679768
"2022-10-14",2.53108821892916
"2022-10-17",2.41073115623818
"2022-10-18",2.43520503736285
"2022-10-19",2.53733412098584
"2022-10-20",2.55437657752711
"2022-10-21",2.60760744535851
"2022-10-24",4.72038129493977
"2022-10-25",4.201983737345
"2022-10-26",3.56568201218942
"2022-10-27",3.06755418698693
"2022-10-28",2.87151414986869
"2022-10-31",4.7008936915427
"2022-11-01",3.98088087035393
"2022-11-03",3.4830310964509
"2022-11-04",3.99771597486834
"2022-11-07",4.0793989098929
"2022-11-08",3.70173830538033
"2022-11-09",3.40744270454723
"2022-11-10",3.25447879483265
"2022-11-11",3.16333628626652
"2022-11-14",3.06115932673369
"2022-11-16",2.8770794975934
"2022-11-17",2.74209200803717
"2022-11-18",2.64680217121584
"2022-11-21",2.5290308423251
"2022-11-22",3.24808719531319
"2022-11-23",3.07096236266496
"2022-11-24",3.01559000000676
"2022-11-25",2.8614461699629
"2022-11-28",2.77576178827229
"2022-11-29",2.84677255685536
"2022-11-30",3.09772572272974
"2022-12-01",3.19622109893401
"2022-12-02",2.97456163078819
"2022-12-05",2.80952135876008
"2022-12-06",2.66020073180719
"2022-12-07",2.55242705215415
"2022-12-08",2.5320945353293
"2022-12-09",2.43540365405124
"2022-12-12",2.56738540612829
"2022-12-13",2.54340143956471
"2022-12-14",4.06368146774278
"2022-12-15",3.36141220845209
"2022-12-16",2.89479506047306
"2022-12-19",2.77723807516242
"2022-12-20",2.78273952181406
"2022-12-21",2.71883747490498
"2022-12-22",2.66675932007721
"2022-12-23",2.81741952628173
"2022-12-26",2.6845005461927
"2022-12-27",2.60009208990739
"2022-12-28",2.51073148819654
"2022-12-29",2.44811929709623
"2023-01-02",2.95402810003663
"2023-01-03",2.86648552896967
"2023-01-04",2.85380682446006
"2023-01-05",2.88965365785873
"2023-01-06",2.71088720875313
"2023-01-09",2.59268521107878
"2023-01-10",2.49807023213833
"2023-01-11",2.48839502694563
"2023-01-12",2.37703527862925
"2023-01-13",2.26481073168163
"2023-01-16",2.36495889717215
"2023-01-17",2.91861151610863
"2023-01-18",2.67208218131142
"2023-01-19",2.70955730192263
"2023-01-20",2.60751623172489
"2023-01-23",2.53609785284973
"2023-01-24",2.46199810771415
"2023-01-25",2.40770972359128
"2023-01-26",2.44752268345767
"2023-01-27",2.45737519612356
"2023-01-30",2.38338308702515
"2023-01-31",2.33998664581572
"2023-02-01",2.31035656310469
"2023-02-02",2.56965703163196
"2023-02-03",2.48759914951565
"2023-02-06",2.59052889335428
"2023-02-07",2.48810022669774
"2023-02-08",2.44423170065016
"2023-02-09",2.37137398701567
"2023-02-10",2.43068454603681
"2023-02-13",2.3550527287185
"2023-02-14",2.28651490616439
"2023-02-15",2.21363613436654
"2023-02-16",2.1339359198004
"2023-02-17",2.20464470280102
"2023-02-22",2.2768861483202
"2023-02-23",2.36024787088381
"2023-02-24",2.37544140652843
"2023-02-27",2.31587113770948
"2023-02-28",2.42597562273641
"2023-03-01",2.34594617796114
"2023-03-02",2.37775349092108
"2023-03-03",2.53668496220251
"2023-03-06",2.45441568212885
"2023-03-07",2.51867256797248
"2023-03-08",2.44371333734808
"2023-03-09",2.36125141225191
"2023-03-10",2.31857552666062
"2023-03-13",2.40788024152733
"2023-03-14",2.3837087535244
"2023-03-15",2.34641609275974
"2023-03-16",2.28877382455768
"2023-03-17",2.24719167538542
"2023-03-20",2.29619553501573
"2023-03-21",2.29628180636239
"2023-03-22",2.23705813499634
"2023-03-23",2.26937877180386
"2023-03-24",2.20710029021915
"2023-03-27",2.20760159636071
"2023-03-28",2.20646256788393
"2023-03-29",2.17669402093091
"2023-03-30",2.12531504510825
"2023-03-31",2.18114981585978
"2023-04-03",2.38783182099375
"2023-04-04",2.31247293241619
"2023-04-05",2.2396938620404
"2023-04-06",2.21869905727016
"2023-04-10",2.23426036040164
"2023-04-11",2.45018991817078
"2023-04-12",2.36208806594913
"2023-04-13",2.2950689297234
"2023-04-14",2.25566042835503
"2023-04-17",2.23823615589249
"2023-04-18",2.27703579391037
"2023-04-19",2.35434272634187
"2023-04-20",2.30282331273136
"2023-04-24",2.27801194816148
"2023-04-25",2.23104978629945
"2023-04-26",2.20743400010196
"2023-04-27",2.23953184288989
"2023-04-28",2.25569002696196
"2023-05-02",2.40990009309143
"2023-05-03",2.33895168371635
"2023-05-04",2.30551476093208
"2023-05-05",2.45877009708195
"2023-05-08",2.42814639269311
"2023-05-09",2.36305318985532
"2023-05-10",2.30719796379913
"2023-05-11",2.39937182109484
"2023-05-12",2.43355411973229
"2023-05-15",2.42364173103359
"2023-05-16",2.4169842122641
"2023-05-17",2.39175548385586
"2023-05-18",2.29884617103596
"2023-05-19",2.20914223504433
"2023-05-22",2.14098018573849
"2023-05-23",2.23815450079121
"2023-05-24",2.21663675883057
"2023-05-25",2.16819558666502
"2023-05-26",2.14705700073776
"2023-05-29",2.09074849579654
"2023-05-30",2.07526094719458
"2023-05-31",2.0516149970206
"2023-06-01",2.21711724069065
"2023-06-02",2.15494567375306
"2023-06-05",2.1198845038342
"2023-06-06",2.14597373176449
"2023-06-07",2.21153937613443
"2023-06-09",2.50856188472137
"2023-06-12",2.38669252889872
"2023-06-13",2.27227708652331
"2023-06-14",2.46195437519955
"2023-06-15",2.4228607407195
"2023-06-16",2.32605523435618
"2023-06-19",2.34768327334774
"2023-06-20",2.27649209784779
"2023-06-21",2.44155402663955
"2023-06-22",2.36075436855122
"2023-06-23",2.51775313715436
"2023-06-26",2.46893040733566
"2023-06-27",2.39088562186742
"2023-06-28",2.30589990811978
"2023-06-29",2.23999720466655
"2023-06-30",2.50380568236395
"2023-07-03",2.445435167901
"2023-07-04",2.35312844926267
"2023-07-05",2.29156954828449
"2023-07-06",2.27112906270184
"2023-07-07",2.21774508643942
"2023-07-10",2.14909742769036
"2023-07-11",2.14977092249717
"2023-07-12",2.07103561482318
"2023-07-13",2.11028236265175
"2023-07-14",2.16958380384639
"2023-07-17",2.09937879437307
"2023-07-18",2.03465136395934
"2023-07-19",1.99981046335328
"2023-07-20",1.91395200176742
"2023-07-21",2.0479486539653
"2023-07-24",2.12593397598813
"2023-07-25",2.18104756233292
"2023-07-26",2.10836130168797
"2023-07-27",2.57233118627732
"2023-07-28",2.42405166113646
"2023-07-31",2.66438490052238
"2023-08-01",2.50613661934128
"2023-08-02",2.34288644593523
"2023-08-03",2.27801841002391
"2023-08-04",2.35982969235901
"2023-08-07",2.28386840000849
"2023-08-08",2.2144078670266
"2023-08-09",2.16318550725642
"2023-08-10",2.09460754890622
"2023-08-11",2.01133701728917
"2023-08-14",1.9072108267664
"2023-08-15",1.85673393565645
"2023-08-16",2.10340035128241
"2023-08-17",2.01480221946944
"2023-08-18",1.92329265622751
"2023-08-21",1.86925940361884
"2023-08-22",1.96336236742837
"2023-08-23",2.67563350889051
"2023-08-24",2.55132556965839
"2023-08-25",2.4184377303861
"2023-08-28",2.21853825966473
"2023-08-29",2.13162739252445
"2023-08-30",2.05968069574308
"2023-08-31",2.13747884454091
"2023-09-01",2.1768642087923
"2023-09-04",2.138874559153
"2023-09-05",2.29076129137779
"2023-09-06",2.30604536335306
"2023-09-08",2.1488769515882
"2023-09-11",2.1060509761623
"2023-09-12",2.00971103888781
"2023-09-13",2.04239065970624
"2023-09-14",2.16746176000409
"2023-09-15",2.07669060198066
"2023-09-18",2.03445850490536
"2023-09-19",1.97264299913784
"2023-09-20",1.90471308077336
"2023-09-21",1.97992857919763
"2023-09-22",1.94466264292715
"2023-09-25",1.89454172308101
"2023-09-26",2.07125107228201
"2023-09-27",2.23616907578227
"2023-09-28",2.22004925249225
"2023-09-29",2.04659182447069
"2023-10-02",2.04681933082101
"2023-10-03",1.99685328200194
"2023-10-04",2.27442115410923
"2023-10-05",2.16430345668626
"2023-10-06",2.18752397110777
"2023-10-09",2.41454291988324
"2023-10-10",2.28367519074692
"2023-10-11",2.19682678702275
"2023-10-13",2.29260827841958
"2023-10-16",2.22855465428148
"2023-10-17",2.27205850445141
"2023-10-18",2.27280989448885
"2023-10-19",2.20196290020162
"2023-10-20",2.17410708952226
"2023-10-23",3.07689587616068
"2023-10-24",2.63811397009497
"2023-10-25",2.43978005342032
"2023-10-26",2.36639405290105
"2023-10-27",2.31832397067482
"2023-10-30",2.28857813190589
"2023-10-31",2.2585186284814
"2023-11-01",2.24539439144428
"2023-11-03",2.22133395166623
"2023-11-06",2.1897529407741
"2023-11-07",2.19118043154422
"2023-11-08",2.21075022353636
"2023-11-09",2.21856045949112
"2023-11-10",2.18211363503518
"2023-11-13",2.23186846481032
"2023-11-14",2.20114325953186
"2023-11-16",2.20242831334191
"2023-11-17",2.29756984953815
"2023-11-20",2.23207961384653
"2023-11-21",2.17508472918905
"2023-11-22",2.1453819697512
"2023-11-23",2.12607502387386
"2023-11-24",2.10160243869147
"2023-11-27",1.98796377897405
"2023-11-28",2.0631294864531
"2023-11-29",2.04966989870648
"2023-11-30",2.06125592125503
"2023-12-01",2.03331503497422
"2023-12-04",2.07001734887488
"2023-12-05",2.03932512503181
"2023-12-06",2.20470545872318
"2023-12-07",2.1204787194442
"2023-12-08",2.21186776625619
"2023-12-11",2.13723199312415
"2023-12-12",2.10793258098255
"2023-12-13",2.09696948022181
"2023-12-14",2.1213610578463
"2023-12-15",2.08823502314277
"2023-12-18",2.07567579195428
"2023-12-19",2.06508690364371
"2023-12-20",2.04929054628956
"2023-12-21",2.0256446529047
"2023-12-22",2.01398049058936
"2023-12-26",2.02879850597524
"2023-12-27",2.00725822245086
"2023-12-28",1.98340845357277
"2024-01-02",1.99151123479192
"2024-01-03",2.10443102345529
"2024-01-04",2.05303370637343
"2024-01-05",2.0225390466084
"2024-01-08",2.00880330485936
"2024-01-09",1.98525955497861
"2024-01-10",1.97958124836389
"2024-01-11",1.96767041999011
"2024-01-12",1.95443651044265
"2024-01-15",1.94947318346079
"2024-01-16",1.95280466597491
"2024-01-17",1.93856219192373
"2024-01-18",1.91750945512992
"2024-01-19",1.90549382192756
"2024-01-22",1.69070845225869
"2024-01-23",1.90358504064704
"2024-01-24",1.89327064730971
"2024-01-25",2.09564730975785
"2024-01-26",2.05624632708028
"2024-01-29",2.02876398616404
"2024-01-30",1.99744205376077
"2024-01-31",1.9871805997353
"2024-02-01",2.01180623451416
"2024-02-02",1.99507331427495
"2024-02-05",1.97443571201674
"2024-02-06",1.96696960008971
"2024-02-07",1.9766584686336
"2024-02-08",1.9592362829624
"2024-02-09",1.94473353664224
"2024-02-14",1.94069576909891
"2024-02-15",2.05918644928787
"2024-02-16",2.01570404393297
"2024-02-19",1.98308303058963
"2024-02-20",1.93059417421044
"2024-02-21",1.94270979209299
"2024-02-22",1.93290669973014
"2024-02-23",1.90842831720541
"2024-02-26",1.93071459407479
"2024-02-27",1.90231453634657
"2024-02-28",2.45216078377224
"2024-02-29",2.17846190497546
"2024-03-01",2.08193330487992
"2024-03-04",2.04100118816299
"2024-03-05",2.0150466945541
"2024-03-06",2.04074681460902
"2024-03-07",2.02166736255925
"2024-03-08",5.08052543276185
"2024-03-11",3.9498594213658
"2024-03-12",3.59678747256393
"2024-03-13",2.94096473658932
"2024-03-14",2.63496979186507
"2024-03-15",2.50216575743047
"2024-03-18",2.42416972823614
"2024-03-19",2.37605222874568
"2024-03-20",2.35407870586153
"2024-03-21",2.39084536217211
"2024-03-22",2.34166232559057
"2024-03-25",2.317228795169
"2024-03-26",2.27777289141806
"2024-03-27",2.25012048333527
"2024-03-28",2.26470211955187
"2024-04-01",2.22949399780671
"2024-04-02",2.25244909908823
"2024-04-03",2.20846205471931
"2024-04-04",2.1884270727275
"2024-04-05",2.15535366213517
"2024-04-08",2.14040085170721
"2024-04-09",2.11052974065531
"2024-04-10",2.13831744911243
"2024-04-11",2.10726615131549
"2024-04-12",2.08427563725724
"2024-04-15",2.06891797882279
"2024-04-16",1.90631901489961
"2024-04-17",1.88595700448977
"2024-04-18",1.86285650492925
"2024-04-19",1.86566427377449
"2024-04-22",2.05899191525557
"2024-04-23",1.8641973649779
"2024-04-24",1.98710881777794
"2024-04-25",2.02938642078343
"2024-04-26",2.0159723836007
"2024-04-29",2.00267013334615
"2024-04-30",1.97329670467812
"2024-05-02",1.94948897463107
"2024-05-03",1.94890046556631
"2024-05-06",1.93022373339267
"2024-05-07",1.92676064805841
"2024-05-08",1.93397106985904
"2024-05-09",1.73936566681076
"2024-05-10",1.71547125279108
"2024-05-13",1.68889317812152
"2024-05-14",1.90257263943965
"2024-05-15",2.82240521659738
"2024-05-16",2.6819878418937
"2024-05-17",2.39519428886354
"2024-05-20",1.9902204727613
"2024-05-21",1.93501423812892
"2024-05-22",1.91940838332138
"2024-05-23",1.90649163892299
"2024-05-24",2.02347556750562
"2024-05-27",1.84107622251953
"2024-05-28",1.86228798566945
"2024-05-29",1.83238631608106
"2024-05-31",1.8775574795476
"2024-06-03",1.84899580934453
"2024-06-04",2.02376688791883
"2024-06-05",1.98534028751061
"2024-06-06",1.94974610482101
"2024-06-07",1.89585265320336
"2024-06-10",1.88530295191637
"2024-06-11",1.81913401114448
"2024-06-12",2.04158473397062
"2024-06-13",1.809729007381
"2024-06-14",2.05837020670123
"2024-06-17",1.98704679237906
"2024-06-18",2.08263961246604
"2024-06-19",2.0410499142339
"2024-06-20",2.03732052212291
"2024-06-21",1.82077283598592
"2024-06-24",1.98972228824211
"2024-06-25",1.94566888036263
"2024-06-26",1.90828152390217
"2024-06-27",1.94071061498786
"2024-06-28",1.91962116179845
"2024-07-01",1.93460627706792
"2024-07-02",1.89566263689778
"2024-07-03",1.92416517605704
"2024-07-04",1.90097171039201
"2024-07-05",1.87088608500849
"2024-07-08",1.92174994806383
"2024-07-09",1.89772311840432
"2024-07-10",1.87014129372985
"2024-07-11",1.85190648194097
"2024-07-12",1.82204683977597
"2024-07-15",1.81294959426309
"2024-07-16",1.78283990336961
"2024-07-17",1.7641863250498
"2024-07-18",1.73806987633707
"2024-07-19",1.71429575201103
"2024-07-22",1.78804047511202
"2024-07-23",1.59856278678176
"2024-07-24",1.58339180418639
"2024-07-25",1.56389968854842
"2024-07-26",1.54554048303459
"2024-07-29",1.56303543689737
"2024-07-30",1.54591127950369
"2024-07-31",1.565390375431
"2024-08-01",1.57045505300155
"2024-08-02",1.6366525583357
"2024-08-05",1.86044669407122
"2024-08-06",1.61460215433557
"2024-08-07",1.58897841565282
"2024-08-08",1.59133128377188
"2024-08-09",1.57794282241712
"2024-08-12",1.60591480060598
"2024-08-13",1.58371379012064
"2024-08-14",1.59118674016097
"2024-08-15",1.59176084732546
"2024-08-16",1.56851503461821
"2024-08-19",1.54784401543301
"2024-08-20",1.53039377157746
"2024-08-21",1.51077265841838
"2024-08-22",1.49291184049434
"2024-08-23",1.47627616847749
"2024-08-26",1.8409418421994
"2024-08-27",1.81553729114776
"2024-08-28",1.80161827848817
"2024-08-29",1.77031687180191
"2024-08-30",1.74556863362349
"2024-09-02",1.73002308431291
"2024-09-03",1.72101961779946
"2024-09-04",1.70113801696744
"2024-09-05",1.68496402168297
"2024-09-06",1.6937329063038
"2024-09-09",1.68828520295683
"2024-09-10",1.68499927866717
"2024-09-11",1.66640229728732
"2024-09-12",1.89659626715289
"2024-09-13",1.64210046701885
"2024-09-16",1.63858962140778
"2024-09-17",1.62267162259294
"2024-09-18",1.64755084378513
"2024-09-19",1.6292560725844
"2024-09-20",1.61094642471468
"2024-09-23",1.60083663391858
"2024-09-24",1.58595417638585
"2024-09-25",1.57354345610161
"2024-09-26",1.59192215454365
"2024-09-27",1.57688848018496
"2024-09-30",1.55947612239977
"2024-10-01",1.59571849159828
"2024-10-02",1.59232612451173
"2024-10-03",1.58473056618919
"2024-10-04",1.565034743879
"2024-10-07",1.56164257677721
"2024-10-08",1.57965464342732
"2024-10-09",1.5655822393589
"2024-10-10",1.56445855011085
"2024-10-11",1.54012968803333
"2024-10-14",1.52010257448182
"2024-10-15",1.51391341736608
"2024-10-16",1.50392102451868
"2024-10-17",1.48783394973593
"2024-10-18",1.46903329852638
"2024-10-21",1.47910751678916
"2024-10-22",1.46375989720513
"2024-10-23",1.46280600726277
"2024-10-24",1.45141813031886
"2024-10-25",1.43832511405946
"2024-10-28",1.42500089584388
"2024-10-29",1.40630186080682
"2024-10-30",1.39332178194577
"2024-10-31",1.37319994425531
"2024-11-01",1.37729575747988
"2024-11-04",1.35754400395363
"2024-11-05",1.3573097297929
"2024-11-06",1.32416468420779
"2024-11-07",1.31507932777227
"2024-11-08",1.34358975067606
"2024-11-11",1.33287606307148
"2024-11-12",1.35366563705096
"2024-11-13",1.33276442704534
"2024-11-14",1.33176510054899
"2024-11-18",1.38497313410682
"2024-11-19",1.38106711330863
"2024-11-21",1.36575340057388
"2024-11-22",1.50018279816336
"2024-11-25",1.46828545717996
"2024-11-26",1.44343285441041
"2024-11-27",1.42708730322965
"2024-11-28",1.42195715083754
"2024-11-29",1.41040591181024
"2024-12-02",1.40051709102603
"2024-12-03",1.39100120565393
"2024-12-04",1.38189017993775
"2024-12-05",1.37642987778457
"2024-12-06",1.38397300934027
"2024-12-09",1.43220684014282
"2024-12-10",1.40795176294587
"2024-12-11",1.39976058207686
"2024-12-12",1.41571213130236
